"pkg","date","metric","value"
"",2026-07-30,"bsky_followers",541
"",2026-07-31,"bsky_followers",541
"",2026-08-01,"bsky_followers",541
"",2026-08-02,"bsky_followers",541
"",2026-08-03,"bsky_followers",541
"",2026-08-04,"bsky_followers",541
"",2026-08-05,"bsky_followers",541
"",2026-08-06,"bsky_followers",541
"",2026-08-07,"bsky_followers",541
"",2026-08-08,"bsky_followers",542
"",2026-08-09,"bsky_followers",542
"",2026-08-10,"bsky_followers",542
"",2026-08-11,"bsky_followers",542
"",2026-08-12,"bsky_followers",542
"",2026-08-20,"bsky_followers",544
"",2026-08-21,"bsky_followers",544
"",2026-08-22,"bsky_followers",545
"",2026-08-23,"bsky_followers",545
"",2026-08-24,"bsky_followers",545
"",2026-08-25,"bsky_followers",546
"",2026-08-26,"bsky_followers",546
"",2026-08-27,"bsky_followers",546
"",2026-08-28,"bsky_followers",549
"",2026-08-29,"bsky_followers",549
"",2026-08-30,"bsky_followers",549
"",2026-08-31,"bsky_followers",549
"",2026-09-01,"bsky_followers",549
"",2026-09-02,"bsky_followers",549
"",2026-09-03,"bsky_followers",550
"",2026-09-04,"bsky_followers",550
"",2026-09-05,"bsky_followers",550
"",2026-07-30,"bsky_posts",80
"",2026-07-31,"bsky_posts",80
"",2026-08-01,"bsky_posts",80
"",2026-08-02,"bsky_posts",80
"",2026-08-03,"bsky_posts",80
"",2026-08-04,"bsky_posts",80
"",2026-08-05,"bsky_posts",80
"",2026-08-06,"bsky_posts",80
"",2026-08-07,"bsky_posts",80
"",2026-08-08,"bsky_posts",80
"",2026-08-09,"bsky_posts",80
"",2026-08-10,"bsky_posts",80
"",2026-08-11,"bsky_posts",80
"",2026-08-12,"bsky_posts",80
"",2026-08-20,"bsky_posts",82
"",2026-08-21,"bsky_posts",82
"",2026-08-22,"bsky_posts",82
"",2026-08-23,"bsky_posts",82
"",2026-08-24,"bsky_posts",82
"",2026-08-25,"bsky_posts",82
"",2026-08-26,"bsky_posts",82
"",2026-08-27,"bsky_posts",82
"",2026-08-28,"bsky_posts",83
"",2026-08-29,"bsky_posts",83
"",2026-08-30,"bsky_posts",83
"",2026-08-31,"bsky_posts",83
"",2026-09-01,"bsky_posts",83
"",2026-09-02,"bsky_posts",83
"",2026-09-03,"bsky_posts",83
"",2026-09-04,"bsky_posts",83
"",2026-09-05,"bsky_posts",83
"",2026-07-13,"website_visits",29
"",2026-07-14,"website_visits",25
"",2026-07-15,"website_visits",11
"",2026-07-16,"website_visits",9
"",2026-07-17,"website_visits",2
"",2026-07-18,"website_visits",6
"",2026-07-19,"website_visits",4
"",2026-07-20,"website_visits",8
"",2026-07-21,"website_visits",15
"",2026-07-22,"website_visits",53
"",2026-07-23,"website_visits",170
"",2026-07-24,"website_visits",60
"",2026-07-25,"website_visits",30
"",2026-07-26,"website_visits",15
"",2026-07-27,"website_visits",22
"",2026-07-28,"website_visits",54
"",2026-07-29,"website_visits",81
"",2026-07-30,"website_visits",59
"",2026-07-31,"website_visits",66
"",2026-08-01,"website_visits",8
"",2026-08-02,"website_visits",10
"",2026-08-03,"website_visits",40
"",2026-08-04,"website_visits",36
"",2026-08-05,"website_visits",60
"",2026-08-06,"website_visits",29
"",2026-08-07,"website_visits",39
"",2026-08-08,"website_visits",6
"",2026-08-09,"website_visits",18
"",2026-08-10,"website_visits",65
"",2026-08-11,"website_visits",38
"",2026-08-12,"website_visits",40
"",2026-08-13,"website_visits",31
"",2026-08-14,"website_visits",65
"",2026-08-15,"website_visits",22
"",2026-08-16,"website_visits",9
"",2026-08-17,"website_visits",95
"",2026-08-18,"website_visits",59
"",2026-08-19,"website_visits",66
"",2026-08-20,"website_visits",86
"",2026-08-21,"website_visits",44
"",2026-08-22,"website_visits",24
"",2026-08-23,"website_visits",27
"",2026-08-24,"website_visits",40
"",2026-08-25,"website_visits",24
"",2026-08-26,"website_visits",29
"",2026-08-27,"website_visits",87
"",2026-08-28,"website_visits",98
"",2026-08-29,"website_visits",23
"",2026-08-30,"website_visits",10
"",2026-08-31,"website_visits",43
"",2026-09-01,"website_visits",75
"",2026-09-02,"website_visits",42
"",2026-09-03,"website_visits",40
"",2026-09-04,"website_visits",44
"",2026-09-05,"website_visits",2
"",2026-09-01,"youtube_subscribers",214
"",2026-09-02,"youtube_subscribers",214
"",2026-09-03,"youtube_subscribers",214
"",2026-09-04,"youtube_subscribers",214
"",2026-09-05,"youtube_subscribers",214
"palaeoverse",2022-09-03,"citations",1
"palaeoverse",2022-10-17,"citations",2
"palaeoverse",2022-10-31,"citations",3
"palaeoverse",2023-06-01,"citations",4
"palaeoverse",2023-06-28,"citations",5
"palaeoverse",2023-10-04,"citations",6
"palaeoverse",2023-10-17,"citations",7
"palaeoverse",2023-10-20,"citations",9
"palaeoverse",2023-11-02,"citations",10
"palaeoverse",2023-11-28,"citations",11
"palaeoverse",2024-01-01,"citations",12
"palaeoverse",2024-01-11,"citations",13
"palaeoverse",2024-02-05,"citations",14
"palaeoverse",2024-02-06,"citations",15
"palaeoverse",2024-02-19,"citations",16
"palaeoverse",2024-02-20,"citations",17
"palaeoverse",2024-03-05,"citations",18
"palaeoverse",2024-05-15,"citations",19
"palaeoverse",2024-06-27,"citations",20
"palaeoverse",2024-06-29,"citations",21
"palaeoverse",2024-07-25,"citations",22
"palaeoverse",2024-10-30,"citations",23
"palaeoverse",2024-11-01,"citations",24
"palaeoverse",2024-11-05,"citations",25
"palaeoverse",2024-11-26,"citations",26
"palaeoverse",2024-12-06,"citations",27
"palaeoverse",2025-01-01,"citations",28
"palaeoverse",2025-01-05,"citations",29
"palaeoverse",2025-01-23,"citations",30
"palaeoverse",2025-02-01,"citations",31
"palaeoverse",2025-04-08,"citations",32
"palaeoverse",2025-04-09,"citations",33
"palaeoverse",2025-05-01,"citations",35
"palaeoverse",2025-05-05,"citations",36
"palaeoverse",2025-05-22,"citations",37
"palaeoverse",2025-07-17,"citations",38
"palaeoverse",2025-08-05,"citations",39
"palaeoverse",2025-08-07,"citations",40
"palaeoverse",2025-08-11,"citations",41
"palaeoverse",2025-08-19,"citations",42
"palaeoverse",2025-09-01,"citations",43
"palaeoverse",2025-10-03,"citations",44
"palaeoverse",2026-03-05,"citations",45
"palaeoverse",2026-03-11,"citations",46
"palaeoverse",2026-04-09,"citations",47
"palaeoverse",2026-05-01,"citations",48
"palaeoverse",2026-06-15,"citations",49
"palaeoverse",2026-07-22,"citations",50
"palaeoverse",2022-06-21,"closed_issues",3
"palaeoverse",2022-06-22,"closed_issues",4
"palaeoverse",2022-06-23,"closed_issues",5
"palaeoverse",2022-07-15,"closed_issues",7
"palaeoverse",2022-07-18,"closed_issues",8
"palaeoverse",2022-09-08,"closed_issues",10
"palaeoverse",2022-10-02,"closed_issues",11
"palaeoverse",2022-10-04,"closed_issues",12
"palaeoverse",2022-10-07,"closed_issues",13
"palaeoverse",2022-10-08,"closed_issues",14
"palaeoverse",2022-10-10,"closed_issues",15
"palaeoverse",2022-10-14,"closed_issues",16
"palaeoverse",2022-10-17,"closed_issues",17
"palaeoverse",2022-10-21,"closed_issues",18
"palaeoverse",2022-11-24,"closed_issues",19
"palaeoverse",2022-11-28,"closed_issues",20
"palaeoverse",2022-12-02,"closed_issues",22
"palaeoverse",2022-12-08,"closed_issues",24
"palaeoverse",2022-12-20,"closed_issues",25
"palaeoverse",2022-12-21,"closed_issues",28
"palaeoverse",2022-12-22,"closed_issues",29
"palaeoverse",2022-12-29,"closed_issues",30
"palaeoverse",2022-12-30,"closed_issues",31
"palaeoverse",2023-01-12,"closed_issues",32
"palaeoverse",2023-02-14,"closed_issues",33
"palaeoverse",2023-02-24,"closed_issues",34
"palaeoverse",2023-03-07,"closed_issues",35
"palaeoverse",2023-03-13,"closed_issues",36
"palaeoverse",2023-04-17,"closed_issues",37
"palaeoverse",2023-07-18,"closed_issues",38
"palaeoverse",2023-11-15,"closed_issues",39
"palaeoverse",2023-12-04,"closed_issues",40
"palaeoverse",2024-01-08,"closed_issues",41
"palaeoverse",2024-02-13,"closed_issues",43
"palaeoverse",2024-03-04,"closed_issues",44
"palaeoverse",2024-03-12,"closed_issues",45
"palaeoverse",2024-03-25,"closed_issues",46
"palaeoverse",2024-04-08,"closed_issues",47
"palaeoverse",2024-09-19,"closed_issues",48
"palaeoverse",2024-10-01,"closed_issues",49
"palaeoverse",2024-10-09,"closed_issues",50
"palaeoverse",2024-10-23,"closed_issues",51
"palaeoverse",2025-04-15,"closed_issues",53
"palaeoverse",2025-08-20,"closed_issues",54
"palaeoverse",2025-09-22,"closed_issues",55
"palaeoverse",2025-09-23,"closed_issues",56
"palaeoverse",2025-09-25,"closed_issues",57
"palaeoverse",2026-04-28,"closed_issues",58
"palaeoverse",2026-05-14,"closed_issues",59
"palaeoverse",2026-05-21,"closed_issues",60
"palaeoverse",2026-05-22,"closed_issues",61
"palaeoverse",2026-06-01,"closed_issues",62
"palaeoverse",2026-06-04,"closed_issues",64
"palaeoverse",2026-06-05,"closed_issues",65
"palaeoverse",2026-06-08,"closed_issues",68
"palaeoverse",2026-06-11,"closed_issues",69
"palaeoverse",2026-06-15,"closed_issues",70
"palaeoverse",2026-06-22,"closed_issues",71
"palaeoverse",2026-06-25,"closed_issues",72
"palaeoverse",2026-07-22,"closed_issues",73
"palaeoverse",2026-08-24,"closed_issues",76
"palaeoverse",2026-09-01,"closed_issues",77
"palaeoverse",2026-09-04,"closed_issues",78
"palaeoverse",2022-09-07,"closed_pull_requests",1
"palaeoverse",2022-09-20,"closed_pull_requests",2
"palaeoverse",2022-10-18,"closed_pull_requests",3
"palaeoverse",2026-06-01,"closed_pull_requests",4
"palaeoverse",2026-06-04,"closed_pull_requests",5
"palaeoverse",2026-06-08,"closed_pull_requests",8
"palaeoverse",2026-07-03,"closed_pull_requests",9
"palaeoverse",2026-07-10,"closed_pull_requests",10
"palaeoverse",2026-07-31,"closed_pull_requests",11
"palaeoverse",2026-08-24,"closed_pull_requests",12
"palaeoverse",2022-06-22,"code_coverage",19.16667
"palaeoverse",2022-06-23,"code_coverage",21.57408
"palaeoverse",2022-06-24,"code_coverage",22.95082
"palaeoverse",2022-07-01,"code_coverage",30.96539
"palaeoverse",2022-07-05,"code_coverage",52.22772
"palaeoverse",2022-07-15,"code_coverage",52.22772
"palaeoverse",2022-07-16,"code_coverage",84.08944
"palaeoverse",2022-07-17,"code_coverage",84.11215
"palaeoverse",2022-07-18,"code_coverage",78.19398
"palaeoverse",2022-07-19,"code_coverage",69.98636
"palaeoverse",2022-07-20,"code_coverage",86.16366
"palaeoverse",2022-07-22,"code_coverage",79.10238
"palaeoverse",2022-07-25,"code_coverage",84.52418
"palaeoverse",2022-07-28,"code_coverage",79.10238
"palaeoverse",2022-08-05,"code_coverage",80.46875
"palaeoverse",2022-08-13,"code_coverage",80.46875
"palaeoverse",2022-08-25,"code_coverage",87.0594
"palaeoverse",2022-08-26,"code_coverage",93.71921
"palaeoverse",2022-08-29,"code_coverage",79.10238
"palaeoverse",2022-08-31,"code_coverage",79.10238
"palaeoverse",2022-09-01,"code_coverage",79.10238
"palaeoverse",2022-09-07,"code_coverage",87.45125
"palaeoverse",2022-09-08,"code_coverage",81.61084
"palaeoverse",2022-09-14,"code_coverage",82.04225
"palaeoverse",2022-09-19,"code_coverage",82.04225
"palaeoverse",2022-09-20,"code_coverage",83.13373
"palaeoverse",2022-09-21,"code_coverage",94.12382
"palaeoverse",2022-09-22,"code_coverage",82.27115
"palaeoverse",2022-09-25,"code_coverage",83.31688
"palaeoverse",2022-10-02,"code_coverage",94.25041
"palaeoverse",2022-10-03,"code_coverage",95.66349
"palaeoverse",2022-10-04,"code_coverage",95.41814
"palaeoverse",2022-10-06,"code_coverage",95.88943
"palaeoverse",2022-10-07,"code_coverage",95.80185
"palaeoverse",2022-10-08,"code_coverage",95.82026
"palaeoverse",2022-10-10,"code_coverage",95.87655
"palaeoverse",2022-10-11,"code_coverage",95.99417
"palaeoverse",2022-10-12,"code_coverage",96.10288
"palaeoverse",2022-10-14,"code_coverage",96.30001
"palaeoverse",2022-10-15,"code_coverage",96.52751
"palaeoverse",2022-10-16,"code_coverage",96.56051
"palaeoverse",2022-10-17,"code_coverage",96.56051
"palaeoverse",2022-10-20,"code_coverage",96.64769
"palaeoverse",2022-10-26,"code_coverage",96.58876
"palaeoverse",2022-10-27,"code_coverage",96.58876
"palaeoverse",2022-10-28,"code_coverage",96.58876
"palaeoverse",2022-10-29,"code_coverage",96.58876
"palaeoverse",2022-10-31,"code_coverage",96.58876
"palaeoverse",2022-11-03,"code_coverage",96.58876
"palaeoverse",2022-11-12,"code_coverage",96.52339
"palaeoverse",2022-11-22,"code_coverage",96.52339
"palaeoverse",2022-11-23,"code_coverage",96.52339
"palaeoverse",2022-11-24,"code_coverage",96.52339
"palaeoverse",2022-11-28,"code_coverage",96.52339
"palaeoverse",2022-12-02,"code_coverage",96.52339
"palaeoverse",2022-12-21,"code_coverage",96.28437
"palaeoverse",2022-12-22,"code_coverage",96.15854
"palaeoverse",2022-12-29,"code_coverage",96.21394
"palaeoverse",2022-12-30,"code_coverage",96.23881
"palaeoverse",2023-01-10,"code_coverage",96.23881
"palaeoverse",2023-01-12,"code_coverage",96.28538
"palaeoverse",2023-01-20,"code_coverage",96.28538
"palaeoverse",2023-01-23,"code_coverage",96.28538
"palaeoverse",2023-02-15,"code_coverage",95.99293
"palaeoverse",2023-02-16,"code_coverage",95.99293
"palaeoverse",2023-02-23,"code_coverage",96.12676
"palaeoverse",2023-02-24,"code_coverage",96.12676
"palaeoverse",2023-02-27,"code_coverage",96.12676
"palaeoverse",2023-03-07,"code_coverage",96.30499
"palaeoverse",2023-03-13,"code_coverage",96.30499
"palaeoverse",2023-04-16,"code_coverage",96.74229
"palaeoverse",2023-04-17,"code_coverage",96.66734
"palaeoverse",2023-04-18,"code_coverage",96.62987
"palaeoverse",2023-07-18,"code_coverage",96.62664
"palaeoverse",2023-07-19,"code_coverage",96.62664
"palaeoverse",2023-07-24,"code_coverage",96.62664
"palaeoverse",2023-08-15,"code_coverage",96.62664
"palaeoverse",2023-08-16,"code_coverage",96.62664
"palaeoverse",2023-11-15,"code_coverage",96.63626
"palaeoverse",2023-12-04,"code_coverage",96.63626
"palaeoverse",2024-02-13,"code_coverage",96.10761
"palaeoverse",2024-03-04,"code_coverage",95.95469
"palaeoverse",2024-03-12,"code_coverage",95.95905
"palaeoverse",2024-03-25,"code_coverage",96.16424
"palaeoverse",2024-05-01,"code_coverage",96.22642
"palaeoverse",2024-05-13,"code_coverage",96.22642
"palaeoverse",2024-05-26,"code_coverage",96.22642
"palaeoverse",2024-07-24,"code_coverage",96.22642
"palaeoverse",2024-07-25,"code_coverage",96.22642
"palaeoverse",2024-09-19,"code_coverage",96.22642
"palaeoverse",2024-09-27,"code_coverage",96.17486
"palaeoverse",2024-10-01,"code_coverage",96.38424
"palaeoverse",2024-10-09,"code_coverage",96.30996
"palaeoverse",2024-10-11,"code_coverage",96.30996
"palaeoverse",2024-10-14,"code_coverage",96.30996
"palaeoverse",2024-10-23,"code_coverage",96.35796
"palaeoverse",2025-04-02,"code_coverage",96.35796
"palaeoverse",2025-04-15,"code_coverage",96.47355
"palaeoverse",2025-08-20,"code_coverage",96.47177
"palaeoverse",2025-08-22,"code_coverage",96.3017
"palaeoverse",2025-09-22,"code_coverage",96.34503
"palaeoverse",2025-09-25,"code_coverage",96.38498
"palaeoverse",2025-09-29,"code_coverage",96.38498
"palaeoverse",2026-01-08,"code_coverage",96.38498
"palaeoverse",2026-04-28,"code_coverage",96.38498
"palaeoverse",2026-05-07,"code_coverage",96.38498
"palaeoverse",2026-05-14,"code_coverage",96.38498
"palaeoverse",2026-05-18,"code_coverage",96.38498
"palaeoverse",2026-05-19,"code_coverage",96.40489
"palaeoverse",2026-05-21,"code_coverage",96.40967
"palaeoverse",2026-05-22,"code_coverage",96.43357
"palaeoverse",2026-05-29,"code_coverage",96.43357
"palaeoverse",2026-06-01,"code_coverage",96.46541
"palaeoverse",2026-06-04,"code_coverage",96.51028
"palaeoverse",2026-06-05,"code_coverage",96.53635
"palaeoverse",2026-06-08,"code_coverage",96.53635
"palaeoverse",2026-06-11,"code_coverage",96.53635
"palaeoverse",2026-06-15,"code_coverage",96.53635
"palaeoverse",2026-06-22,"code_coverage",96.53635
"palaeoverse",2026-06-25,"code_coverage",96.52352
"palaeoverse",2026-07-01,"code_coverage",96.38719
"palaeoverse",2026-07-02,"code_coverage",96.3531
"palaeoverse",2026-07-13,"code_coverage",96.3531
"palaeoverse",2026-07-14,"code_coverage",96.96097
"palaeoverse",2026-07-15,"code_coverage",97.14188
"palaeoverse",2026-07-17,"code_coverage",97.14188
"palaeoverse",2026-07-21,"code_coverage",97.14188
"palaeoverse",2026-08-20,"code_coverage",97.295
"palaeoverse",2026-08-24,"code_coverage",96.67039
"palaeoverse",2026-08-25,"code_coverage",96.1152
"palaeoverse",2026-08-28,"code_coverage",96.1152
"palaeoverse",2026-09-02,"code_coverage",96.1966
"palaeoverse",2022-03-11,"commits",4
"palaeoverse",2022-05-02,"commits",8
"palaeoverse",2022-05-03,"commits",16
"palaeoverse",2022-05-04,"commits",20
"palaeoverse",2022-05-05,"commits",24
"palaeoverse",2022-05-06,"commits",25
"palaeoverse",2022-05-13,"commits",50
"palaeoverse",2022-05-22,"commits",51
"palaeoverse",2022-05-24,"commits",53
"palaeoverse",2022-05-26,"commits",62
"palaeoverse",2022-05-27,"commits",63
"palaeoverse",2022-05-30,"commits",64
"palaeoverse",2022-06-02,"commits",65
"palaeoverse",2022-06-10,"commits",66
"palaeoverse",2022-06-17,"commits",68
"palaeoverse",2022-06-18,"commits",69
"palaeoverse",2022-06-20,"commits",70
"palaeoverse",2022-06-21,"commits",91
"palaeoverse",2022-06-22,"commits",94
"palaeoverse",2022-06-23,"commits",107
"palaeoverse",2022-06-24,"commits",111
"palaeoverse",2022-06-26,"commits",112
"palaeoverse",2022-06-27,"commits",117
"palaeoverse",2022-06-29,"commits",118
"palaeoverse",2022-06-30,"commits",120
"palaeoverse",2022-07-01,"commits",134
"palaeoverse",2022-07-02,"commits",135
"palaeoverse",2022-07-04,"commits",147
"palaeoverse",2022-07-05,"commits",161
"palaeoverse",2022-07-11,"commits",169
"palaeoverse",2022-07-12,"commits",175
"palaeoverse",2022-07-13,"commits",183
"palaeoverse",2022-07-14,"commits",191
"palaeoverse",2022-07-15,"commits",212
"palaeoverse",2022-07-16,"commits",218
"palaeoverse",2022-07-17,"commits",219
"palaeoverse",2022-07-18,"commits",235
"palaeoverse",2022-07-19,"commits",238
"palaeoverse",2022-07-20,"commits",251
"palaeoverse",2022-07-22,"commits",254
"palaeoverse",2022-07-25,"commits",262
"palaeoverse",2022-07-28,"commits",264
"palaeoverse",2022-08-04,"commits",265
"palaeoverse",2022-08-05,"commits",275
"palaeoverse",2022-08-13,"commits",285
"palaeoverse",2022-08-15,"commits",287
"palaeoverse",2022-08-16,"commits",288
"palaeoverse",2022-08-25,"commits",290
"palaeoverse",2022-08-26,"commits",291
"palaeoverse",2022-08-29,"commits",293
"palaeoverse",2022-08-31,"commits",295
"palaeoverse",2022-09-01,"commits",298
"palaeoverse",2022-09-07,"commits",307
"palaeoverse",2022-09-08,"commits",309
"palaeoverse",2022-09-11,"commits",310
"palaeoverse",2022-09-12,"commits",311
"palaeoverse",2022-09-13,"commits",312
"palaeoverse",2022-09-14,"commits",313
"palaeoverse",2022-09-15,"commits",317
"palaeoverse",2022-09-19,"commits",318
"palaeoverse",2022-09-20,"commits",319
"palaeoverse",2022-09-21,"commits",326
"palaeoverse",2022-09-22,"commits",331
"palaeoverse",2022-09-25,"commits",332
"palaeoverse",2022-09-27,"commits",338
"palaeoverse",2022-10-02,"commits",341
"palaeoverse",2022-10-03,"commits",344
"palaeoverse",2022-10-04,"commits",346
"palaeoverse",2022-10-06,"commits",357
"palaeoverse",2022-10-07,"commits",359
"palaeoverse",2022-10-08,"commits",369
"palaeoverse",2022-10-10,"commits",377
"palaeoverse",2022-10-11,"commits",395
"palaeoverse",2022-10-12,"commits",400
"palaeoverse",2022-10-13,"commits",401
"palaeoverse",2022-10-14,"commits",408
"palaeoverse",2022-10-15,"commits",414
"palaeoverse",2022-10-16,"commits",415
"palaeoverse",2022-10-17,"commits",416
"palaeoverse",2022-10-20,"commits",417
"palaeoverse",2022-10-24,"commits",418
"palaeoverse",2022-10-25,"commits",419
"palaeoverse",2022-10-26,"commits",430
"palaeoverse",2022-10-27,"commits",431
"palaeoverse",2022-10-28,"commits",433
"palaeoverse",2022-10-29,"commits",434
"palaeoverse",2022-10-31,"commits",436
"palaeoverse",2022-11-03,"commits",437
"palaeoverse",2022-11-12,"commits",438
"palaeoverse",2022-11-22,"commits",441
"palaeoverse",2022-11-23,"commits",442
"palaeoverse",2022-11-24,"commits",443
"palaeoverse",2022-11-28,"commits",444
"palaeoverse",2022-11-30,"commits",445
"palaeoverse",2022-12-02,"commits",447
"palaeoverse",2022-12-08,"commits",449
"palaeoverse",2022-12-21,"commits",451
"palaeoverse",2022-12-22,"commits",453
"palaeoverse",2022-12-29,"commits",454
"palaeoverse",2022-12-30,"commits",455
"palaeoverse",2023-01-10,"commits",456
"palaeoverse",2023-01-12,"commits",459
"palaeoverse",2023-01-20,"commits",461
"palaeoverse",2023-01-22,"commits",462
"palaeoverse",2023-01-23,"commits",463
"palaeoverse",2023-02-14,"commits",465
"palaeoverse",2023-02-15,"commits",467
"palaeoverse",2023-02-16,"commits",468
"palaeoverse",2023-02-23,"commits",469
"palaeoverse",2023-02-24,"commits",470
"palaeoverse",2023-02-27,"commits",471
"palaeoverse",2023-03-07,"commits",472
"palaeoverse",2023-03-13,"commits",473
"palaeoverse",2023-03-31,"commits",474
"palaeoverse",2023-04-16,"commits",475
"palaeoverse",2023-04-17,"commits",478
"palaeoverse",2023-04-18,"commits",484
"palaeoverse",2023-07-17,"commits",485
"palaeoverse",2023-07-18,"commits",487
"palaeoverse",2023-07-19,"commits",488
"palaeoverse",2023-07-24,"commits",491
"palaeoverse",2023-08-15,"commits",493
"palaeoverse",2023-08-16,"commits",495
"palaeoverse",2023-11-15,"commits",496
"palaeoverse",2023-12-04,"commits",497
"palaeoverse",2024-02-13,"commits",499
"palaeoverse",2024-03-04,"commits",500
"palaeoverse",2024-03-12,"commits",501
"palaeoverse",2024-03-25,"commits",502
"palaeoverse",2024-04-08,"commits",503
"palaeoverse",2024-04-16,"commits",507
"palaeoverse",2024-05-01,"commits",508
"palaeoverse",2024-05-13,"commits",509
"palaeoverse",2024-05-26,"commits",511
"palaeoverse",2024-07-24,"commits",512
"palaeoverse",2024-07-25,"commits",513
"palaeoverse",2024-09-19,"commits",514
"palaeoverse",2024-09-27,"commits",515
"palaeoverse",2024-10-01,"commits",516
"palaeoverse",2024-10-09,"commits",517
"palaeoverse",2024-10-11,"commits",518
"palaeoverse",2024-10-14,"commits",520
"palaeoverse",2024-10-23,"commits",521
"palaeoverse",2025-04-02,"commits",522
"palaeoverse",2025-04-15,"commits",523
"palaeoverse",2025-08-20,"commits",524
"palaeoverse",2025-08-22,"commits",525
"palaeoverse",2025-09-22,"commits",526
"palaeoverse",2025-09-25,"commits",527
"palaeoverse",2025-09-29,"commits",528
"palaeoverse",2026-01-08,"commits",529
"palaeoverse",2026-04-28,"commits",531
"palaeoverse",2026-05-07,"commits",532
"palaeoverse",2026-05-14,"commits",533
"palaeoverse",2026-05-18,"commits",534
"palaeoverse",2026-05-19,"commits",535
"palaeoverse",2026-05-21,"commits",543
"palaeoverse",2026-05-22,"commits",545
"palaeoverse",2026-05-29,"commits",548
"palaeoverse",2026-06-01,"commits",550
"palaeoverse",2026-06-04,"commits",556
"palaeoverse",2026-06-05,"commits",557
"palaeoverse",2026-06-08,"commits",562
"palaeoverse",2026-06-11,"commits",564
"palaeoverse",2026-06-15,"commits",565
"palaeoverse",2026-06-18,"commits",566
"palaeoverse",2026-06-22,"commits",570
"palaeoverse",2026-06-25,"commits",572
"palaeoverse",2026-07-01,"commits",574
"palaeoverse",2026-07-02,"commits",575
"palaeoverse",2026-07-13,"commits",577
"palaeoverse",2026-07-14,"commits",582
"palaeoverse",2026-07-15,"commits",583
"palaeoverse",2026-07-17,"commits",584
"palaeoverse",2026-07-21,"commits",586
"palaeoverse",2026-07-22,"commits",587
"palaeoverse",2026-08-05,"commits",588
"palaeoverse",2026-08-20,"commits",593
"palaeoverse",2026-08-24,"commits",605
"palaeoverse",2026-08-25,"commits",607
"palaeoverse",2026-08-26,"commits",608
"palaeoverse",2026-08-28,"commits",612
"palaeoverse",2026-09-01,"commits",614
"palaeoverse",2026-09-02,"commits",620
"palaeoverse",2026-09-04,"commits",621
"palaeoverse",2022-03-11,"contributors",1
"palaeoverse",2022-05-03,"contributors",2
"palaeoverse",2022-06-21,"contributors",4
"palaeoverse",2022-06-23,"contributors",5
"palaeoverse",2022-07-14,"contributors",6
"palaeoverse",2022-07-20,"contributors",7
"palaeoverse",2022-10-07,"contributors",8
"palaeoverse",2026-05-07,"contributors",9
"palaeoverse",2026-06-01,"contributors",10
"palaeoverse",2026-06-04,"contributors",11
"palaeoverse",2026-08-28,"contributors",12
"palaeoverse",2022-10-31,"cran_downloads",6
"palaeoverse",2022-11-01,"cran_downloads",25
"palaeoverse",2022-11-02,"cran_downloads",34
"palaeoverse",2022-11-03,"cran_downloads",46
"palaeoverse",2022-11-04,"cran_downloads",54
"palaeoverse",2022-11-05,"cran_downloads",92
"palaeoverse",2022-11-06,"cran_downloads",94
"palaeoverse",2022-11-07,"cran_downloads",128
"palaeoverse",2022-11-08,"cran_downloads",156
"palaeoverse",2022-11-09,"cran_downloads",166
"palaeoverse",2022-11-10,"cran_downloads",182
"palaeoverse",2022-11-11,"cran_downloads",187
"palaeoverse",2022-11-12,"cran_downloads",206
"palaeoverse",2022-11-13,"cran_downloads",212
"palaeoverse",2022-11-14,"cran_downloads",221
"palaeoverse",2022-11-15,"cran_downloads",226
"palaeoverse",2022-11-16,"cran_downloads",229
"palaeoverse",2022-11-17,"cran_downloads",243
"palaeoverse",2022-11-18,"cran_downloads",254
"palaeoverse",2022-11-19,"cran_downloads",257
"palaeoverse",2022-11-20,"cran_downloads",265
"palaeoverse",2022-11-21,"cran_downloads",271
"palaeoverse",2022-11-22,"cran_downloads",278
"palaeoverse",2022-11-23,"cran_downloads",284
"palaeoverse",2022-11-24,"cran_downloads",296
"palaeoverse",2022-11-25,"cran_downloads",301
"palaeoverse",2022-11-26,"cran_downloads",307
"palaeoverse",2022-11-27,"cran_downloads",312
"palaeoverse",2022-11-28,"cran_downloads",317
"palaeoverse",2022-11-29,"cran_downloads",323
"palaeoverse",2022-11-30,"cran_downloads",329
"palaeoverse",2022-12-01,"cran_downloads",339
"palaeoverse",2022-12-02,"cran_downloads",348
"palaeoverse",2022-12-03,"cran_downloads",350
"palaeoverse",2022-12-04,"cran_downloads",353
"palaeoverse",2022-12-05,"cran_downloads",360
"palaeoverse",2022-12-06,"cran_downloads",364
"palaeoverse",2022-12-07,"cran_downloads",369
"palaeoverse",2022-12-08,"cran_downloads",373
"palaeoverse",2022-12-09,"cran_downloads",380
"palaeoverse",2022-12-10,"cran_downloads",383
"palaeoverse",2022-12-11,"cran_downloads",386
"palaeoverse",2022-12-12,"cran_downloads",391
"palaeoverse",2022-12-13,"cran_downloads",398
"palaeoverse",2022-12-14,"cran_downloads",401
"palaeoverse",2022-12-15,"cran_downloads",409
"palaeoverse",2022-12-16,"cran_downloads",417
"palaeoverse",2022-12-17,"cran_downloads",421
"palaeoverse",2022-12-18,"cran_downloads",424
"palaeoverse",2022-12-19,"cran_downloads",427
"palaeoverse",2022-12-20,"cran_downloads",430
"palaeoverse",2022-12-21,"cran_downloads",440
"palaeoverse",2022-12-22,"cran_downloads",444
"palaeoverse",2022-12-23,"cran_downloads",459
"palaeoverse",2022-12-24,"cran_downloads",460
"palaeoverse",2022-12-25,"cran_downloads",463
"palaeoverse",2022-12-26,"cran_downloads",465
"palaeoverse",2022-12-27,"cran_downloads",468
"palaeoverse",2022-12-28,"cran_downloads",476
"palaeoverse",2022-12-29,"cran_downloads",478
"palaeoverse",2022-12-30,"cran_downloads",482
"palaeoverse",2022-12-31,"cran_downloads",484
"palaeoverse",2023-01-01,"cran_downloads",486
"palaeoverse",2023-01-02,"cran_downloads",489
"palaeoverse",2023-01-03,"cran_downloads",491
"palaeoverse",2023-01-04,"cran_downloads",497
"palaeoverse",2023-01-05,"cran_downloads",500
"palaeoverse",2023-01-06,"cran_downloads",504
"palaeoverse",2023-01-07,"cran_downloads",509
"palaeoverse",2023-01-08,"cran_downloads",510
"palaeoverse",2023-01-09,"cran_downloads",520
"palaeoverse",2023-01-10,"cran_downloads",524
"palaeoverse",2023-01-11,"cran_downloads",529
"palaeoverse",2023-01-12,"cran_downloads",537
"palaeoverse",2023-01-13,"cran_downloads",557
"palaeoverse",2023-01-14,"cran_downloads",567
"palaeoverse",2023-01-15,"cran_downloads",584
"palaeoverse",2023-01-16,"cran_downloads",612
"palaeoverse",2023-01-17,"cran_downloads",634
"palaeoverse",2023-01-18,"cran_downloads",654
"palaeoverse",2023-01-19,"cran_downloads",673
"palaeoverse",2023-01-20,"cran_downloads",683
"palaeoverse",2023-01-21,"cran_downloads",688
"palaeoverse",2023-01-22,"cran_downloads",693
"palaeoverse",2023-01-23,"cran_downloads",697
"palaeoverse",2023-01-24,"cran_downloads",705
"palaeoverse",2023-01-25,"cran_downloads",717
"palaeoverse",2023-01-26,"cran_downloads",728
"palaeoverse",2023-01-27,"cran_downloads",737
"palaeoverse",2023-01-28,"cran_downloads",747
"palaeoverse",2023-01-29,"cran_downloads",752
"palaeoverse",2023-01-30,"cran_downloads",757
"palaeoverse",2023-01-31,"cran_downloads",761
"palaeoverse",2023-02-01,"cran_downloads",771
"palaeoverse",2023-02-02,"cran_downloads",787
"palaeoverse",2023-02-03,"cran_downloads",790
"palaeoverse",2023-02-04,"cran_downloads",793
"palaeoverse",2023-02-05,"cran_downloads",798
"palaeoverse",2023-02-06,"cran_downloads",805
"palaeoverse",2023-02-07,"cran_downloads",827
"palaeoverse",2023-02-08,"cran_downloads",839
"palaeoverse",2023-02-09,"cran_downloads",850
"palaeoverse",2023-02-10,"cran_downloads",864
"palaeoverse",2023-02-11,"cran_downloads",875
"palaeoverse",2023-02-12,"cran_downloads",881
"palaeoverse",2023-02-13,"cran_downloads",913
"palaeoverse",2023-02-14,"cran_downloads",933
"palaeoverse",2023-02-15,"cran_downloads",948
"palaeoverse",2023-02-16,"cran_downloads",971
"palaeoverse",2023-02-17,"cran_downloads",989
"palaeoverse",2023-02-18,"cran_downloads",998
"palaeoverse",2023-02-19,"cran_downloads",1002
"palaeoverse",2023-02-20,"cran_downloads",1011
"palaeoverse",2023-02-21,"cran_downloads",1020
"palaeoverse",2023-02-22,"cran_downloads",1034
"palaeoverse",2023-02-23,"cran_downloads",1048
"palaeoverse",2023-02-24,"cran_downloads",1056
"palaeoverse",2023-02-25,"cran_downloads",1064
"palaeoverse",2023-02-26,"cran_downloads",1069
"palaeoverse",2023-02-27,"cran_downloads",1078
"palaeoverse",2023-02-28,"cran_downloads",1087
"palaeoverse",2023-03-01,"cran_downloads",1106
"palaeoverse",2023-03-02,"cran_downloads",1116
"palaeoverse",2023-03-03,"cran_downloads",1128
"palaeoverse",2023-03-04,"cran_downloads",1133
"palaeoverse",2023-03-05,"cran_downloads",1141
"palaeoverse",2023-03-06,"cran_downloads",1151
"palaeoverse",2023-03-07,"cran_downloads",1168
"palaeoverse",2023-03-08,"cran_downloads",1176
"palaeoverse",2023-03-09,"cran_downloads",1184
"palaeoverse",2023-03-10,"cran_downloads",1199
"palaeoverse",2023-03-11,"cran_downloads",1206
"palaeoverse",2023-03-12,"cran_downloads",1218
"palaeoverse",2023-03-13,"cran_downloads",1224
"palaeoverse",2023-03-14,"cran_downloads",1231
"palaeoverse",2023-03-15,"cran_downloads",1249
"palaeoverse",2023-03-16,"cran_downloads",1255
"palaeoverse",2023-03-17,"cran_downloads",1259
"palaeoverse",2023-03-18,"cran_downloads",1266
"palaeoverse",2023-03-19,"cran_downloads",1267
"palaeoverse",2023-03-20,"cran_downloads",1286
"palaeoverse",2023-03-21,"cran_downloads",1301
"palaeoverse",2023-03-22,"cran_downloads",1320
"palaeoverse",2023-03-23,"cran_downloads",1324
"palaeoverse",2023-03-24,"cran_downloads",1332
"palaeoverse",2023-03-25,"cran_downloads",1335
"palaeoverse",2023-03-26,"cran_downloads",1346
"palaeoverse",2023-03-27,"cran_downloads",1359
"palaeoverse",2023-03-28,"cran_downloads",1374
"palaeoverse",2023-03-29,"cran_downloads",1382
"palaeoverse",2023-03-30,"cran_downloads",1385
"palaeoverse",2023-03-31,"cran_downloads",1392
"palaeoverse",2023-04-01,"cran_downloads",1398
"palaeoverse",2023-04-02,"cran_downloads",1403
"palaeoverse",2023-04-03,"cran_downloads",1409
"palaeoverse",2023-04-04,"cran_downloads",1415
"palaeoverse",2023-04-05,"cran_downloads",1419
"palaeoverse",2023-04-06,"cran_downloads",1431
"palaeoverse",2023-04-07,"cran_downloads",1441
"palaeoverse",2023-04-08,"cran_downloads",1447
"palaeoverse",2023-04-09,"cran_downloads",1451
"palaeoverse",2023-04-10,"cran_downloads",1457
"palaeoverse",2023-04-11,"cran_downloads",1460
"palaeoverse",2023-04-12,"cran_downloads",1475
"palaeoverse",2023-04-13,"cran_downloads",1483
"palaeoverse",2023-04-14,"cran_downloads",1490
"palaeoverse",2023-04-15,"cran_downloads",1493
"palaeoverse",2023-04-16,"cran_downloads",1507
"palaeoverse",2023-04-17,"cran_downloads",1523
"palaeoverse",2023-04-18,"cran_downloads",1543
"palaeoverse",2023-04-19,"cran_downloads",1588
"palaeoverse",2023-04-20,"cran_downloads",1617
"palaeoverse",2023-04-21,"cran_downloads",1625
"palaeoverse",2023-04-22,"cran_downloads",1631
"palaeoverse",2023-04-23,"cran_downloads",1634
"palaeoverse",2023-04-24,"cran_downloads",1651
"palaeoverse",2023-04-25,"cran_downloads",1657
"palaeoverse",2023-04-26,"cran_downloads",1687
"palaeoverse",2023-04-27,"cran_downloads",1702
"palaeoverse",2023-04-28,"cran_downloads",1711
"palaeoverse",2023-04-29,"cran_downloads",1713
"palaeoverse",2023-04-30,"cran_downloads",1716
"palaeoverse",2023-05-01,"cran_downloads",1730
"palaeoverse",2023-05-02,"cran_downloads",1737
"palaeoverse",2023-05-03,"cran_downloads",1751
"palaeoverse",2023-05-04,"cran_downloads",1757
"palaeoverse",2023-05-05,"cran_downloads",1768
"palaeoverse",2023-05-06,"cran_downloads",1778
"palaeoverse",2023-05-07,"cran_downloads",1788
"palaeoverse",2023-05-08,"cran_downloads",1799
"palaeoverse",2023-05-09,"cran_downloads",1807
"palaeoverse",2023-05-10,"cran_downloads",1821
"palaeoverse",2023-05-11,"cran_downloads",1829
"palaeoverse",2023-05-12,"cran_downloads",1839
"palaeoverse",2023-05-13,"cran_downloads",1847
"palaeoverse",2023-05-14,"cran_downloads",1851
"palaeoverse",2023-05-15,"cran_downloads",1858
"palaeoverse",2023-05-16,"cran_downloads",1872
"palaeoverse",2023-05-17,"cran_downloads",1897
"palaeoverse",2023-05-18,"cran_downloads",1908
"palaeoverse",2023-05-19,"cran_downloads",1909
"palaeoverse",2023-05-20,"cran_downloads",1911
"palaeoverse",2023-05-21,"cran_downloads",1917
"palaeoverse",2023-05-22,"cran_downloads",1925
"palaeoverse",2023-05-23,"cran_downloads",1933
"palaeoverse",2023-05-24,"cran_downloads",1945
"palaeoverse",2023-05-25,"cran_downloads",1954
"palaeoverse",2023-05-26,"cran_downloads",1962
"palaeoverse",2023-05-27,"cran_downloads",1965
"palaeoverse",2023-05-28,"cran_downloads",1966
"palaeoverse",2023-05-29,"cran_downloads",1969
"palaeoverse",2023-05-30,"cran_downloads",1976
"palaeoverse",2023-05-31,"cran_downloads",1981
"palaeoverse",2023-06-01,"cran_downloads",1997
"palaeoverse",2023-06-02,"cran_downloads",2011
"palaeoverse",2023-06-03,"cran_downloads",2014
"palaeoverse",2023-06-04,"cran_downloads",2020
"palaeoverse",2023-06-05,"cran_downloads",2022
"palaeoverse",2023-06-06,"cran_downloads",2027
"palaeoverse",2023-06-07,"cran_downloads",2033
"palaeoverse",2023-06-08,"cran_downloads",2045
"palaeoverse",2023-06-09,"cran_downloads",2051
"palaeoverse",2023-06-10,"cran_downloads",2056
"palaeoverse",2023-06-11,"cran_downloads",2061
"palaeoverse",2023-06-12,"cran_downloads",2069
"palaeoverse",2023-06-13,"cran_downloads",2077
"palaeoverse",2023-06-14,"cran_downloads",2085
"palaeoverse",2023-06-15,"cran_downloads",2107
"palaeoverse",2023-06-16,"cran_downloads",2116
"palaeoverse",2023-06-17,"cran_downloads",2121
"palaeoverse",2023-06-18,"cran_downloads",2124
"palaeoverse",2023-06-19,"cran_downloads",2127
"palaeoverse",2023-06-20,"cran_downloads",2139
"palaeoverse",2023-06-21,"cran_downloads",2151
"palaeoverse",2023-06-22,"cran_downloads",2157
"palaeoverse",2023-06-23,"cran_downloads",2163
"palaeoverse",2023-06-24,"cran_downloads",2170
"palaeoverse",2023-06-25,"cran_downloads",2179
"palaeoverse",2023-06-26,"cran_downloads",2191
"palaeoverse",2023-06-27,"cran_downloads",2199
"palaeoverse",2023-06-28,"cran_downloads",2215
"palaeoverse",2023-06-29,"cran_downloads",2226
"palaeoverse",2023-06-30,"cran_downloads",2233
"palaeoverse",2023-07-01,"cran_downloads",2238
"palaeoverse",2023-07-02,"cran_downloads",2240
"palaeoverse",2023-07-03,"cran_downloads",2248
"palaeoverse",2023-07-04,"cran_downloads",2259
"palaeoverse",2023-07-05,"cran_downloads",2276
"palaeoverse",2023-07-06,"cran_downloads",2299
"palaeoverse",2023-07-07,"cran_downloads",2318
"palaeoverse",2023-07-08,"cran_downloads",2322
"palaeoverse",2023-07-09,"cran_downloads",2325
"palaeoverse",2023-07-10,"cran_downloads",2338
"palaeoverse",2023-07-11,"cran_downloads",2345
"palaeoverse",2023-07-12,"cran_downloads",2363
"palaeoverse",2023-07-13,"cran_downloads",2370
"palaeoverse",2023-07-14,"cran_downloads",2385
"palaeoverse",2023-07-15,"cran_downloads",2389
"palaeoverse",2023-07-16,"cran_downloads",2393
"palaeoverse",2023-07-17,"cran_downloads",2399
"palaeoverse",2023-07-18,"cran_downloads",2414
"palaeoverse",2023-07-19,"cran_downloads",2429
"palaeoverse",2023-07-20,"cran_downloads",2433
"palaeoverse",2023-07-21,"cran_downloads",2440
"palaeoverse",2023-07-22,"cran_downloads",2443
"palaeoverse",2023-07-23,"cran_downloads",2447
"palaeoverse",2023-07-24,"cran_downloads",2448
"palaeoverse",2023-07-25,"cran_downloads",2457
"palaeoverse",2023-07-26,"cran_downloads",2473
"palaeoverse",2023-07-27,"cran_downloads",2477
"palaeoverse",2023-07-28,"cran_downloads",2480
"palaeoverse",2023-07-29,"cran_downloads",2481
"palaeoverse",2023-07-30,"cran_downloads",2483
"palaeoverse",2023-07-31,"cran_downloads",2485
"palaeoverse",2023-08-01,"cran_downloads",2494
"palaeoverse",2023-08-02,"cran_downloads",2504
"palaeoverse",2023-08-03,"cran_downloads",2514
"palaeoverse",2023-08-04,"cran_downloads",2520
"palaeoverse",2023-08-05,"cran_downloads",2522
"palaeoverse",2023-08-06,"cran_downloads",2529
"palaeoverse",2023-08-07,"cran_downloads",2536
"palaeoverse",2023-08-08,"cran_downloads",2546
"palaeoverse",2023-08-09,"cran_downloads",2558
"palaeoverse",2023-08-10,"cran_downloads",2561
"palaeoverse",2023-08-11,"cran_downloads",2567
"palaeoverse",2023-08-12,"cran_downloads",2571
"palaeoverse",2023-08-13,"cran_downloads",2572
"palaeoverse",2023-08-14,"cran_downloads",2579
"palaeoverse",2023-08-15,"cran_downloads",2589
"palaeoverse",2023-08-16,"cran_downloads",2598
"palaeoverse",2023-08-17,"cran_downloads",2614
"palaeoverse",2023-08-18,"cran_downloads",2645
"palaeoverse",2023-08-19,"cran_downloads",2654
"palaeoverse",2023-08-20,"cran_downloads",2664
"palaeoverse",2023-08-21,"cran_downloads",2690
"palaeoverse",2023-08-22,"cran_downloads",2708
"palaeoverse",2023-08-23,"cran_downloads",2726
"palaeoverse",2023-08-24,"cran_downloads",2750
"palaeoverse",2023-08-25,"cran_downloads",2768
"palaeoverse",2023-08-26,"cran_downloads",2775
"palaeoverse",2023-08-27,"cran_downloads",2780
"palaeoverse",2023-08-28,"cran_downloads",2798
"palaeoverse",2023-08-29,"cran_downloads",2806
"palaeoverse",2023-08-30,"cran_downloads",2822
"palaeoverse",2023-08-31,"cran_downloads",2828
"palaeoverse",2023-09-01,"cran_downloads",2837
"palaeoverse",2023-09-02,"cran_downloads",2844
"palaeoverse",2023-09-03,"cran_downloads",2856
"palaeoverse",2023-09-04,"cran_downloads",2871
"palaeoverse",2023-09-05,"cran_downloads",2882
"palaeoverse",2023-09-06,"cran_downloads",2904
"palaeoverse",2023-09-07,"cran_downloads",2928
"palaeoverse",2023-09-08,"cran_downloads",2941
"palaeoverse",2023-09-09,"cran_downloads",2945
"palaeoverse",2023-09-10,"cran_downloads",2952
"palaeoverse",2023-09-11,"cran_downloads",2962
"palaeoverse",2023-09-12,"cran_downloads",2971
"palaeoverse",2023-09-13,"cran_downloads",2979
"palaeoverse",2023-09-14,"cran_downloads",2984
"palaeoverse",2023-09-15,"cran_downloads",3003
"palaeoverse",2023-09-16,"cran_downloads",3009
"palaeoverse",2023-09-17,"cran_downloads",3012
"palaeoverse",2023-09-18,"cran_downloads",3021
"palaeoverse",2023-09-19,"cran_downloads",3034
"palaeoverse",2023-09-20,"cran_downloads",3044
"palaeoverse",2023-09-21,"cran_downloads",3050
"palaeoverse",2023-09-22,"cran_downloads",3056
"palaeoverse",2023-09-23,"cran_downloads",3082
"palaeoverse",2023-09-24,"cran_downloads",3093
"palaeoverse",2023-09-25,"cran_downloads",3103
"palaeoverse",2023-09-26,"cran_downloads",3108
"palaeoverse",2023-09-27,"cran_downloads",3123
"palaeoverse",2023-09-28,"cran_downloads",3140
"palaeoverse",2023-09-29,"cran_downloads",3145
"palaeoverse",2023-09-30,"cran_downloads",3149
"palaeoverse",2023-10-01,"cran_downloads",3152
"palaeoverse",2023-10-02,"cran_downloads",3158
"palaeoverse",2023-10-03,"cran_downloads",3164
"palaeoverse",2023-10-04,"cran_downloads",3178
"palaeoverse",2023-10-05,"cran_downloads",3188
"palaeoverse",2023-10-06,"cran_downloads",3195
"palaeoverse",2023-10-07,"cran_downloads",3199
"palaeoverse",2023-10-08,"cran_downloads",3202
"palaeoverse",2023-10-09,"cran_downloads",3209
"palaeoverse",2023-10-10,"cran_downloads",3215
"palaeoverse",2023-10-11,"cran_downloads",3222
"palaeoverse",2023-10-12,"cran_downloads",3235
"palaeoverse",2023-10-13,"cran_downloads",3243
"palaeoverse",2023-10-14,"cran_downloads",3251
"palaeoverse",2023-10-15,"cran_downloads",3258
"palaeoverse",2023-10-16,"cran_downloads",3269
"palaeoverse",2023-10-17,"cran_downloads",3275
"palaeoverse",2023-10-18,"cran_downloads",3287
"palaeoverse",2023-10-19,"cran_downloads",3297
"palaeoverse",2023-10-20,"cran_downloads",3301
"palaeoverse",2023-10-21,"cran_downloads",3306
"palaeoverse",2023-10-22,"cran_downloads",3312
"palaeoverse",2023-10-23,"cran_downloads",3321
"palaeoverse",2023-10-24,"cran_downloads",3327
"palaeoverse",2023-10-25,"cran_downloads",3336
"palaeoverse",2023-10-26,"cran_downloads",3349
"palaeoverse",2023-10-27,"cran_downloads",3365
"palaeoverse",2023-10-28,"cran_downloads",3373
"palaeoverse",2023-10-29,"cran_downloads",3375
"palaeoverse",2023-10-30,"cran_downloads",3383
"palaeoverse",2023-10-31,"cran_downloads",3395
"palaeoverse",2023-11-01,"cran_downloads",3408
"palaeoverse",2023-11-02,"cran_downloads",3421
"palaeoverse",2023-11-03,"cran_downloads",3430
"palaeoverse",2023-11-04,"cran_downloads",3433
"palaeoverse",2023-11-05,"cran_downloads",3442
"palaeoverse",2023-11-06,"cran_downloads",3454
"palaeoverse",2023-11-07,"cran_downloads",3466
"palaeoverse",2023-11-08,"cran_downloads",3485
"palaeoverse",2023-11-09,"cran_downloads",3501
"palaeoverse",2023-11-10,"cran_downloads",3506
"palaeoverse",2023-11-11,"cran_downloads",3509
"palaeoverse",2023-11-12,"cran_downloads",3514
"palaeoverse",2023-11-13,"cran_downloads",3522
"palaeoverse",2023-11-14,"cran_downloads",3526
"palaeoverse",2023-11-15,"cran_downloads",3548
"palaeoverse",2023-11-16,"cran_downloads",3560
"palaeoverse",2023-11-17,"cran_downloads",3570
"palaeoverse",2023-11-18,"cran_downloads",3574
"palaeoverse",2023-11-19,"cran_downloads",3581
"palaeoverse",2023-11-20,"cran_downloads",3600
"palaeoverse",2023-11-21,"cran_downloads",3612
"palaeoverse",2023-11-22,"cran_downloads",3622
"palaeoverse",2023-11-23,"cran_downloads",3627
"palaeoverse",2023-11-24,"cran_downloads",3634
"palaeoverse",2023-11-25,"cran_downloads",3637
"palaeoverse",2023-11-26,"cran_downloads",3640
"palaeoverse",2023-11-27,"cran_downloads",3651
"palaeoverse",2023-11-28,"cran_downloads",3656
"palaeoverse",2023-11-29,"cran_downloads",3672
"palaeoverse",2023-11-30,"cran_downloads",3684
"palaeoverse",2023-12-01,"cran_downloads",3698
"palaeoverse",2023-12-02,"cran_downloads",3705
"palaeoverse",2023-12-03,"cran_downloads",3717
"palaeoverse",2023-12-04,"cran_downloads",3723
"palaeoverse",2023-12-05,"cran_downloads",3738
"palaeoverse",2023-12-06,"cran_downloads",3753
"palaeoverse",2023-12-07,"cran_downloads",3758
"palaeoverse",2023-12-08,"cran_downloads",3771
"palaeoverse",2023-12-09,"cran_downloads",3776
"palaeoverse",2023-12-10,"cran_downloads",3780
"palaeoverse",2023-12-11,"cran_downloads",3793
"palaeoverse",2023-12-12,"cran_downloads",3798
"palaeoverse",2023-12-13,"cran_downloads",3804
"palaeoverse",2023-12-14,"cran_downloads",3810
"palaeoverse",2023-12-15,"cran_downloads",3824
"palaeoverse",2023-12-16,"cran_downloads",3830
"palaeoverse",2023-12-17,"cran_downloads",3834
"palaeoverse",2023-12-18,"cran_downloads",3840
"palaeoverse",2023-12-19,"cran_downloads",3847
"palaeoverse",2023-12-20,"cran_downloads",3862
"palaeoverse",2023-12-21,"cran_downloads",3880
"palaeoverse",2023-12-22,"cran_downloads",3889
"palaeoverse",2023-12-23,"cran_downloads",3892
"palaeoverse",2023-12-24,"cran_downloads",3900
"palaeoverse",2023-12-25,"cran_downloads",3910
"palaeoverse",2023-12-26,"cran_downloads",3915
"palaeoverse",2023-12-27,"cran_downloads",3926
"palaeoverse",2023-12-28,"cran_downloads",3932
"palaeoverse",2023-12-29,"cran_downloads",3934
"palaeoverse",2023-12-30,"cran_downloads",3938
"palaeoverse",2023-12-31,"cran_downloads",3944
"palaeoverse",2024-01-01,"cran_downloads",3952
"palaeoverse",2024-01-02,"cran_downloads",3959
"palaeoverse",2024-01-03,"cran_downloads",3970
"palaeoverse",2024-01-04,"cran_downloads",3973
"palaeoverse",2024-01-05,"cran_downloads",3976
"palaeoverse",2024-01-06,"cran_downloads",3983
"palaeoverse",2024-01-07,"cran_downloads",3988
"palaeoverse",2024-01-08,"cran_downloads",4001
"palaeoverse",2024-01-09,"cran_downloads",4004
"palaeoverse",2024-01-10,"cran_downloads",4019
"palaeoverse",2024-01-11,"cran_downloads",4030
"palaeoverse",2024-01-12,"cran_downloads",4088
"palaeoverse",2024-01-13,"cran_downloads",4100
"palaeoverse",2024-01-14,"cran_downloads",4108
"palaeoverse",2024-01-15,"cran_downloads",4115
"palaeoverse",2024-01-16,"cran_downloads",4129
"palaeoverse",2024-01-17,"cran_downloads",4145
"palaeoverse",2024-01-18,"cran_downloads",4159
"palaeoverse",2024-01-19,"cran_downloads",4165
"palaeoverse",2024-01-20,"cran_downloads",4172
"palaeoverse",2024-01-21,"cran_downloads",4174
"palaeoverse",2024-01-22,"cran_downloads",4185
"palaeoverse",2024-01-23,"cran_downloads",4203
"palaeoverse",2024-01-24,"cran_downloads",4306
"palaeoverse",2024-01-25,"cran_downloads",4402
"palaeoverse",2024-01-26,"cran_downloads",4408
"palaeoverse",2024-01-27,"cran_downloads",4411
"palaeoverse",2024-01-28,"cran_downloads",4416
"palaeoverse",2024-01-29,"cran_downloads",4434
"palaeoverse",2024-01-30,"cran_downloads",4453
"palaeoverse",2024-01-31,"cran_downloads",4480
"palaeoverse",2024-02-01,"cran_downloads",4490
"palaeoverse",2024-02-02,"cran_downloads",4504
"palaeoverse",2024-02-03,"cran_downloads",4520
"palaeoverse",2024-02-04,"cran_downloads",4524
"palaeoverse",2024-02-05,"cran_downloads",4529
"palaeoverse",2024-02-06,"cran_downloads",4545
"palaeoverse",2024-02-07,"cran_downloads",4559
"palaeoverse",2024-02-08,"cran_downloads",4578
"palaeoverse",2024-02-09,"cran_downloads",4585
"palaeoverse",2024-02-10,"cran_downloads",4589
"palaeoverse",2024-02-11,"cran_downloads",4591
"palaeoverse",2024-02-12,"cran_downloads",4597
"palaeoverse",2024-02-13,"cran_downloads",4608
"palaeoverse",2024-02-14,"cran_downloads",4619
"palaeoverse",2024-02-15,"cran_downloads",4623
"palaeoverse",2024-02-16,"cran_downloads",4632
"palaeoverse",2024-02-17,"cran_downloads",4636
"palaeoverse",2024-02-18,"cran_downloads",4639
"palaeoverse",2024-02-19,"cran_downloads",4657
"palaeoverse",2024-02-20,"cran_downloads",4680
"palaeoverse",2024-02-21,"cran_downloads",4697
"palaeoverse",2024-02-22,"cran_downloads",4706
"palaeoverse",2024-02-23,"cran_downloads",4713
"palaeoverse",2024-02-24,"cran_downloads",4726
"palaeoverse",2024-02-25,"cran_downloads",4735
"palaeoverse",2024-02-26,"cran_downloads",4741
"palaeoverse",2024-02-27,"cran_downloads",4746
"palaeoverse",2024-02-28,"cran_downloads",4764
"palaeoverse",2024-02-29,"cran_downloads",4771
"palaeoverse",2024-03-01,"cran_downloads",4804
"palaeoverse",2024-03-02,"cran_downloads",4827
"palaeoverse",2024-03-03,"cran_downloads",4841
"palaeoverse",2024-03-04,"cran_downloads",4868
"palaeoverse",2024-03-05,"cran_downloads",4902
"palaeoverse",2024-03-06,"cran_downloads",4935
"palaeoverse",2024-03-07,"cran_downloads",4964
"palaeoverse",2024-03-08,"cran_downloads",4992
"palaeoverse",2024-03-09,"cran_downloads",5001
"palaeoverse",2024-03-10,"cran_downloads",5008
"palaeoverse",2024-03-11,"cran_downloads",5022
"palaeoverse",2024-03-12,"cran_downloads",5028
"palaeoverse",2024-03-13,"cran_downloads",5043
"palaeoverse",2024-03-14,"cran_downloads",5053
"palaeoverse",2024-03-15,"cran_downloads",5062
"palaeoverse",2024-03-16,"cran_downloads",5073
"palaeoverse",2024-03-17,"cran_downloads",5081
"palaeoverse",2024-03-18,"cran_downloads",5086
"palaeoverse",2024-03-19,"cran_downloads",5092
"palaeoverse",2024-03-20,"cran_downloads",5101
"palaeoverse",2024-03-21,"cran_downloads",5132
"palaeoverse",2024-03-22,"cran_downloads",5141
"palaeoverse",2024-03-23,"cran_downloads",5151
"palaeoverse",2024-03-24,"cran_downloads",5156
"palaeoverse",2024-03-25,"cran_downloads",5165
"palaeoverse",2024-03-26,"cran_downloads",5174
"palaeoverse",2024-03-27,"cran_downloads",5193
"palaeoverse",2024-03-28,"cran_downloads",5202
"palaeoverse",2024-03-29,"cran_downloads",5208
"palaeoverse",2024-03-30,"cran_downloads",5215
"palaeoverse",2024-03-31,"cran_downloads",5222
"palaeoverse",2024-04-01,"cran_downloads",5240
"palaeoverse",2024-04-02,"cran_downloads",5254
"palaeoverse",2024-04-03,"cran_downloads",5269
"palaeoverse",2024-04-04,"cran_downloads",5280
"palaeoverse",2024-04-05,"cran_downloads",5286
"palaeoverse",2024-04-06,"cran_downloads",5288
"palaeoverse",2024-04-07,"cran_downloads",5295
"palaeoverse",2024-04-08,"cran_downloads",5301
"palaeoverse",2024-04-09,"cran_downloads",5306
"palaeoverse",2024-04-10,"cran_downloads",5322
"palaeoverse",2024-04-11,"cran_downloads",5329
"palaeoverse",2024-04-12,"cran_downloads",5332
"palaeoverse",2024-04-13,"cran_downloads",5339
"palaeoverse",2024-04-14,"cran_downloads",5342
"palaeoverse",2024-04-15,"cran_downloads",5349
"palaeoverse",2024-04-16,"cran_downloads",5364
"palaeoverse",2024-04-17,"cran_downloads",5452
"palaeoverse",2024-04-18,"cran_downloads",5482
"palaeoverse",2024-04-19,"cran_downloads",5486
"palaeoverse",2024-04-20,"cran_downloads",5510
"palaeoverse",2024-04-21,"cran_downloads",5515
"palaeoverse",2024-04-22,"cran_downloads",5532
"palaeoverse",2024-04-23,"cran_downloads",5606
"palaeoverse",2024-04-24,"cran_downloads",5667
"palaeoverse",2024-04-25,"cran_downloads",5694
"palaeoverse",2024-04-26,"cran_downloads",5730
"palaeoverse",2024-04-27,"cran_downloads",5739
"palaeoverse",2024-04-28,"cran_downloads",5746
"palaeoverse",2024-04-29,"cran_downloads",5764
"palaeoverse",2024-04-30,"cran_downloads",5774
"palaeoverse",2024-05-01,"cran_downloads",5822
"palaeoverse",2024-05-02,"cran_downloads",5837
"palaeoverse",2024-05-03,"cran_downloads",5846
"palaeoverse",2024-05-04,"cran_downloads",5856
"palaeoverse",2024-05-05,"cran_downloads",5877
"palaeoverse",2024-05-06,"cran_downloads",5901
"palaeoverse",2024-05-07,"cran_downloads",5910
"palaeoverse",2024-05-08,"cran_downloads",5932
"palaeoverse",2024-05-09,"cran_downloads",5935
"palaeoverse",2024-05-10,"cran_downloads",5947
"palaeoverse",2024-05-11,"cran_downloads",5951
"palaeoverse",2024-05-12,"cran_downloads",5957
"palaeoverse",2024-05-13,"cran_downloads",5964
"palaeoverse",2024-05-14,"cran_downloads",5975
"palaeoverse",2024-05-15,"cran_downloads",5996
"palaeoverse",2024-05-16,"cran_downloads",6002
"palaeoverse",2024-05-17,"cran_downloads",6008
"palaeoverse",2024-05-18,"cran_downloads",6014
"palaeoverse",2024-05-19,"cran_downloads",6017
"palaeoverse",2024-05-20,"cran_downloads",6021
"palaeoverse",2024-05-21,"cran_downloads",6038
"palaeoverse",2024-05-22,"cran_downloads",6058
"palaeoverse",2024-05-23,"cran_downloads",6068
"palaeoverse",2024-05-24,"cran_downloads",6079
"palaeoverse",2024-05-25,"cran_downloads",6086
"palaeoverse",2024-05-26,"cran_downloads",6091
"palaeoverse",2024-05-27,"cran_downloads",6102
"palaeoverse",2024-05-28,"cran_downloads",6127
"palaeoverse",2024-05-29,"cran_downloads",6189
"palaeoverse",2024-05-30,"cran_downloads",6206
"palaeoverse",2024-05-31,"cran_downloads",6226
"palaeoverse",2024-06-01,"cran_downloads",6235
"palaeoverse",2024-06-02,"cran_downloads",6241
"palaeoverse",2024-06-03,"cran_downloads",6249
"palaeoverse",2024-06-04,"cran_downloads",6261
"palaeoverse",2024-06-05,"cran_downloads",6281
"palaeoverse",2024-06-06,"cran_downloads",6300
"palaeoverse",2024-06-07,"cran_downloads",6308
"palaeoverse",2024-06-08,"cran_downloads",6312
"palaeoverse",2024-06-09,"cran_downloads",6314
"palaeoverse",2024-06-10,"cran_downloads",6320
"palaeoverse",2024-06-11,"cran_downloads",6353
"palaeoverse",2024-06-12,"cran_downloads",6372
"palaeoverse",2024-06-13,"cran_downloads",6384
"palaeoverse",2024-06-14,"cran_downloads",6397
"palaeoverse",2024-06-15,"cran_downloads",6401
"palaeoverse",2024-06-16,"cran_downloads",6406
"palaeoverse",2024-06-17,"cran_downloads",6416
"palaeoverse",2024-06-18,"cran_downloads",6420
"palaeoverse",2024-06-19,"cran_downloads",6456
"palaeoverse",2024-06-20,"cran_downloads",6464
"palaeoverse",2024-06-21,"cran_downloads",6472
"palaeoverse",2024-06-22,"cran_downloads",6488
"palaeoverse",2024-06-23,"cran_downloads",6495
"palaeoverse",2024-06-24,"cran_downloads",6508
"palaeoverse",2024-06-25,"cran_downloads",6517
"palaeoverse",2024-06-26,"cran_downloads",6539
"palaeoverse",2024-06-27,"cran_downloads",6568
"palaeoverse",2024-06-28,"cran_downloads",6576
"palaeoverse",2024-06-29,"cran_downloads",6580
"palaeoverse",2024-06-30,"cran_downloads",6586
"palaeoverse",2024-07-01,"cran_downloads",6621
"palaeoverse",2024-07-02,"cran_downloads",6632
"palaeoverse",2024-07-03,"cran_downloads",6647
"palaeoverse",2024-07-04,"cran_downloads",6657
"palaeoverse",2024-07-05,"cran_downloads",6665
"palaeoverse",2024-07-06,"cran_downloads",6671
"palaeoverse",2024-07-07,"cran_downloads",6673
"palaeoverse",2024-07-08,"cran_downloads",6679
"palaeoverse",2024-07-09,"cran_downloads",6688
"palaeoverse",2024-07-10,"cran_downloads",6697
"palaeoverse",2024-07-11,"cran_downloads",6711
"palaeoverse",2024-07-12,"cran_downloads",6727
"palaeoverse",2024-07-13,"cran_downloads",6730
"palaeoverse",2024-07-14,"cran_downloads",6744
"palaeoverse",2024-07-15,"cran_downloads",6749
"palaeoverse",2024-07-16,"cran_downloads",6766
"palaeoverse",2024-07-17,"cran_downloads",6791
"palaeoverse",2024-07-18,"cran_downloads",6814
"palaeoverse",2024-07-19,"cran_downloads",6819
"palaeoverse",2024-07-20,"cran_downloads",6837
"palaeoverse",2024-07-21,"cran_downloads",6863
"palaeoverse",2024-07-22,"cran_downloads",6900
"palaeoverse",2024-07-23,"cran_downloads",6971
"palaeoverse",2024-07-24,"cran_downloads",7001
"palaeoverse",2024-07-25,"cran_downloads",7034
"palaeoverse",2024-07-26,"cran_downloads",7048
"palaeoverse",2024-07-27,"cran_downloads",7050
"palaeoverse",2024-07-28,"cran_downloads",7053
"palaeoverse",2024-07-29,"cran_downloads",7071
"palaeoverse",2024-07-30,"cran_downloads",7087
"palaeoverse",2024-07-31,"cran_downloads",7113
"palaeoverse",2024-08-01,"cran_downloads",7143
"palaeoverse",2024-08-02,"cran_downloads",7147
"palaeoverse",2024-08-03,"cran_downloads",7151
"palaeoverse",2024-08-04,"cran_downloads",7155
"palaeoverse",2024-08-05,"cran_downloads",7178
"palaeoverse",2024-08-06,"cran_downloads",7191
"palaeoverse",2024-08-07,"cran_downloads",7211
"palaeoverse",2024-08-08,"cran_downloads",7234
"palaeoverse",2024-08-09,"cran_downloads",7248
"palaeoverse",2024-08-10,"cran_downloads",7251
"palaeoverse",2024-08-11,"cran_downloads",7255
"palaeoverse",2024-08-12,"cran_downloads",7261
"palaeoverse",2024-08-13,"cran_downloads",7271
"palaeoverse",2024-08-14,"cran_downloads",7287
"palaeoverse",2024-08-15,"cran_downloads",7311
"palaeoverse",2024-08-16,"cran_downloads",7348
"palaeoverse",2024-08-17,"cran_downloads",7377
"palaeoverse",2024-08-18,"cran_downloads",7379
"palaeoverse",2024-08-19,"cran_downloads",7396
"palaeoverse",2024-08-20,"cran_downloads",7405
"palaeoverse",2024-08-21,"cran_downloads",7416
"palaeoverse",2024-08-22,"cran_downloads",7448
"palaeoverse",2024-08-23,"cran_downloads",7468
"palaeoverse",2024-08-24,"cran_downloads",7480
"palaeoverse",2024-08-25,"cran_downloads",7485
"palaeoverse",2024-08-26,"cran_downloads",7491
"palaeoverse",2024-08-27,"cran_downloads",7497
"palaeoverse",2024-08-28,"cran_downloads",7518
"palaeoverse",2024-08-29,"cran_downloads",7534
"palaeoverse",2024-08-30,"cran_downloads",7541
"palaeoverse",2024-08-31,"cran_downloads",7544
"palaeoverse",2024-09-01,"cran_downloads",7554
"palaeoverse",2024-09-02,"cran_downloads",7558
"palaeoverse",2024-09-03,"cran_downloads",7579
"palaeoverse",2024-09-04,"cran_downloads",7607
"palaeoverse",2024-09-05,"cran_downloads",7628
"palaeoverse",2024-09-06,"cran_downloads",7646
"palaeoverse",2024-09-07,"cran_downloads",7648
"palaeoverse",2024-09-08,"cran_downloads",7658
"palaeoverse",2024-09-09,"cran_downloads",7672
"palaeoverse",2024-09-10,"cran_downloads",7678
"palaeoverse",2024-09-11,"cran_downloads",7718
"palaeoverse",2024-09-12,"cran_downloads",7731
"palaeoverse",2024-09-13,"cran_downloads",7738
"palaeoverse",2024-09-14,"cran_downloads",7740
"palaeoverse",2024-09-15,"cran_downloads",7743
"palaeoverse",2024-09-16,"cran_downloads",7749
"palaeoverse",2024-09-17,"cran_downloads",7765
"palaeoverse",2024-09-18,"cran_downloads",7783
"palaeoverse",2024-09-19,"cran_downloads",7793
"palaeoverse",2024-09-20,"cran_downloads",7808
"palaeoverse",2024-09-21,"cran_downloads",7824
"palaeoverse",2024-09-22,"cran_downloads",7826
"palaeoverse",2024-09-23,"cran_downloads",7842
"palaeoverse",2024-09-24,"cran_downloads",7855
"palaeoverse",2024-09-25,"cran_downloads",7869
"palaeoverse",2024-09-26,"cran_downloads",7889
"palaeoverse",2024-09-27,"cran_downloads",7897
"palaeoverse",2024-09-28,"cran_downloads",7913
"palaeoverse",2024-09-29,"cran_downloads",7930
"palaeoverse",2024-09-30,"cran_downloads",7938
"palaeoverse",2024-10-01,"cran_downloads",7960
"palaeoverse",2024-10-02,"cran_downloads",7980
"palaeoverse",2024-10-03,"cran_downloads",7991
"palaeoverse",2024-10-04,"cran_downloads",7996
"palaeoverse",2024-10-05,"cran_downloads",8000
"palaeoverse",2024-10-06,"cran_downloads",8002
"palaeoverse",2024-10-07,"cran_downloads",8014
"palaeoverse",2024-10-08,"cran_downloads",8023
"palaeoverse",2024-10-09,"cran_downloads",8044
"palaeoverse",2024-10-10,"cran_downloads",8056
"palaeoverse",2024-10-11,"cran_downloads",8063
"palaeoverse",2024-10-12,"cran_downloads",8070
"palaeoverse",2024-10-13,"cran_downloads",8075
"palaeoverse",2024-10-14,"cran_downloads",8121
"palaeoverse",2024-10-15,"cran_downloads",8171
"palaeoverse",2024-10-16,"cran_downloads",8211
"palaeoverse",2024-10-17,"cran_downloads",8256
"palaeoverse",2024-10-18,"cran_downloads",8266
"palaeoverse",2024-10-19,"cran_downloads",8272
"palaeoverse",2024-10-20,"cran_downloads",8292
"palaeoverse",2024-10-21,"cran_downloads",8309
"palaeoverse",2024-10-22,"cran_downloads",8323
"palaeoverse",2024-10-23,"cran_downloads",8341
"palaeoverse",2024-10-24,"cran_downloads",8364
"palaeoverse",2024-10-25,"cran_downloads",8384
"palaeoverse",2024-10-26,"cran_downloads",8388
"palaeoverse",2024-10-27,"cran_downloads",8392
"palaeoverse",2024-10-28,"cran_downloads",8411
"palaeoverse",2024-10-29,"cran_downloads",8432
"palaeoverse",2024-10-30,"cran_downloads",8477
"palaeoverse",2024-10-31,"cran_downloads",8494
"palaeoverse",2024-11-01,"cran_downloads",8519
"palaeoverse",2024-11-02,"cran_downloads",8524
"palaeoverse",2024-11-03,"cran_downloads",8533
"palaeoverse",2024-11-04,"cran_downloads",8542
"palaeoverse",2024-11-05,"cran_downloads",8558
"palaeoverse",2024-11-06,"cran_downloads",8585
"palaeoverse",2024-11-07,"cran_downloads",8606
"palaeoverse",2024-11-08,"cran_downloads",8664
"palaeoverse",2024-11-09,"cran_downloads",8674
"palaeoverse",2024-11-10,"cran_downloads",8685
"palaeoverse",2024-11-11,"cran_downloads",8755
"palaeoverse",2024-11-12,"cran_downloads",8792
"palaeoverse",2024-11-13,"cran_downloads",8831
"palaeoverse",2024-11-14,"cran_downloads",8853
"palaeoverse",2024-11-15,"cran_downloads",8871
"palaeoverse",2024-11-16,"cran_downloads",8878
"palaeoverse",2024-11-17,"cran_downloads",8889
"palaeoverse",2024-11-18,"cran_downloads",8901
"palaeoverse",2024-11-19,"cran_downloads",8911
"palaeoverse",2024-11-20,"cran_downloads",8921
"palaeoverse",2024-11-21,"cran_downloads",8948
"palaeoverse",2024-11-22,"cran_downloads",8959
"palaeoverse",2024-11-23,"cran_downloads",8965
"palaeoverse",2024-11-24,"cran_downloads",8972
"palaeoverse",2024-11-25,"cran_downloads",8983
"palaeoverse",2024-11-26,"cran_downloads",8992
"palaeoverse",2024-11-27,"cran_downloads",9009
"palaeoverse",2024-11-28,"cran_downloads",9025
"palaeoverse",2024-11-29,"cran_downloads",9044
"palaeoverse",2024-11-30,"cran_downloads",9050
"palaeoverse",2024-12-01,"cran_downloads",9062
"palaeoverse",2024-12-02,"cran_downloads",9077
"palaeoverse",2024-12-03,"cran_downloads",9088
"palaeoverse",2024-12-04,"cran_downloads",9108
"palaeoverse",2024-12-05,"cran_downloads",9137
"palaeoverse",2024-12-06,"cran_downloads",9152
"palaeoverse",2024-12-07,"cran_downloads",9164
"palaeoverse",2024-12-08,"cran_downloads",9172
"palaeoverse",2024-12-09,"cran_downloads",9209
"palaeoverse",2024-12-10,"cran_downloads",9237
"palaeoverse",2024-12-11,"cran_downloads",9284
"palaeoverse",2024-12-12,"cran_downloads",9329
"palaeoverse",2024-12-13,"cran_downloads",9348
"palaeoverse",2024-12-14,"cran_downloads",9358
"palaeoverse",2024-12-15,"cran_downloads",9361
"palaeoverse",2024-12-16,"cran_downloads",9378
"palaeoverse",2024-12-17,"cran_downloads",9381
"palaeoverse",2024-12-18,"cran_downloads",9390
"palaeoverse",2024-12-19,"cran_downloads",9413
"palaeoverse",2024-12-20,"cran_downloads",9437
"palaeoverse",2024-12-21,"cran_downloads",9443
"palaeoverse",2024-12-22,"cran_downloads",9447
"palaeoverse",2024-12-23,"cran_downloads",9450
"palaeoverse",2024-12-24,"cran_downloads",9458
"palaeoverse",2024-12-25,"cran_downloads",9473
"palaeoverse",2024-12-26,"cran_downloads",9482
"palaeoverse",2024-12-27,"cran_downloads",9490
"palaeoverse",2024-12-28,"cran_downloads",9498
"palaeoverse",2024-12-29,"cran_downloads",9500
"palaeoverse",2024-12-30,"cran_downloads",9502
"palaeoverse",2024-12-31,"cran_downloads",9508
"palaeoverse",2025-01-01,"cran_downloads",9535
"palaeoverse",2025-01-02,"cran_downloads",9552
"palaeoverse",2025-01-03,"cran_downloads",9570
"palaeoverse",2025-01-04,"cran_downloads",9583
"palaeoverse",2025-01-05,"cran_downloads",9588
"palaeoverse",2025-01-06,"cran_downloads",9597
"palaeoverse",2025-01-07,"cran_downloads",9600
"palaeoverse",2025-01-08,"cran_downloads",9618
"palaeoverse",2025-01-09,"cran_downloads",9622
"palaeoverse",2025-01-10,"cran_downloads",9631
"palaeoverse",2025-01-11,"cran_downloads",9635
"palaeoverse",2025-01-12,"cran_downloads",9640
"palaeoverse",2025-01-13,"cran_downloads",9649
"palaeoverse",2025-01-14,"cran_downloads",9653
"palaeoverse",2025-01-15,"cran_downloads",9673
"palaeoverse",2025-01-16,"cran_downloads",9679
"palaeoverse",2025-01-17,"cran_downloads",9686
"palaeoverse",2025-01-18,"cran_downloads",9704
"palaeoverse",2025-01-19,"cran_downloads",9717
"palaeoverse",2025-01-20,"cran_downloads",9730
"palaeoverse",2025-01-21,"cran_downloads",9744
"palaeoverse",2025-01-22,"cran_downloads",9777
"palaeoverse",2025-01-23,"cran_downloads",9786
"palaeoverse",2025-01-24,"cran_downloads",9792
"palaeoverse",2025-01-25,"cran_downloads",9799
"palaeoverse",2025-01-26,"cran_downloads",9803
"palaeoverse",2025-01-27,"cran_downloads",9813
"palaeoverse",2025-01-28,"cran_downloads",9820
"palaeoverse",2025-01-29,"cran_downloads",9832
"palaeoverse",2025-01-30,"cran_downloads",9849
"palaeoverse",2025-01-31,"cran_downloads",9853
"palaeoverse",2025-02-01,"cran_downloads",9865
"palaeoverse",2025-02-02,"cran_downloads",9869
"palaeoverse",2025-02-03,"cran_downloads",9874
"palaeoverse",2025-02-04,"cran_downloads",9882
"palaeoverse",2025-02-05,"cran_downloads",9902
"palaeoverse",2025-02-06,"cran_downloads",9915
"palaeoverse",2025-02-07,"cran_downloads",9933
"palaeoverse",2025-02-08,"cran_downloads",9948
"palaeoverse",2025-02-09,"cran_downloads",9964
"palaeoverse",2025-02-10,"cran_downloads",9986
"palaeoverse",2025-02-11,"cran_downloads",9999
"palaeoverse",2025-02-12,"cran_downloads",10033
"palaeoverse",2025-02-13,"cran_downloads",10057
"palaeoverse",2025-02-14,"cran_downloads",10078
"palaeoverse",2025-02-15,"cran_downloads",10084
"palaeoverse",2025-02-16,"cran_downloads",10106
"palaeoverse",2025-02-17,"cran_downloads",10125
"palaeoverse",2025-02-18,"cran_downloads",10153
"palaeoverse",2025-02-19,"cran_downloads",10178
"palaeoverse",2025-02-20,"cran_downloads",10207
"palaeoverse",2025-02-21,"cran_downloads",10212
"palaeoverse",2025-02-22,"cran_downloads",10226
"palaeoverse",2025-02-23,"cran_downloads",10233
"palaeoverse",2025-02-24,"cran_downloads",10242
"palaeoverse",2025-02-25,"cran_downloads",10251
"palaeoverse",2025-02-26,"cran_downloads",10267
"palaeoverse",2025-02-27,"cran_downloads",10289
"palaeoverse",2025-02-28,"cran_downloads",10294
"palaeoverse",2025-03-01,"cran_downloads",10308
"palaeoverse",2025-03-02,"cran_downloads",10324
"palaeoverse",2025-03-03,"cran_downloads",10333
"palaeoverse",2025-03-04,"cran_downloads",10347
"palaeoverse",2025-03-05,"cran_downloads",10368
"palaeoverse",2025-03-06,"cran_downloads",10379
"palaeoverse",2025-03-07,"cran_downloads",10384
"palaeoverse",2025-03-08,"cran_downloads",10387
"palaeoverse",2025-03-09,"cran_downloads",10395
"palaeoverse",2025-03-10,"cran_downloads",10409
"palaeoverse",2025-03-11,"cran_downloads",10428
"palaeoverse",2025-03-12,"cran_downloads",10435
"palaeoverse",2025-03-13,"cran_downloads",10443
"palaeoverse",2025-03-14,"cran_downloads",10452
"palaeoverse",2025-03-15,"cran_downloads",10469
"palaeoverse",2025-03-16,"cran_downloads",10473
"palaeoverse",2025-03-17,"cran_downloads",10478
"palaeoverse",2025-03-18,"cran_downloads",10489
"palaeoverse",2025-03-19,"cran_downloads",10493
"palaeoverse",2025-03-20,"cran_downloads",10509
"palaeoverse",2025-03-21,"cran_downloads",10523
"palaeoverse",2025-03-22,"cran_downloads",10531
"palaeoverse",2025-03-23,"cran_downloads",10537
"palaeoverse",2025-03-24,"cran_downloads",10545
"palaeoverse",2025-03-25,"cran_downloads",10571
"palaeoverse",2025-03-26,"cran_downloads",10578
"palaeoverse",2025-03-27,"cran_downloads",10587
"palaeoverse",2025-03-28,"cran_downloads",10613
"palaeoverse",2025-03-29,"cran_downloads",10626
"palaeoverse",2025-03-30,"cran_downloads",10630
"palaeoverse",2025-03-31,"cran_downloads",10634
"palaeoverse",2025-04-01,"cran_downloads",10651
"palaeoverse",2025-04-02,"cran_downloads",10660
"palaeoverse",2025-04-03,"cran_downloads",10667
"palaeoverse",2025-04-04,"cran_downloads",10671
"palaeoverse",2025-04-05,"cran_downloads",10678
"palaeoverse",2025-04-06,"cran_downloads",10694
"palaeoverse",2025-04-07,"cran_downloads",10702
"palaeoverse",2025-04-08,"cran_downloads",10714
"palaeoverse",2025-04-09,"cran_downloads",10722
"palaeoverse",2025-04-10,"cran_downloads",10733
"palaeoverse",2025-04-11,"cran_downloads",10752
"palaeoverse",2025-04-12,"cran_downloads",10772
"palaeoverse",2025-04-13,"cran_downloads",10780
"palaeoverse",2025-04-14,"cran_downloads",10794
"palaeoverse",2025-04-15,"cran_downloads",10818
"palaeoverse",2025-04-16,"cran_downloads",10834
"palaeoverse",2025-04-17,"cran_downloads",10848
"palaeoverse",2025-04-18,"cran_downloads",10863
"palaeoverse",2025-04-19,"cran_downloads",10879
"palaeoverse",2025-04-20,"cran_downloads",10889
"palaeoverse",2025-04-21,"cran_downloads",10898
"palaeoverse",2025-04-22,"cran_downloads",10905
"palaeoverse",2025-04-23,"cran_downloads",10932
"palaeoverse",2025-04-24,"cran_downloads",10946
"palaeoverse",2025-04-25,"cran_downloads",10960
"palaeoverse",2025-04-26,"cran_downloads",10970
"palaeoverse",2025-04-27,"cran_downloads",10977
"palaeoverse",2025-04-28,"cran_downloads",10982
"palaeoverse",2025-04-29,"cran_downloads",10991
"palaeoverse",2025-04-30,"cran_downloads",10999
"palaeoverse",2025-05-01,"cran_downloads",11021
"palaeoverse",2025-05-02,"cran_downloads",11032
"palaeoverse",2025-05-03,"cran_downloads",11044
"palaeoverse",2025-05-04,"cran_downloads",11048
"palaeoverse",2025-05-05,"cran_downloads",11061
"palaeoverse",2025-05-06,"cran_downloads",11087
"palaeoverse",2025-05-07,"cran_downloads",11101
"palaeoverse",2025-05-08,"cran_downloads",11108
"palaeoverse",2025-05-09,"cran_downloads",11116
"palaeoverse",2025-05-10,"cran_downloads",11120
"palaeoverse",2025-05-11,"cran_downloads",11124
"palaeoverse",2025-05-12,"cran_downloads",11131
"palaeoverse",2025-05-13,"cran_downloads",11143
"palaeoverse",2025-05-14,"cran_downloads",11153
"palaeoverse",2025-05-15,"cran_downloads",11163
"palaeoverse",2025-05-16,"cran_downloads",11169
"palaeoverse",2025-05-17,"cran_downloads",11179
"palaeoverse",2025-05-18,"cran_downloads",11193
"palaeoverse",2025-05-19,"cran_downloads",11210
"palaeoverse",2025-05-20,"cran_downloads",11217
"palaeoverse",2025-05-21,"cran_downloads",11231
"palaeoverse",2025-05-22,"cran_downloads",11257
"palaeoverse",2025-05-23,"cran_downloads",11270
"palaeoverse",2025-05-24,"cran_downloads",11275
"palaeoverse",2025-05-25,"cran_downloads",11282
"palaeoverse",2025-05-26,"cran_downloads",11296
"palaeoverse",2025-05-27,"cran_downloads",11305
"palaeoverse",2025-05-28,"cran_downloads",11321
"palaeoverse",2025-05-29,"cran_downloads",11335
"palaeoverse",2025-05-30,"cran_downloads",11350
"palaeoverse",2025-05-31,"cran_downloads",11361
"palaeoverse",2025-06-01,"cran_downloads",11367
"palaeoverse",2025-06-02,"cran_downloads",11385
"palaeoverse",2025-06-03,"cran_downloads",11425
"palaeoverse",2025-06-04,"cran_downloads",11443
"palaeoverse",2025-06-05,"cran_downloads",11454
"palaeoverse",2025-06-06,"cran_downloads",11467
"palaeoverse",2025-06-07,"cran_downloads",11475
"palaeoverse",2025-06-08,"cran_downloads",11482
"palaeoverse",2025-06-09,"cran_downloads",11494
"palaeoverse",2025-06-10,"cran_downloads",11503
"palaeoverse",2025-06-11,"cran_downloads",11510
"palaeoverse",2025-06-12,"cran_downloads",11518
"palaeoverse",2025-06-13,"cran_downloads",11528
"palaeoverse",2025-06-14,"cran_downloads",11539
"palaeoverse",2025-06-15,"cran_downloads",11549
"palaeoverse",2025-06-16,"cran_downloads",11570
"palaeoverse",2025-06-17,"cran_downloads",11596
"palaeoverse",2025-06-18,"cran_downloads",11634
"palaeoverse",2025-06-19,"cran_downloads",11660
"palaeoverse",2025-06-20,"cran_downloads",11672
"palaeoverse",2025-06-21,"cran_downloads",11706
"palaeoverse",2025-06-22,"cran_downloads",11719
"palaeoverse",2025-06-23,"cran_downloads",11742
"palaeoverse",2025-06-24,"cran_downloads",11753
"palaeoverse",2025-06-25,"cran_downloads",11768
"palaeoverse",2025-06-26,"cran_downloads",11774
"palaeoverse",2025-06-27,"cran_downloads",11786
"palaeoverse",2025-06-28,"cran_downloads",11798
"palaeoverse",2025-06-29,"cran_downloads",11808
"palaeoverse",2025-06-30,"cran_downloads",11819
"palaeoverse",2025-07-01,"cran_downloads",11834
"palaeoverse",2025-07-02,"cran_downloads",11845
"palaeoverse",2025-07-03,"cran_downloads",11857
"palaeoverse",2025-07-04,"cran_downloads",11867
"palaeoverse",2025-07-05,"cran_downloads",11880
"palaeoverse",2025-07-06,"cran_downloads",11889
"palaeoverse",2025-07-07,"cran_downloads",11900
"palaeoverse",2025-07-08,"cran_downloads",11922
"palaeoverse",2025-07-09,"cran_downloads",11941
"palaeoverse",2025-07-10,"cran_downloads",11965
"palaeoverse",2025-07-11,"cran_downloads",11984
"palaeoverse",2025-07-12,"cran_downloads",11991
"palaeoverse",2025-07-13,"cran_downloads",12000
"palaeoverse",2025-07-14,"cran_downloads",12021
"palaeoverse",2025-07-15,"cran_downloads",12039
"palaeoverse",2025-07-16,"cran_downloads",12045
"palaeoverse",2025-07-17,"cran_downloads",12057
"palaeoverse",2025-07-18,"cran_downloads",12083
"palaeoverse",2025-07-19,"cran_downloads",12090
"palaeoverse",2025-07-20,"cran_downloads",12093
"palaeoverse",2025-07-21,"cran_downloads",12100
"palaeoverse",2025-07-22,"cran_downloads",12110
"palaeoverse",2025-07-23,"cran_downloads",12118
"palaeoverse",2025-07-24,"cran_downloads",12125
"palaeoverse",2025-07-25,"cran_downloads",12134
"palaeoverse",2025-07-26,"cran_downloads",12154
"palaeoverse",2025-07-27,"cran_downloads",12204
"palaeoverse",2025-07-28,"cran_downloads",12206
"palaeoverse",2025-07-29,"cran_downloads",12223
"palaeoverse",2025-07-30,"cran_downloads",12237
"palaeoverse",2025-07-31,"cran_downloads",12246
"palaeoverse",2025-08-01,"cran_downloads",12267
"palaeoverse",2025-08-02,"cran_downloads",12275
"palaeoverse",2025-08-03,"cran_downloads",12286
"palaeoverse",2025-08-04,"cran_downloads",12303
"palaeoverse",2025-08-05,"cran_downloads",12318
"palaeoverse",2025-08-06,"cran_downloads",12340
"palaeoverse",2025-08-07,"cran_downloads",12348
"palaeoverse",2025-08-08,"cran_downloads",12360
"palaeoverse",2025-08-09,"cran_downloads",12370
"palaeoverse",2025-08-10,"cran_downloads",12384
"palaeoverse",2025-08-11,"cran_downloads",12400
"palaeoverse",2025-08-12,"cran_downloads",12410
"palaeoverse",2025-08-13,"cran_downloads",12419
"palaeoverse",2025-08-14,"cran_downloads",12430
"palaeoverse",2025-08-15,"cran_downloads",12431
"palaeoverse",2025-08-16,"cran_downloads",12436
"palaeoverse",2025-08-17,"cran_downloads",12440
"palaeoverse",2025-08-18,"cran_downloads",12449
"palaeoverse",2025-08-19,"cran_downloads",12453
"palaeoverse",2025-08-20,"cran_downloads",12461
"palaeoverse",2025-08-21,"cran_downloads",12477
"palaeoverse",2025-08-22,"cran_downloads",12489
"palaeoverse",2025-08-23,"cran_downloads",12493
"palaeoverse",2025-08-24,"cran_downloads",12505
"palaeoverse",2025-08-25,"cran_downloads",12505
"palaeoverse",2025-08-26,"cran_downloads",12505
"palaeoverse",2025-08-27,"cran_downloads",12515
"palaeoverse",2025-08-28,"cran_downloads",12519
"palaeoverse",2025-08-29,"cran_downloads",12519
"palaeoverse",2025-08-30,"cran_downloads",12519
"palaeoverse",2025-08-31,"cran_downloads",12519
"palaeoverse",2025-09-01,"cran_downloads",12519
"palaeoverse",2025-09-02,"cran_downloads",12519
"palaeoverse",2025-09-03,"cran_downloads",12557
"palaeoverse",2025-09-04,"cran_downloads",12619
"palaeoverse",2025-09-05,"cran_downloads",12679
"palaeoverse",2025-09-06,"cran_downloads",12707
"palaeoverse",2025-09-07,"cran_downloads",12733
"palaeoverse",2025-09-08,"cran_downloads",12776
"palaeoverse",2025-09-09,"cran_downloads",12842
"palaeoverse",2025-09-10,"cran_downloads",12926
"palaeoverse",2025-09-11,"cran_downloads",13002
"palaeoverse",2025-09-12,"cran_downloads",13021
"palaeoverse",2025-09-13,"cran_downloads",13028
"palaeoverse",2025-09-14,"cran_downloads",13075
"palaeoverse",2025-09-15,"cran_downloads",13149
"palaeoverse",2025-09-16,"cran_downloads",13176
"palaeoverse",2025-09-17,"cran_downloads",13189
"palaeoverse",2025-09-18,"cran_downloads",13234
"palaeoverse",2025-09-19,"cran_downloads",13245
"palaeoverse",2025-09-20,"cran_downloads",13260
"palaeoverse",2025-09-21,"cran_downloads",13285
"palaeoverse",2025-09-22,"cran_downloads",13331
"palaeoverse",2025-09-23,"cran_downloads",13437
"palaeoverse",2025-09-24,"cran_downloads",13476
"palaeoverse",2025-09-25,"cran_downloads",13515
"palaeoverse",2025-09-26,"cran_downloads",13556
"palaeoverse",2025-09-27,"cran_downloads",13565
"palaeoverse",2025-09-28,"cran_downloads",13594
"palaeoverse",2025-09-29,"cran_downloads",13648
"palaeoverse",2025-09-30,"cran_downloads",13701
"palaeoverse",2025-10-01,"cran_downloads",13721
"palaeoverse",2025-10-02,"cran_downloads",13738
"palaeoverse",2025-10-03,"cran_downloads",13780
"palaeoverse",2025-10-04,"cran_downloads",13863
"palaeoverse",2025-10-05,"cran_downloads",13963
"palaeoverse",2025-10-06,"cran_downloads",13981
"palaeoverse",2025-10-07,"cran_downloads",13991
"palaeoverse",2025-10-08,"cran_downloads",14017
"palaeoverse",2025-10-09,"cran_downloads",14046
"palaeoverse",2025-10-10,"cran_downloads",14069
"palaeoverse",2025-10-11,"cran_downloads",14097
"palaeoverse",2025-10-12,"cran_downloads",14107
"palaeoverse",2025-10-13,"cran_downloads",14130
"palaeoverse",2025-10-14,"cran_downloads",14168
"palaeoverse",2025-10-15,"cran_downloads",14186
"palaeoverse",2025-10-16,"cran_downloads",14224
"palaeoverse",2025-10-17,"cran_downloads",14316
"palaeoverse",2025-10-18,"cran_downloads",14370
"palaeoverse",2025-10-19,"cran_downloads",14383
"palaeoverse",2025-10-20,"cran_downloads",14405
"palaeoverse",2025-10-21,"cran_downloads",14414
"palaeoverse",2025-10-22,"cran_downloads",14418
"palaeoverse",2025-10-23,"cran_downloads",14440
"palaeoverse",2025-10-24,"cran_downloads",14455
"palaeoverse",2025-10-25,"cran_downloads",14471
"palaeoverse",2025-10-26,"cran_downloads",14558
"palaeoverse",2025-10-27,"cran_downloads",14589
"palaeoverse",2025-10-28,"cran_downloads",14599
"palaeoverse",2025-10-29,"cran_downloads",14619
"palaeoverse",2025-10-30,"cran_downloads",14627
"palaeoverse",2025-10-31,"cran_downloads",14649
"palaeoverse",2025-11-01,"cran_downloads",14662
"palaeoverse",2025-11-02,"cran_downloads",14672
"palaeoverse",2025-11-03,"cran_downloads",14693
"palaeoverse",2025-11-04,"cran_downloads",14718
"palaeoverse",2025-11-05,"cran_downloads",14773
"palaeoverse",2025-11-06,"cran_downloads",14782
"palaeoverse",2025-11-07,"cran_downloads",14789
"palaeoverse",2025-11-08,"cran_downloads",14792
"palaeoverse",2025-11-09,"cran_downloads",14796
"palaeoverse",2025-11-10,"cran_downloads",14806
"palaeoverse",2025-11-11,"cran_downloads",14834
"palaeoverse",2025-11-12,"cran_downloads",14863
"palaeoverse",2025-11-13,"cran_downloads",14879
"palaeoverse",2025-11-14,"cran_downloads",14897
"palaeoverse",2025-11-15,"cran_downloads",14918
"palaeoverse",2025-11-16,"cran_downloads",14961
"palaeoverse",2025-11-17,"cran_downloads",14985
"palaeoverse",2025-11-18,"cran_downloads",15056
"palaeoverse",2025-11-19,"cran_downloads",15104
"palaeoverse",2025-11-20,"cran_downloads",15127
"palaeoverse",2025-11-21,"cran_downloads",15152
"palaeoverse",2025-11-22,"cran_downloads",15161
"palaeoverse",2025-11-23,"cran_downloads",15163
"palaeoverse",2025-11-24,"cran_downloads",15178
"palaeoverse",2025-11-25,"cran_downloads",15198
"palaeoverse",2025-11-26,"cran_downloads",15228
"palaeoverse",2025-11-27,"cran_downloads",15239
"palaeoverse",2025-11-28,"cran_downloads",15251
"palaeoverse",2025-11-29,"cran_downloads",15259
"palaeoverse",2025-11-30,"cran_downloads",15268
"palaeoverse",2025-12-01,"cran_downloads",15285
"palaeoverse",2025-12-02,"cran_downloads",15296
"palaeoverse",2025-12-03,"cran_downloads",15320
"palaeoverse",2025-12-04,"cran_downloads",15335
"palaeoverse",2025-12-05,"cran_downloads",15364
"palaeoverse",2025-12-06,"cran_downloads",15379
"palaeoverse",2025-12-07,"cran_downloads",15406
"palaeoverse",2025-12-08,"cran_downloads",15421
"palaeoverse",2025-12-09,"cran_downloads",15455
"palaeoverse",2025-12-10,"cran_downloads",15474
"palaeoverse",2025-12-11,"cran_downloads",15523
"palaeoverse",2025-12-12,"cran_downloads",15605
"palaeoverse",2025-12-13,"cran_downloads",15725
"palaeoverse",2025-12-14,"cran_downloads",15788
"palaeoverse",2025-12-15,"cran_downloads",15805
"palaeoverse",2025-12-16,"cran_downloads",15825
"palaeoverse",2025-12-17,"cran_downloads",15831
"palaeoverse",2025-12-18,"cran_downloads",15841
"palaeoverse",2025-12-19,"cran_downloads",15850
"palaeoverse",2025-12-20,"cran_downloads",15874
"palaeoverse",2025-12-21,"cran_downloads",15907
"palaeoverse",2025-12-22,"cran_downloads",15926
"palaeoverse",2025-12-23,"cran_downloads",15935
"palaeoverse",2025-12-24,"cran_downloads",15942
"palaeoverse",2025-12-25,"cran_downloads",15948
"palaeoverse",2025-12-26,"cran_downloads",15969
"palaeoverse",2025-12-27,"cran_downloads",15975
"palaeoverse",2025-12-28,"cran_downloads",15985
"palaeoverse",2025-12-29,"cran_downloads",16000
"palaeoverse",2025-12-30,"cran_downloads",16024
"palaeoverse",2025-12-31,"cran_downloads",16029
"palaeoverse",2026-01-01,"cran_downloads",16039
"palaeoverse",2026-01-02,"cran_downloads",16053
"palaeoverse",2026-01-03,"cran_downloads",16056
"palaeoverse",2026-01-04,"cran_downloads",16060
"palaeoverse",2026-01-05,"cran_downloads",16080
"palaeoverse",2026-01-06,"cran_downloads",16087
"palaeoverse",2026-01-07,"cran_downloads",16098
"palaeoverse",2026-01-08,"cran_downloads",16109
"palaeoverse",2026-01-09,"cran_downloads",16127
"palaeoverse",2026-01-10,"cran_downloads",16138
"palaeoverse",2026-01-11,"cran_downloads",16145
"palaeoverse",2026-01-12,"cran_downloads",16154
"palaeoverse",2026-01-13,"cran_downloads",16161
"palaeoverse",2026-01-14,"cran_downloads",16170
"palaeoverse",2026-01-15,"cran_downloads",16197
"palaeoverse",2026-01-16,"cran_downloads",16210
"palaeoverse",2026-01-17,"cran_downloads",16222
"palaeoverse",2026-01-18,"cran_downloads",16229
"palaeoverse",2026-01-19,"cran_downloads",16248
"palaeoverse",2026-01-20,"cran_downloads",16275
"palaeoverse",2026-01-21,"cran_downloads",16311
"palaeoverse",2026-01-22,"cran_downloads",16330
"palaeoverse",2026-01-23,"cran_downloads",16341
"palaeoverse",2026-01-24,"cran_downloads",16370
"palaeoverse",2026-01-25,"cran_downloads",16403
"palaeoverse",2026-01-26,"cran_downloads",16412
"palaeoverse",2026-01-27,"cran_downloads",16428
"palaeoverse",2026-01-28,"cran_downloads",16450
"palaeoverse",2026-01-29,"cran_downloads",16467
"palaeoverse",2026-01-30,"cran_downloads",16504
"palaeoverse",2026-01-31,"cran_downloads",16516
"palaeoverse",2026-02-01,"cran_downloads",16529
"palaeoverse",2026-02-02,"cran_downloads",16558
"palaeoverse",2026-02-03,"cran_downloads",16579
"palaeoverse",2026-02-04,"cran_downloads",16592
"palaeoverse",2026-02-05,"cran_downloads",16606
"palaeoverse",2026-02-06,"cran_downloads",16615
"palaeoverse",2026-02-07,"cran_downloads",16620
"palaeoverse",2026-02-08,"cran_downloads",16629
"palaeoverse",2026-02-09,"cran_downloads",16639
"palaeoverse",2026-02-10,"cran_downloads",16660
"palaeoverse",2026-02-11,"cran_downloads",16672
"palaeoverse",2026-02-12,"cran_downloads",16699
"palaeoverse",2026-02-13,"cran_downloads",16724
"palaeoverse",2026-02-14,"cran_downloads",16736
"palaeoverse",2026-02-15,"cran_downloads",16747
"palaeoverse",2026-02-16,"cran_downloads",16753
"palaeoverse",2026-02-17,"cran_downloads",16756
"palaeoverse",2026-02-18,"cran_downloads",16768
"palaeoverse",2026-02-19,"cran_downloads",16784
"palaeoverse",2026-02-20,"cran_downloads",16794
"palaeoverse",2026-02-21,"cran_downloads",16809
"palaeoverse",2026-02-22,"cran_downloads",16814
"palaeoverse",2026-02-23,"cran_downloads",16821
"palaeoverse",2026-02-24,"cran_downloads",16849
"palaeoverse",2026-02-25,"cran_downloads",16877
"palaeoverse",2026-02-26,"cran_downloads",16888
"palaeoverse",2026-02-27,"cran_downloads",16910
"palaeoverse",2026-02-28,"cran_downloads",16916
"palaeoverse",2026-03-01,"cran_downloads",16929
"palaeoverse",2026-03-02,"cran_downloads",16940
"palaeoverse",2026-03-03,"cran_downloads",16954
"palaeoverse",2026-03-04,"cran_downloads",16961
"palaeoverse",2026-03-05,"cran_downloads",16971
"palaeoverse",2026-03-06,"cran_downloads",16982
"palaeoverse",2026-03-07,"cran_downloads",16992
"palaeoverse",2026-03-08,"cran_downloads",17000
"palaeoverse",2026-03-09,"cran_downloads",17026
"palaeoverse",2026-03-10,"cran_downloads",17046
"palaeoverse",2026-03-11,"cran_downloads",17053
"palaeoverse",2026-03-12,"cran_downloads",17061
"palaeoverse",2026-03-13,"cran_downloads",17099
"palaeoverse",2026-03-14,"cran_downloads",17114
"palaeoverse",2026-03-15,"cran_downloads",17140
"palaeoverse",2026-03-16,"cran_downloads",17151
"palaeoverse",2026-03-17,"cran_downloads",17163
"palaeoverse",2026-03-18,"cran_downloads",17178
"palaeoverse",2026-03-19,"cran_downloads",17187
"palaeoverse",2026-03-20,"cran_downloads",17212
"palaeoverse",2026-03-21,"cran_downloads",17221
"palaeoverse",2026-03-22,"cran_downloads",17230
"palaeoverse",2026-03-23,"cran_downloads",17242
"palaeoverse",2026-03-24,"cran_downloads",17250
"palaeoverse",2026-03-25,"cran_downloads",17265
"palaeoverse",2026-03-26,"cran_downloads",17277
"palaeoverse",2026-03-27,"cran_downloads",17293
"palaeoverse",2026-03-28,"cran_downloads",17298
"palaeoverse",2026-03-29,"cran_downloads",17310
"palaeoverse",2026-03-30,"cran_downloads",17320
"palaeoverse",2026-03-31,"cran_downloads",17379
"palaeoverse",2026-04-01,"cran_downloads",17391
"palaeoverse",2026-04-02,"cran_downloads",17399
"palaeoverse",2026-04-03,"cran_downloads",17407
"palaeoverse",2026-04-04,"cran_downloads",17421
"palaeoverse",2026-04-05,"cran_downloads",17445
"palaeoverse",2026-04-06,"cran_downloads",17463
"palaeoverse",2026-04-07,"cran_downloads",17477
"palaeoverse",2026-04-08,"cran_downloads",17485
"palaeoverse",2026-04-09,"cran_downloads",17503
"palaeoverse",2026-04-10,"cran_downloads",17505
"palaeoverse",2026-04-11,"cran_downloads",17521
"palaeoverse",2026-04-12,"cran_downloads",17531
"palaeoverse",2026-04-13,"cran_downloads",17548
"palaeoverse",2026-04-14,"cran_downloads",17572
"palaeoverse",2026-04-15,"cran_downloads",17576
"palaeoverse",2026-04-16,"cran_downloads",17585
"palaeoverse",2026-04-17,"cran_downloads",17599
"palaeoverse",2026-04-18,"cran_downloads",17605
"palaeoverse",2026-04-19,"cran_downloads",17610
"palaeoverse",2026-04-20,"cran_downloads",17620
"palaeoverse",2026-04-21,"cran_downloads",17647
"palaeoverse",2026-04-22,"cran_downloads",17663
"palaeoverse",2026-04-23,"cran_downloads",17675
"palaeoverse",2026-04-24,"cran_downloads",17699
"palaeoverse",2026-04-25,"cran_downloads",17720
"palaeoverse",2026-04-26,"cran_downloads",17730
"palaeoverse",2026-04-27,"cran_downloads",17746
"palaeoverse",2026-04-28,"cran_downloads",17764
"palaeoverse",2026-04-29,"cran_downloads",17776
"palaeoverse",2026-04-30,"cran_downloads",17792
"palaeoverse",2026-05-01,"cran_downloads",17823
"palaeoverse",2026-05-02,"cran_downloads",17829
"palaeoverse",2026-05-03,"cran_downloads",17843
"palaeoverse",2026-05-04,"cran_downloads",17851
"palaeoverse",2026-05-05,"cran_downloads",17862
"palaeoverse",2026-05-06,"cran_downloads",17869
"palaeoverse",2026-05-07,"cran_downloads",17882
"palaeoverse",2026-05-08,"cran_downloads",17899
"palaeoverse",2026-05-09,"cran_downloads",17907
"palaeoverse",2026-05-10,"cran_downloads",17912
"palaeoverse",2026-05-11,"cran_downloads",17925
"palaeoverse",2026-05-12,"cran_downloads",17942
"palaeoverse",2026-05-13,"cran_downloads",17968
"palaeoverse",2026-05-14,"cran_downloads",17979
"palaeoverse",2026-05-15,"cran_downloads",17992
"palaeoverse",2026-05-16,"cran_downloads",17995
"palaeoverse",2026-05-17,"cran_downloads",18004
"palaeoverse",2026-05-18,"cran_downloads",18013
"palaeoverse",2026-05-19,"cran_downloads",18024
"palaeoverse",2026-05-20,"cran_downloads",18039
"palaeoverse",2026-05-21,"cran_downloads",18072
"palaeoverse",2026-05-22,"cran_downloads",18097
"palaeoverse",2026-05-23,"cran_downloads",18116
"palaeoverse",2026-05-24,"cran_downloads",18117
"palaeoverse",2026-05-25,"cran_downloads",18122
"palaeoverse",2026-05-26,"cran_downloads",18146
"palaeoverse",2026-05-27,"cran_downloads",18164
"palaeoverse",2026-05-28,"cran_downloads",18188
"palaeoverse",2026-05-29,"cran_downloads",18204
"palaeoverse",2026-05-30,"cran_downloads",18220
"palaeoverse",2026-05-31,"cran_downloads",18229
"palaeoverse",2026-06-01,"cran_downloads",18243
"palaeoverse",2026-06-02,"cran_downloads",18261
"palaeoverse",2026-06-03,"cran_downloads",18280
"palaeoverse",2026-06-04,"cran_downloads",18305
"palaeoverse",2026-06-05,"cran_downloads",18313
"palaeoverse",2026-06-06,"cran_downloads",18322
"palaeoverse",2026-06-07,"cran_downloads",18332
"palaeoverse",2026-06-08,"cran_downloads",18357
"palaeoverse",2026-06-09,"cran_downloads",18392
"palaeoverse",2026-06-10,"cran_downloads",18400
"palaeoverse",2026-06-11,"cran_downloads",18462
"palaeoverse",2026-06-12,"cran_downloads",18498
"palaeoverse",2026-06-13,"cran_downloads",18517
"palaeoverse",2026-06-14,"cran_downloads",18568
"palaeoverse",2026-06-15,"cran_downloads",18578
"palaeoverse",2026-06-16,"cran_downloads",18595
"palaeoverse",2026-06-17,"cran_downloads",18614
"palaeoverse",2026-06-18,"cran_downloads",18642
"palaeoverse",2026-06-19,"cran_downloads",18655
"palaeoverse",2026-06-20,"cran_downloads",18663
"palaeoverse",2026-06-21,"cran_downloads",18675
"palaeoverse",2026-06-22,"cran_downloads",18688
"palaeoverse",2026-06-23,"cran_downloads",18703
"palaeoverse",2026-06-24,"cran_downloads",18710
"palaeoverse",2026-06-25,"cran_downloads",18718
"palaeoverse",2026-06-26,"cran_downloads",18726
"palaeoverse",2026-06-27,"cran_downloads",18734
"palaeoverse",2026-06-28,"cran_downloads",18751
"palaeoverse",2026-06-29,"cran_downloads",18769
"palaeoverse",2026-06-30,"cran_downloads",18780
"palaeoverse",2026-07-01,"cran_downloads",18825
"palaeoverse",2026-07-02,"cran_downloads",18873
"palaeoverse",2026-07-03,"cran_downloads",18893
"palaeoverse",2026-07-04,"cran_downloads",18906
"palaeoverse",2026-07-05,"cran_downloads",18919
"palaeoverse",2026-07-06,"cran_downloads",18931
"palaeoverse",2026-07-07,"cran_downloads",18955
"palaeoverse",2026-07-08,"cran_downloads",18968
"palaeoverse",2026-07-09,"cran_downloads",18985
"palaeoverse",2026-07-10,"cran_downloads",19012
"palaeoverse",2026-07-11,"cran_downloads",19041
"palaeoverse",2026-07-12,"cran_downloads",19075
"palaeoverse",2026-07-13,"cran_downloads",19088
"palaeoverse",2026-07-14,"cran_downloads",19106
"palaeoverse",2026-07-15,"cran_downloads",19117
"palaeoverse",2026-07-16,"cran_downloads",19132
"palaeoverse",2026-07-17,"cran_downloads",19143
"palaeoverse",2026-07-18,"cran_downloads",19150
"palaeoverse",2026-07-19,"cran_downloads",19157
"palaeoverse",2026-07-20,"cran_downloads",19166
"palaeoverse",2026-07-21,"cran_downloads",19175
"palaeoverse",2026-07-22,"cran_downloads",19209
"palaeoverse",2026-07-23,"cran_downloads",19305
"palaeoverse",2026-07-24,"cran_downloads",19336
"palaeoverse",2026-07-25,"cran_downloads",19359
"palaeoverse",2026-07-26,"cran_downloads",19402
"palaeoverse",2026-07-27,"cran_downloads",19447
"palaeoverse",2026-07-28,"cran_downloads",19454
"palaeoverse",2026-07-29,"cran_downloads",19463
"palaeoverse",2026-07-30,"cran_downloads",19470
"palaeoverse",2026-07-31,"cran_downloads",19475
"palaeoverse",2026-08-01,"cran_downloads",19487
"palaeoverse",2026-08-02,"cran_downloads",19492
"palaeoverse",2026-08-03,"cran_downloads",19498
"palaeoverse",2026-08-04,"cran_downloads",19501
"palaeoverse",2026-08-05,"cran_downloads",19511
"palaeoverse",2026-08-06,"cran_downloads",19518
"palaeoverse",2026-08-07,"cran_downloads",19527
"palaeoverse",2026-08-08,"cran_downloads",19547
"palaeoverse",2026-08-09,"cran_downloads",19577
"palaeoverse",2026-08-10,"cran_downloads",19591
"palaeoverse",2026-08-11,"cran_downloads",19605
"palaeoverse",2026-08-12,"cran_downloads",19614
"palaeoverse",2026-08-13,"cran_downloads",19623
"palaeoverse",2026-08-14,"cran_downloads",19633
"palaeoverse",2026-08-15,"cran_downloads",19647
"palaeoverse",2026-08-16,"cran_downloads",19654
"palaeoverse",2026-08-17,"cran_downloads",19661
"palaeoverse",2026-08-18,"cran_downloads",19672
"palaeoverse",2026-08-19,"cran_downloads",19682
"palaeoverse",2026-08-20,"cran_downloads",19689
"palaeoverse",2026-08-21,"cran_downloads",19703
"palaeoverse",2026-08-22,"cran_downloads",19706
"palaeoverse",2026-08-23,"cran_downloads",19709
"palaeoverse",2026-08-24,"cran_downloads",19729
"palaeoverse",2026-08-25,"cran_downloads",19745
"palaeoverse",2026-08-26,"cran_downloads",19759
"palaeoverse",2026-08-27,"cran_downloads",19774
"palaeoverse",2026-08-28,"cran_downloads",19790
"palaeoverse",2026-08-29,"cran_downloads",19801
"palaeoverse",2026-08-30,"cran_downloads",19807
"palaeoverse",2026-08-31,"cran_downloads",19816
"palaeoverse",2026-09-01,"cran_downloads",19850
"palaeoverse",2026-09-02,"cran_downloads",19874
"palaeoverse",2026-09-03,"cran_downloads",19874
"palaeoverse",2026-09-04,"cran_downloads",19874
"palaeoverse",2026-09-05,"cran_downloads",19874
"palaeoverse",2022-10-31,"cran_releases",1
"palaeoverse",2023-01-12,"cran_releases",2
"palaeoverse",2023-02-16,"cran_releases",3
"palaeoverse",2023-04-18,"cran_releases",4
"palaeoverse",2023-08-17,"cran_releases",5
"palaeoverse",2024-04-16,"cran_releases",6
"palaeoverse",2024-10-14,"cran_releases",7
"palaeoverse",2026-06-11,"cran_releases",8
"palaeoverse",2022-06-21,"forks",2
"palaeoverse",2022-07-26,"forks",3
"palaeoverse",2023-01-21,"forks",4
"palaeoverse",2024-01-04,"forks",5
"palaeoverse",2025-05-15,"forks",6
"palaeoverse",2026-05-12,"forks",7
"palaeoverse",2022-06-13,"github_stars",1
"palaeoverse",2022-06-20,"github_stars",2
"palaeoverse",2022-06-21,"github_stars",3
"palaeoverse",2022-10-05,"github_stars",4
"palaeoverse",2022-10-10,"github_stars",5
"palaeoverse",2022-10-12,"github_stars",6
"palaeoverse",2022-10-15,"github_stars",7
"palaeoverse",2022-10-28,"github_stars",9
"palaeoverse",2022-10-31,"github_stars",10
"palaeoverse",2022-11-04,"github_stars",11
"palaeoverse",2023-03-23,"github_stars",12
"palaeoverse",2023-04-25,"github_stars",13
"palaeoverse",2023-12-08,"github_stars",14
"palaeoverse",2024-01-04,"github_stars",15
"palaeoverse",2024-02-07,"github_stars",16
"palaeoverse",2024-04-20,"github_stars",17
"palaeoverse",2024-04-21,"github_stars",18
"palaeoverse",2024-10-18,"github_stars",19
"palaeoverse",2024-10-21,"github_stars",20
"palaeoverse",2025-05-08,"github_stars",21
"palaeoverse",2025-09-23,"github_stars",22
"palaeoverse",2025-10-07,"github_stars",23
"palaeoverse",2025-10-18,"github_stars",24
"palaeoverse",2026-02-08,"github_stars",25
"palaeoverse",2026-02-10,"github_stars",26
"palaeoverse",2026-04-24,"github_stars",27
"palaeoverse",2026-06-02,"github_stars",28
"palaeoverse",2022-06-17,"issues",2
"palaeoverse",2022-06-21,"issues",6
"palaeoverse",2022-06-22,"issues",7
"palaeoverse",2022-06-23,"issues",8
"palaeoverse",2022-06-24,"issues",9
"palaeoverse",2022-07-18,"issues",13
"palaeoverse",2022-07-20,"issues",19
"palaeoverse",2022-07-26,"issues",20
"palaeoverse",2022-08-22,"issues",21
"palaeoverse",2022-08-23,"issues",22
"palaeoverse",2022-10-03,"issues",23
"palaeoverse",2022-10-06,"issues",25
"palaeoverse",2022-10-13,"issues",27
"palaeoverse",2022-10-14,"issues",28
"palaeoverse",2022-10-25,"issues",29
"palaeoverse",2022-11-09,"issues",30
"palaeoverse",2022-11-15,"issues",32
"palaeoverse",2022-11-23,"issues",33
"palaeoverse",2022-11-24,"issues",34
"palaeoverse",2022-11-25,"issues",35
"palaeoverse",2022-12-08,"issues",36
"palaeoverse",2023-02-04,"issues",37
"palaeoverse",2023-02-21,"issues",38
"palaeoverse",2023-03-02,"issues",39
"palaeoverse",2023-03-11,"issues",40
"palaeoverse",2023-03-17,"issues",42
"palaeoverse",2023-03-20,"issues",43
"palaeoverse",2023-06-14,"issues",44
"palaeoverse",2023-07-14,"issues",45
"palaeoverse",2023-08-13,"issues",46
"palaeoverse",2023-09-26,"issues",47
"palaeoverse",2023-11-12,"issues",48
"palaeoverse",2023-11-30,"issues",49
"palaeoverse",2023-12-01,"issues",50
"palaeoverse",2023-12-08,"issues",51
"palaeoverse",2024-01-24,"issues",52
"palaeoverse",2024-03-04,"issues",53
"palaeoverse",2024-03-11,"issues",55
"palaeoverse",2024-04-04,"issues",56
"palaeoverse",2024-06-29,"issues",57
"palaeoverse",2024-08-28,"issues",58
"palaeoverse",2024-10-02,"issues",59
"palaeoverse",2024-10-03,"issues",60
"palaeoverse",2024-10-10,"issues",62
"palaeoverse",2024-10-29,"issues",63
"palaeoverse",2025-04-02,"issues",64
"palaeoverse",2025-04-10,"issues",65
"palaeoverse",2025-04-14,"issues",66
"palaeoverse",2025-04-16,"issues",67
"palaeoverse",2025-05-27,"issues",69
"palaeoverse",2025-07-20,"issues",70
"palaeoverse",2025-07-29,"issues",72
"palaeoverse",2025-09-05,"issues",73
"palaeoverse",2025-09-15,"issues",74
"palaeoverse",2025-09-16,"issues",75
"palaeoverse",2025-09-23,"issues",76
"palaeoverse",2025-09-24,"issues",77
"palaeoverse",2025-10-08,"issues",78
"palaeoverse",2025-11-20,"issues",79
"palaeoverse",2025-12-14,"issues",80
"palaeoverse",2026-02-09,"issues",81
"palaeoverse",2026-02-12,"issues",82
"palaeoverse",2026-04-28,"issues",83
"palaeoverse",2026-05-11,"issues",86
"palaeoverse",2026-05-14,"issues",91
"palaeoverse",2026-05-15,"issues",92
"palaeoverse",2026-05-18,"issues",93
"palaeoverse",2026-05-20,"issues",95
"palaeoverse",2026-05-21,"issues",98
"palaeoverse",2026-05-27,"issues",99
"palaeoverse",2026-05-28,"issues",100
"palaeoverse",2026-06-01,"issues",101
"palaeoverse",2026-06-02,"issues",102
"palaeoverse",2026-06-04,"issues",103
"palaeoverse",2026-06-08,"issues",105
"palaeoverse",2026-06-10,"issues",106
"palaeoverse",2026-06-12,"issues",107
"palaeoverse",2026-06-22,"issues",111
"palaeoverse",2026-06-23,"issues",112
"palaeoverse",2026-06-24,"issues",113
"palaeoverse",2026-07-01,"issues",115
"palaeoverse",2026-07-09,"issues",116
"palaeoverse",2026-07-13,"issues",119
"palaeoverse",2026-07-14,"issues",121
"palaeoverse",2026-07-20,"issues",122
"palaeoverse",2026-07-30,"issues",123
"palaeoverse",2026-08-03,"issues",125
"palaeoverse",2026-08-18,"issues",126
"palaeoverse",2026-08-28,"issues",127
"palaeoverse",2026-09-01,"issues",128
"palaeoverse",2026-09-02,"issues",130
"palaeoverse",2022-03-11,"lines_of_code",23
"palaeoverse",2022-05-02,"lines_of_code",142
"palaeoverse",2022-05-03,"lines_of_code",177
"palaeoverse",2022-05-04,"lines_of_code",284
"palaeoverse",2022-05-05,"lines_of_code",304
"palaeoverse",2022-05-06,"lines_of_code",317
"palaeoverse",2022-05-13,"lines_of_code",320
"palaeoverse",2022-05-22,"lines_of_code",365
"palaeoverse",2022-05-24,"lines_of_code",479
"palaeoverse",2022-05-26,"lines_of_code",491
"palaeoverse",2022-05-27,"lines_of_code",491
"palaeoverse",2022-05-30,"lines_of_code",410
"palaeoverse",2022-06-02,"lines_of_code",410
"palaeoverse",2022-06-10,"lines_of_code",410
"palaeoverse",2022-06-17,"lines_of_code",427
"palaeoverse",2022-06-18,"lines_of_code",438
"palaeoverse",2022-06-20,"lines_of_code",438
"palaeoverse",2022-06-21,"lines_of_code",474
"palaeoverse",2022-06-22,"lines_of_code",474
"palaeoverse",2022-06-23,"lines_of_code",572
"palaeoverse",2022-06-24,"lines_of_code",581
"palaeoverse",2022-07-01,"lines_of_code",581
"palaeoverse",2022-07-02,"lines_of_code",581
"palaeoverse",2022-07-04,"lines_of_code",345
"palaeoverse",2022-07-05,"lines_of_code",322
"palaeoverse",2022-07-15,"lines_of_code",1230
"palaeoverse",2022-07-18,"lines_of_code",1230
"palaeoverse",2022-07-20,"lines_of_code",1212
"palaeoverse",2022-07-22,"lines_of_code",1212
"palaeoverse",2022-07-28,"lines_of_code",1213
"palaeoverse",2022-08-29,"lines_of_code",1213
"palaeoverse",2022-08-31,"lines_of_code",1213
"palaeoverse",2022-09-01,"lines_of_code",1213
"palaeoverse",2022-09-08,"lines_of_code",1450
"palaeoverse",2022-09-14,"lines_of_code",1450
"palaeoverse",2022-09-19,"lines_of_code",1450
"palaeoverse",2022-09-21,"lines_of_code",1450
"palaeoverse",2022-09-22,"lines_of_code",1409
"palaeoverse",2022-10-02,"lines_of_code",1582
"palaeoverse",2022-10-03,"lines_of_code",1618
"palaeoverse",2022-10-04,"lines_of_code",1879
"palaeoverse",2022-10-06,"lines_of_code",1879
"palaeoverse",2022-10-07,"lines_of_code",2039
"palaeoverse",2022-10-08,"lines_of_code",2311
"palaeoverse",2022-10-10,"lines_of_code",2410
"palaeoverse",2022-10-11,"lines_of_code",2410
"palaeoverse",2022-10-12,"lines_of_code",2410
"palaeoverse",2022-10-14,"lines_of_code",2718
"palaeoverse",2022-10-15,"lines_of_code",2807
"palaeoverse",2022-10-16,"lines_of_code",2810
"palaeoverse",2022-10-17,"lines_of_code",2810
"palaeoverse",2022-10-20,"lines_of_code",2853
"palaeoverse",2022-10-24,"lines_of_code",2853
"palaeoverse",2022-10-25,"lines_of_code",2856
"palaeoverse",2022-10-26,"lines_of_code",2856
"palaeoverse",2022-10-27,"lines_of_code",2856
"palaeoverse",2022-10-28,"lines_of_code",2856
"palaeoverse",2022-10-29,"lines_of_code",2856
"palaeoverse",2022-10-31,"lines_of_code",2856
"palaeoverse",2022-11-03,"lines_of_code",2856
"palaeoverse",2022-11-12,"lines_of_code",2855
"palaeoverse",2022-11-22,"lines_of_code",2857
"palaeoverse",2022-11-23,"lines_of_code",2843
"palaeoverse",2022-11-24,"lines_of_code",2843
"palaeoverse",2022-11-28,"lines_of_code",2843
"palaeoverse",2022-11-30,"lines_of_code",2844
"palaeoverse",2022-12-02,"lines_of_code",2844
"palaeoverse",2022-12-08,"lines_of_code",2888
"palaeoverse",2022-12-21,"lines_of_code",2879
"palaeoverse",2022-12-22,"lines_of_code",2959
"palaeoverse",2022-12-29,"lines_of_code",3000
"palaeoverse",2022-12-30,"lines_of_code",3042
"palaeoverse",2023-01-10,"lines_of_code",3042
"palaeoverse",2023-01-12,"lines_of_code",3078
"palaeoverse",2023-01-20,"lines_of_code",3078
"palaeoverse",2023-01-22,"lines_of_code",3078
"palaeoverse",2023-01-23,"lines_of_code",3079
"palaeoverse",2023-02-14,"lines_of_code",3074
"palaeoverse",2023-02-15,"lines_of_code",3074
"palaeoverse",2023-02-16,"lines_of_code",3074
"palaeoverse",2023-02-23,"lines_of_code",3097
"palaeoverse",2023-02-24,"lines_of_code",3097
"palaeoverse",2023-02-27,"lines_of_code",3097
"palaeoverse",2023-03-07,"lines_of_code",3106
"palaeoverse",2023-03-13,"lines_of_code",3106
"palaeoverse",2023-03-31,"lines_of_code",3133
"palaeoverse",2023-04-16,"lines_of_code",3133
"palaeoverse",2023-04-17,"lines_of_code",3148
"palaeoverse",2023-04-18,"lines_of_code",3148
"palaeoverse",2023-07-17,"lines_of_code",3158
"palaeoverse",2023-07-18,"lines_of_code",3185
"palaeoverse",2023-07-19,"lines_of_code",3185
"palaeoverse",2023-07-24,"lines_of_code",3185
"palaeoverse",2023-08-15,"lines_of_code",3185
"palaeoverse",2023-08-16,"lines_of_code",3185
"palaeoverse",2023-11-15,"lines_of_code",3205
"palaeoverse",2023-12-04,"lines_of_code",3205
"palaeoverse",2024-02-13,"lines_of_code",3199
"palaeoverse",2024-03-04,"lines_of_code",3408
"palaeoverse",2024-03-12,"lines_of_code",3411
"palaeoverse",2024-03-25,"lines_of_code",3428
"palaeoverse",2024-04-08,"lines_of_code",3439
"palaeoverse",2024-04-16,"lines_of_code",3439
"palaeoverse",2024-05-01,"lines_of_code",3439
"palaeoverse",2024-05-13,"lines_of_code",3439
"palaeoverse",2024-05-26,"lines_of_code",3439
"palaeoverse",2024-07-24,"lines_of_code",3439
"palaeoverse",2024-07-25,"lines_of_code",3439
"palaeoverse",2024-09-19,"lines_of_code",3439
"palaeoverse",2024-09-27,"lines_of_code",3362
"palaeoverse",2024-10-01,"lines_of_code",3397
"palaeoverse",2024-10-09,"lines_of_code",3473
"palaeoverse",2024-10-11,"lines_of_code",3484
"palaeoverse",2024-10-14,"lines_of_code",3484
"palaeoverse",2024-10-23,"lines_of_code",3553
"palaeoverse",2025-04-02,"lines_of_code",3553
"palaeoverse",2025-04-15,"lines_of_code",3676
"palaeoverse",2025-08-20,"lines_of_code",3675
"palaeoverse",2025-08-22,"lines_of_code",3675
"palaeoverse",2025-09-22,"lines_of_code",3670
"palaeoverse",2025-09-25,"lines_of_code",3768
"palaeoverse",2025-09-29,"lines_of_code",3768
"palaeoverse",2026-01-08,"lines_of_code",3768
"palaeoverse",2026-04-28,"lines_of_code",3768
"palaeoverse",2026-05-07,"lines_of_code",3768
"palaeoverse",2026-05-14,"lines_of_code",3768
"palaeoverse",2026-05-18,"lines_of_code",3768
"palaeoverse",2026-05-19,"lines_of_code",5477
"palaeoverse",2026-05-21,"lines_of_code",5711
"palaeoverse",2026-05-22,"lines_of_code",5711
"palaeoverse",2026-05-29,"lines_of_code",5711
"palaeoverse",2026-06-01,"lines_of_code",5842
"palaeoverse",2026-06-04,"lines_of_code",5897
"palaeoverse",2026-06-05,"lines_of_code",5897
"palaeoverse",2026-06-08,"lines_of_code",5897
"palaeoverse",2026-06-11,"lines_of_code",5897
"palaeoverse",2026-06-15,"lines_of_code",5897
"palaeoverse",2026-06-18,"lines_of_code",5897
"palaeoverse",2026-06-22,"lines_of_code",6012
"palaeoverse",2026-06-25,"lines_of_code",6039
"palaeoverse",2026-07-01,"lines_of_code",6202
"palaeoverse",2026-07-02,"lines_of_code",6203
"palaeoverse",2026-07-13,"lines_of_code",6203
"palaeoverse",2026-07-14,"lines_of_code",6688
"palaeoverse",2026-07-15,"lines_of_code",6734
"palaeoverse",2026-07-17,"lines_of_code",6734
"palaeoverse",2026-07-21,"lines_of_code",6734
"palaeoverse",2026-07-22,"lines_of_code",6734
"palaeoverse",2026-08-05,"lines_of_code",6734
"palaeoverse",2026-08-20,"lines_of_code",6743
"palaeoverse",2026-08-24,"lines_of_code",8057
"palaeoverse",2026-08-25,"lines_of_code",8034
"palaeoverse",2026-08-26,"lines_of_code",8034
"palaeoverse",2026-08-28,"lines_of_code",8034
"palaeoverse",2026-09-01,"lines_of_code",8568
"palaeoverse",2026-09-02,"lines_of_code",8631
"palaeoverse",2026-09-04,"lines_of_code",8639
"palaeoverse",2022-03-11,"mean_cyclomatic_complexity",4
"palaeoverse",2022-05-02,"mean_cyclomatic_complexity",11.6666666666667
"palaeoverse",2022-05-03,"mean_cyclomatic_complexity",10.5
"palaeoverse",2022-05-04,"mean_cyclomatic_complexity",12.6
"palaeoverse",2022-05-05,"mean_cyclomatic_complexity",13.2
"palaeoverse",2022-05-06,"mean_cyclomatic_complexity",13.6
"palaeoverse",2022-05-13,"mean_cyclomatic_complexity",13.8
"palaeoverse",2022-05-22,"mean_cyclomatic_complexity",16.2
"palaeoverse",2022-05-24,"mean_cyclomatic_complexity",18.4
"palaeoverse",2022-05-26,"mean_cyclomatic_complexity",18.4
"palaeoverse",2022-05-27,"mean_cyclomatic_complexity",18.4
"palaeoverse",2022-05-30,"mean_cyclomatic_complexity",18.4
"palaeoverse",2022-06-02,"mean_cyclomatic_complexity",18.4
"palaeoverse",2022-06-10,"mean_cyclomatic_complexity",18.4
"palaeoverse",2022-06-17,"mean_cyclomatic_complexity",18.8
"palaeoverse",2022-06-18,"mean_cyclomatic_complexity",18.4
"palaeoverse",2022-06-20,"mean_cyclomatic_complexity",18.4
"palaeoverse",2022-06-21,"mean_cyclomatic_complexity",20.4
"palaeoverse",2022-06-22,"mean_cyclomatic_complexity",20.4
"palaeoverse",2022-06-23,"mean_cyclomatic_complexity",20.4
"palaeoverse",2022-06-24,"mean_cyclomatic_complexity",20.8
"palaeoverse",2022-07-01,"mean_cyclomatic_complexity",20.8
"palaeoverse",2022-07-02,"mean_cyclomatic_complexity",20.8
"palaeoverse",2022-07-04,"mean_cyclomatic_complexity",14
"palaeoverse",2022-07-05,"mean_cyclomatic_complexity",14
"palaeoverse",2022-07-15,"mean_cyclomatic_complexity",30.625
"palaeoverse",2022-07-18,"mean_cyclomatic_complexity",31.125
"palaeoverse",2022-07-20,"mean_cyclomatic_complexity",34.8571428571429
"palaeoverse",2022-07-22,"mean_cyclomatic_complexity",34.8571428571429
"palaeoverse",2022-07-28,"mean_cyclomatic_complexity",34.8571428571429
"palaeoverse",2022-08-29,"mean_cyclomatic_complexity",34.8571428571429
"palaeoverse",2022-08-31,"mean_cyclomatic_complexity",34.8571428571429
"palaeoverse",2022-09-01,"mean_cyclomatic_complexity",34.8571428571429
"palaeoverse",2022-09-08,"mean_cyclomatic_complexity",34.6666666666667
"palaeoverse",2022-09-14,"mean_cyclomatic_complexity",34.6666666666667
"palaeoverse",2022-09-19,"mean_cyclomatic_complexity",34.6666666666667
"palaeoverse",2022-09-21,"mean_cyclomatic_complexity",34.6666666666667
"palaeoverse",2022-09-22,"mean_cyclomatic_complexity",31.5
"palaeoverse",2022-10-02,"mean_cyclomatic_complexity",35.1
"palaeoverse",2022-10-03,"mean_cyclomatic_complexity",32.7272727272727
"palaeoverse",2022-10-04,"mean_cyclomatic_complexity",31.2307692307692
"palaeoverse",2022-10-06,"mean_cyclomatic_complexity",31.2307692307692
"palaeoverse",2022-10-07,"mean_cyclomatic_complexity",30.8571428571429
"palaeoverse",2022-10-08,"mean_cyclomatic_complexity",33.3333333333333
"palaeoverse",2022-10-10,"mean_cyclomatic_complexity",32.0625
"palaeoverse",2022-10-11,"mean_cyclomatic_complexity",32.0625
"palaeoverse",2022-10-12,"mean_cyclomatic_complexity",32.0625
"palaeoverse",2022-10-14,"mean_cyclomatic_complexity",36.4705882352941
"palaeoverse",2022-10-15,"mean_cyclomatic_complexity",35.1666666666667
"palaeoverse",2022-10-16,"mean_cyclomatic_complexity",35.1666666666667
"palaeoverse",2022-10-17,"mean_cyclomatic_complexity",35.1666666666667
"palaeoverse",2022-10-20,"mean_cyclomatic_complexity",35.1666666666667
"palaeoverse",2022-10-24,"mean_cyclomatic_complexity",35.1666666666667
"palaeoverse",2022-10-25,"mean_cyclomatic_complexity",35.3333333333333
"palaeoverse",2022-10-26,"mean_cyclomatic_complexity",35.3333333333333
"palaeoverse",2022-10-27,"mean_cyclomatic_complexity",35.3333333333333
"palaeoverse",2022-10-28,"mean_cyclomatic_complexity",35.3333333333333
"palaeoverse",2022-10-29,"mean_cyclomatic_complexity",35.3333333333333
"palaeoverse",2022-10-31,"mean_cyclomatic_complexity",35.3333333333333
"palaeoverse",2022-11-03,"mean_cyclomatic_complexity",35.3333333333333
"palaeoverse",2022-11-12,"mean_cyclomatic_complexity",35.3333333333333
"palaeoverse",2022-11-22,"mean_cyclomatic_complexity",35.3333333333333
"palaeoverse",2022-11-23,"mean_cyclomatic_complexity",35.3333333333333
"palaeoverse",2022-11-24,"mean_cyclomatic_complexity",35.3333333333333
"palaeoverse",2022-11-28,"mean_cyclomatic_complexity",35.3333333333333
"palaeoverse",2022-11-30,"mean_cyclomatic_complexity",35.3333333333333
"palaeoverse",2022-12-02,"mean_cyclomatic_complexity",35.3333333333333
"palaeoverse",2022-12-08,"mean_cyclomatic_complexity",35.4444444444444
"palaeoverse",2022-12-21,"mean_cyclomatic_complexity",35.2777777777778
"palaeoverse",2022-12-22,"mean_cyclomatic_complexity",34.1578947368421
"palaeoverse",2022-12-29,"mean_cyclomatic_complexity",34.8947368421053
"palaeoverse",2022-12-30,"mean_cyclomatic_complexity",35.2105263157895
"palaeoverse",2023-01-10,"mean_cyclomatic_complexity",35.2105263157895
"palaeoverse",2023-01-12,"mean_cyclomatic_complexity",35.6315789473684
"palaeoverse",2023-01-20,"mean_cyclomatic_complexity",35.6315789473684
"palaeoverse",2023-01-22,"mean_cyclomatic_complexity",35.6315789473684
"palaeoverse",2023-01-23,"mean_cyclomatic_complexity",35.6315789473684
"palaeoverse",2023-02-14,"mean_cyclomatic_complexity",35.4736842105263
"palaeoverse",2023-02-15,"mean_cyclomatic_complexity",35.4736842105263
"palaeoverse",2023-02-16,"mean_cyclomatic_complexity",35.4736842105263
"palaeoverse",2023-02-23,"mean_cyclomatic_complexity",35.5263157894737
"palaeoverse",2023-02-24,"mean_cyclomatic_complexity",35.5263157894737
"palaeoverse",2023-02-27,"mean_cyclomatic_complexity",35.5263157894737
"palaeoverse",2023-03-07,"mean_cyclomatic_complexity",35.5263157894737
"palaeoverse",2023-03-13,"mean_cyclomatic_complexity",35.5263157894737
"palaeoverse",2023-03-31,"mean_cyclomatic_complexity",34.9473684210526
"palaeoverse",2023-04-16,"mean_cyclomatic_complexity",34.9473684210526
"palaeoverse",2023-04-17,"mean_cyclomatic_complexity",33.25
"palaeoverse",2023-04-18,"mean_cyclomatic_complexity",33.25
"palaeoverse",2023-07-17,"mean_cyclomatic_complexity",33.4
"palaeoverse",2023-07-18,"mean_cyclomatic_complexity",33.35
"palaeoverse",2023-07-19,"mean_cyclomatic_complexity",33.35
"palaeoverse",2023-07-24,"mean_cyclomatic_complexity",33.35
"palaeoverse",2023-08-15,"mean_cyclomatic_complexity",33.35
"palaeoverse",2023-08-16,"mean_cyclomatic_complexity",33.35
"palaeoverse",2023-11-15,"mean_cyclomatic_complexity",33.65
"palaeoverse",2023-12-04,"mean_cyclomatic_complexity",33.65
"palaeoverse",2024-02-13,"mean_cyclomatic_complexity",33.7
"palaeoverse",2024-03-04,"mean_cyclomatic_complexity",33.9047619047619
"palaeoverse",2024-03-12,"mean_cyclomatic_complexity",33.9523809523809
"palaeoverse",2024-03-25,"mean_cyclomatic_complexity",34
"palaeoverse",2024-04-08,"mean_cyclomatic_complexity",34.1904761904762
"palaeoverse",2024-04-16,"mean_cyclomatic_complexity",34.1904761904762
"palaeoverse",2024-05-01,"mean_cyclomatic_complexity",34.1904761904762
"palaeoverse",2024-05-13,"mean_cyclomatic_complexity",34.1904761904762
"palaeoverse",2024-05-26,"mean_cyclomatic_complexity",34.1904761904762
"palaeoverse",2024-07-24,"mean_cyclomatic_complexity",34.1904761904762
"palaeoverse",2024-07-25,"mean_cyclomatic_complexity",34.1904761904762
"palaeoverse",2024-09-19,"mean_cyclomatic_complexity",34.1904761904762
"palaeoverse",2024-09-27,"mean_cyclomatic_complexity",34.1904761904762
"palaeoverse",2024-10-01,"mean_cyclomatic_complexity",34.2380952380952
"palaeoverse",2024-10-09,"mean_cyclomatic_complexity",31.9565217391304
"palaeoverse",2024-10-11,"mean_cyclomatic_complexity",31.9565217391304
"palaeoverse",2024-10-14,"mean_cyclomatic_complexity",31.9565217391304
"palaeoverse",2024-10-23,"mean_cyclomatic_complexity",33.0869565217391
"palaeoverse",2025-04-02,"mean_cyclomatic_complexity",33.0869565217391
"palaeoverse",2025-04-15,"mean_cyclomatic_complexity",32.5833333333333
"palaeoverse",2025-08-20,"mean_cyclomatic_complexity",32.375
"palaeoverse",2025-08-22,"mean_cyclomatic_complexity",32.375
"palaeoverse",2025-09-22,"mean_cyclomatic_complexity",32.3333333333333
"palaeoverse",2025-09-25,"mean_cyclomatic_complexity",32.9583333333333
"palaeoverse",2025-09-29,"mean_cyclomatic_complexity",32.9583333333333
"palaeoverse",2026-01-08,"mean_cyclomatic_complexity",32.9583333333333
"palaeoverse",2026-04-28,"mean_cyclomatic_complexity",32.9583333333333
"palaeoverse",2026-05-07,"mean_cyclomatic_complexity",32.9583333333333
"palaeoverse",2026-05-14,"mean_cyclomatic_complexity",32.9583333333333
"palaeoverse",2026-05-18,"mean_cyclomatic_complexity",32.9583333333333
"palaeoverse",2026-05-19,"mean_cyclomatic_complexity",32.9583333333333
"palaeoverse",2026-05-21,"mean_cyclomatic_complexity",32.9583333333333
"palaeoverse",2026-05-22,"mean_cyclomatic_complexity",32.9583333333333
"palaeoverse",2026-05-29,"mean_cyclomatic_complexity",32.9583333333333
"palaeoverse",2026-06-01,"mean_cyclomatic_complexity",32
"palaeoverse",2026-06-04,"mean_cyclomatic_complexity",32
"palaeoverse",2026-06-05,"mean_cyclomatic_complexity",32
"palaeoverse",2026-06-08,"mean_cyclomatic_complexity",32
"palaeoverse",2026-06-11,"mean_cyclomatic_complexity",32
"palaeoverse",2026-06-15,"mean_cyclomatic_complexity",32
"palaeoverse",2026-06-18,"mean_cyclomatic_complexity",32
"palaeoverse",2026-06-22,"mean_cyclomatic_complexity",32
"palaeoverse",2026-06-25,"mean_cyclomatic_complexity",32.88
"palaeoverse",2026-07-01,"mean_cyclomatic_complexity",32.96
"palaeoverse",2026-07-02,"mean_cyclomatic_complexity",32.96
"palaeoverse",2026-07-13,"mean_cyclomatic_complexity",32.96
"palaeoverse",2026-07-14,"mean_cyclomatic_complexity",33.2
"palaeoverse",2026-07-15,"mean_cyclomatic_complexity",33.36
"palaeoverse",2026-07-17,"mean_cyclomatic_complexity",33.36
"palaeoverse",2026-07-21,"mean_cyclomatic_complexity",33.36
"palaeoverse",2026-07-22,"mean_cyclomatic_complexity",33.36
"palaeoverse",2026-08-05,"mean_cyclomatic_complexity",33.36
"palaeoverse",2026-08-20,"mean_cyclomatic_complexity",33.36
"palaeoverse",2026-08-24,"mean_cyclomatic_complexity",35
"palaeoverse",2026-08-25,"mean_cyclomatic_complexity",35
"palaeoverse",2026-08-26,"mean_cyclomatic_complexity",35
"palaeoverse",2026-08-28,"mean_cyclomatic_complexity",35
"palaeoverse",2026-09-01,"mean_cyclomatic_complexity",23.7209302325581
"palaeoverse",2026-09-02,"mean_cyclomatic_complexity",21.804347826087
"palaeoverse",2026-09-04,"mean_cyclomatic_complexity",21.8260869565217
"palaeoverse",2022-06-21,"merged_pull_requests",3
"palaeoverse",2022-07-15,"merged_pull_requests",5
"palaeoverse",2022-07-18,"merged_pull_requests",6
"palaeoverse",2022-07-20,"merged_pull_requests",8
"palaeoverse",2022-07-28,"merged_pull_requests",9
"palaeoverse",2022-09-08,"merged_pull_requests",11
"palaeoverse",2022-09-22,"merged_pull_requests",12
"palaeoverse",2022-10-02,"merged_pull_requests",13
"palaeoverse",2022-10-03,"merged_pull_requests",14
"palaeoverse",2022-10-04,"merged_pull_requests",15
"palaeoverse",2022-10-07,"merged_pull_requests",16
"palaeoverse",2022-10-08,"merged_pull_requests",17
"palaeoverse",2022-10-10,"merged_pull_requests",19
"palaeoverse",2022-10-11,"merged_pull_requests",20
"palaeoverse",2022-10-14,"merged_pull_requests",21
"palaeoverse",2022-10-15,"merged_pull_requests",22
"palaeoverse",2022-10-17,"merged_pull_requests",23
"palaeoverse",2022-10-20,"merged_pull_requests",24
"palaeoverse",2022-10-21,"merged_pull_requests",25
"palaeoverse",2022-10-24,"merged_pull_requests",26
"palaeoverse",2022-12-08,"merged_pull_requests",28
"palaeoverse",2022-12-21,"merged_pull_requests",30
"palaeoverse",2022-12-22,"merged_pull_requests",31
"palaeoverse",2022-12-29,"merged_pull_requests",32
"palaeoverse",2022-12-30,"merged_pull_requests",33
"palaeoverse",2023-01-12,"merged_pull_requests",34
"palaeoverse",2023-02-14,"merged_pull_requests",36
"palaeoverse",2023-02-23,"merged_pull_requests",37
"palaeoverse",2023-02-24,"merged_pull_requests",38
"palaeoverse",2023-02-27,"merged_pull_requests",39
"palaeoverse",2023-03-07,"merged_pull_requests",40
"palaeoverse",2023-03-13,"merged_pull_requests",41
"palaeoverse",2023-03-31,"merged_pull_requests",42
"palaeoverse",2023-04-17,"merged_pull_requests",43
"palaeoverse",2023-07-17,"merged_pull_requests",44
"palaeoverse",2023-07-18,"merged_pull_requests",45
"palaeoverse",2023-11-15,"merged_pull_requests",46
"palaeoverse",2023-12-04,"merged_pull_requests",47
"palaeoverse",2024-02-13,"merged_pull_requests",49
"palaeoverse",2024-03-04,"merged_pull_requests",50
"palaeoverse",2024-03-12,"merged_pull_requests",51
"palaeoverse",2024-03-25,"merged_pull_requests",52
"palaeoverse",2024-04-08,"merged_pull_requests",53
"palaeoverse",2024-05-13,"merged_pull_requests",54
"palaeoverse",2024-05-26,"merged_pull_requests",55
"palaeoverse",2024-09-19,"merged_pull_requests",56
"palaeoverse",2024-09-27,"merged_pull_requests",57
"palaeoverse",2024-10-01,"merged_pull_requests",58
"palaeoverse",2024-10-09,"merged_pull_requests",59
"palaeoverse",2024-10-11,"merged_pull_requests",60
"palaeoverse",2024-10-23,"merged_pull_requests",61
"palaeoverse",2025-04-15,"merged_pull_requests",62
"palaeoverse",2025-08-20,"merged_pull_requests",63
"palaeoverse",2025-09-22,"merged_pull_requests",64
"palaeoverse",2025-09-25,"merged_pull_requests",65
"palaeoverse",2026-05-07,"merged_pull_requests",66
"palaeoverse",2026-05-14,"merged_pull_requests",67
"palaeoverse",2026-05-18,"merged_pull_requests",68
"palaeoverse",2026-05-19,"merged_pull_requests",69
"palaeoverse",2026-05-21,"merged_pull_requests",77
"palaeoverse",2026-05-22,"merged_pull_requests",79
"palaeoverse",2026-05-29,"merged_pull_requests",82
"palaeoverse",2026-06-01,"merged_pull_requests",84
"palaeoverse",2026-06-04,"merged_pull_requests",90
"palaeoverse",2026-06-05,"merged_pull_requests",91
"palaeoverse",2026-06-08,"merged_pull_requests",96
"palaeoverse",2026-06-11,"merged_pull_requests",97
"palaeoverse",2026-06-15,"merged_pull_requests",98
"palaeoverse",2026-06-18,"merged_pull_requests",99
"palaeoverse",2026-06-22,"merged_pull_requests",103
"palaeoverse",2026-06-25,"merged_pull_requests",105
"palaeoverse",2026-07-01,"merged_pull_requests",107
"palaeoverse",2026-07-02,"merged_pull_requests",108
"palaeoverse",2026-07-13,"merged_pull_requests",110
"palaeoverse",2026-07-14,"merged_pull_requests",115
"palaeoverse",2026-07-15,"merged_pull_requests",116
"palaeoverse",2026-07-17,"merged_pull_requests",117
"palaeoverse",2026-07-21,"merged_pull_requests",119
"palaeoverse",2026-07-22,"merged_pull_requests",120
"palaeoverse",2026-08-05,"merged_pull_requests",121
"palaeoverse",2026-08-20,"merged_pull_requests",126
"palaeoverse",2026-08-24,"merged_pull_requests",138
"palaeoverse",2026-08-25,"merged_pull_requests",140
"palaeoverse",2026-08-26,"merged_pull_requests",141
"palaeoverse",2026-08-28,"merged_pull_requests",142
"palaeoverse",2026-09-01,"merged_pull_requests",144
"palaeoverse",2026-09-02,"merged_pull_requests",150
"palaeoverse",2026-09-04,"merged_pull_requests",151
"palaeoverse",2022-06-17,"open_issues",2
"palaeoverse",2022-06-21,"open_issues",3
"palaeoverse",2022-06-22,"open_issues",3
"palaeoverse",2022-06-23,"open_issues",3
"palaeoverse",2022-06-24,"open_issues",4
"palaeoverse",2022-07-15,"open_issues",2
"palaeoverse",2022-07-18,"open_issues",5
"palaeoverse",2022-07-20,"open_issues",11
"palaeoverse",2022-07-26,"open_issues",12
"palaeoverse",2022-08-22,"open_issues",13
"palaeoverse",2022-08-23,"open_issues",14
"palaeoverse",2022-09-08,"open_issues",12
"palaeoverse",2022-10-02,"open_issues",11
"palaeoverse",2022-10-03,"open_issues",12
"palaeoverse",2022-10-04,"open_issues",11
"palaeoverse",2022-10-06,"open_issues",13
"palaeoverse",2022-10-07,"open_issues",12
"palaeoverse",2022-10-08,"open_issues",11
"palaeoverse",2022-10-10,"open_issues",10
"palaeoverse",2022-10-13,"open_issues",12
"palaeoverse",2022-10-14,"open_issues",12
"palaeoverse",2022-10-17,"open_issues",11
"palaeoverse",2022-10-21,"open_issues",10
"palaeoverse",2022-10-25,"open_issues",11
"palaeoverse",2022-11-09,"open_issues",12
"palaeoverse",2022-11-15,"open_issues",14
"palaeoverse",2022-11-23,"open_issues",15
"palaeoverse",2022-11-24,"open_issues",15
"palaeoverse",2022-11-25,"open_issues",16
"palaeoverse",2022-11-28,"open_issues",15
"palaeoverse",2022-12-02,"open_issues",13
"palaeoverse",2022-12-08,"open_issues",12
"palaeoverse",2022-12-20,"open_issues",11
"palaeoverse",2022-12-21,"open_issues",8
"palaeoverse",2022-12-22,"open_issues",7
"palaeoverse",2022-12-29,"open_issues",6
"palaeoverse",2022-12-30,"open_issues",5
"palaeoverse",2023-01-12,"open_issues",4
"palaeoverse",2023-02-04,"open_issues",5
"palaeoverse",2023-02-14,"open_issues",4
"palaeoverse",2023-02-21,"open_issues",5
"palaeoverse",2023-02-24,"open_issues",4
"palaeoverse",2023-03-02,"open_issues",5
"palaeoverse",2023-03-07,"open_issues",4
"palaeoverse",2023-03-11,"open_issues",5
"palaeoverse",2023-03-13,"open_issues",4
"palaeoverse",2023-03-17,"open_issues",6
"palaeoverse",2023-03-20,"open_issues",7
"palaeoverse",2023-04-17,"open_issues",6
"palaeoverse",2023-06-14,"open_issues",7
"palaeoverse",2023-07-14,"open_issues",8
"palaeoverse",2023-07-18,"open_issues",7
"palaeoverse",2023-08-13,"open_issues",8
"palaeoverse",2023-09-26,"open_issues",9
"palaeoverse",2023-11-12,"open_issues",10
"palaeoverse",2023-11-15,"open_issues",9
"palaeoverse",2023-11-30,"open_issues",10
"palaeoverse",2023-12-01,"open_issues",11
"palaeoverse",2023-12-04,"open_issues",10
"palaeoverse",2023-12-08,"open_issues",11
"palaeoverse",2024-01-08,"open_issues",10
"palaeoverse",2024-01-24,"open_issues",11
"palaeoverse",2024-02-13,"open_issues",9
"palaeoverse",2024-03-04,"open_issues",9
"palaeoverse",2024-03-11,"open_issues",11
"palaeoverse",2024-03-12,"open_issues",10
"palaeoverse",2024-03-25,"open_issues",9
"palaeoverse",2024-04-04,"open_issues",10
"palaeoverse",2024-04-08,"open_issues",9
"palaeoverse",2024-06-29,"open_issues",10
"palaeoverse",2024-08-28,"open_issues",11
"palaeoverse",2024-09-19,"open_issues",10
"palaeoverse",2024-10-01,"open_issues",9
"palaeoverse",2024-10-02,"open_issues",10
"palaeoverse",2024-10-03,"open_issues",11
"palaeoverse",2024-10-09,"open_issues",10
"palaeoverse",2024-10-10,"open_issues",12
"palaeoverse",2024-10-23,"open_issues",11
"palaeoverse",2024-10-29,"open_issues",12
"palaeoverse",2025-04-02,"open_issues",13
"palaeoverse",2025-04-10,"open_issues",14
"palaeoverse",2025-04-14,"open_issues",15
"palaeoverse",2025-04-15,"open_issues",13
"palaeoverse",2025-04-16,"open_issues",14
"palaeoverse",2025-05-27,"open_issues",16
"palaeoverse",2025-07-20,"open_issues",17
"palaeoverse",2025-07-29,"open_issues",19
"palaeoverse",2025-08-20,"open_issues",18
"palaeoverse",2025-09-05,"open_issues",19
"palaeoverse",2025-09-15,"open_issues",20
"palaeoverse",2025-09-16,"open_issues",21
"palaeoverse",2025-09-22,"open_issues",20
"palaeoverse",2025-09-23,"open_issues",20
"palaeoverse",2025-09-24,"open_issues",21
"palaeoverse",2025-09-25,"open_issues",20
"palaeoverse",2025-10-08,"open_issues",21
"palaeoverse",2025-11-20,"open_issues",22
"palaeoverse",2025-12-14,"open_issues",23
"palaeoverse",2026-02-09,"open_issues",24
"palaeoverse",2026-02-12,"open_issues",25
"palaeoverse",2026-04-28,"open_issues",25
"palaeoverse",2026-05-11,"open_issues",28
"palaeoverse",2026-05-14,"open_issues",32
"palaeoverse",2026-05-15,"open_issues",33
"palaeoverse",2026-05-18,"open_issues",34
"palaeoverse",2026-05-20,"open_issues",36
"palaeoverse",2026-05-21,"open_issues",38
"palaeoverse",2026-05-22,"open_issues",37
"palaeoverse",2026-05-27,"open_issues",38
"palaeoverse",2026-05-28,"open_issues",39
"palaeoverse",2026-06-01,"open_issues",39
"palaeoverse",2026-06-02,"open_issues",40
"palaeoverse",2026-06-04,"open_issues",39
"palaeoverse",2026-06-05,"open_issues",38
"palaeoverse",2026-06-08,"open_issues",37
"palaeoverse",2026-06-10,"open_issues",38
"palaeoverse",2026-06-11,"open_issues",37
"palaeoverse",2026-06-12,"open_issues",38
"palaeoverse",2026-06-15,"open_issues",37
"palaeoverse",2026-06-22,"open_issues",40
"palaeoverse",2026-06-23,"open_issues",41
"palaeoverse",2026-06-24,"open_issues",42
"palaeoverse",2026-06-25,"open_issues",41
"palaeoverse",2026-07-01,"open_issues",43
"palaeoverse",2026-07-09,"open_issues",44
"palaeoverse",2026-07-13,"open_issues",47
"palaeoverse",2026-07-14,"open_issues",49
"palaeoverse",2026-07-20,"open_issues",50
"palaeoverse",2026-07-22,"open_issues",49
"palaeoverse",2026-07-30,"open_issues",50
"palaeoverse",2026-08-03,"open_issues",52
"palaeoverse",2026-08-18,"open_issues",53
"palaeoverse",2026-08-24,"open_issues",50
"palaeoverse",2026-08-28,"open_issues",51
"palaeoverse",2026-09-01,"open_issues",51
"palaeoverse",2026-09-02,"open_issues",53
"palaeoverse",2026-09-04,"open_issues",52
"palaeoverse",2022-06-21,"open_pull_requests",0
"palaeoverse",2022-06-27,"open_pull_requests",1
"palaeoverse",2022-07-04,"open_pull_requests",2
"palaeoverse",2022-07-05,"open_pull_requests",3
"palaeoverse",2022-07-14,"open_pull_requests",4
"palaeoverse",2022-07-15,"open_pull_requests",2
"palaeoverse",2022-07-16,"open_pull_requests",3
"palaeoverse",2022-07-18,"open_pull_requests",3
"palaeoverse",2022-07-20,"open_pull_requests",1
"palaeoverse",2022-07-25,"open_pull_requests",2
"palaeoverse",2022-07-26,"open_pull_requests",3
"palaeoverse",2022-07-28,"open_pull_requests",2
"palaeoverse",2022-08-04,"open_pull_requests",3
"palaeoverse",2022-08-05,"open_pull_requests",4
"palaeoverse",2022-08-06,"open_pull_requests",5
"palaeoverse",2022-08-25,"open_pull_requests",6
"palaeoverse",2022-09-06,"open_pull_requests",7
"palaeoverse",2022-09-07,"open_pull_requests",7
"palaeoverse",2022-09-08,"open_pull_requests",5
"palaeoverse",2022-09-12,"open_pull_requests",6
"palaeoverse",2022-09-20,"open_pull_requests",6
"palaeoverse",2022-09-22,"open_pull_requests",6
"palaeoverse",2022-10-02,"open_pull_requests",5
"palaeoverse",2022-10-03,"open_pull_requests",4
"palaeoverse",2022-10-04,"open_pull_requests",3
"palaeoverse",2022-10-07,"open_pull_requests",2
"palaeoverse",2022-10-08,"open_pull_requests",2
"palaeoverse",2022-10-10,"open_pull_requests",1
"palaeoverse",2022-10-11,"open_pull_requests",2
"palaeoverse",2022-10-14,"open_pull_requests",1
"palaeoverse",2022-10-15,"open_pull_requests",0
"palaeoverse",2022-10-17,"open_pull_requests",0
"palaeoverse",2022-10-18,"open_pull_requests",1
"palaeoverse",2022-10-19,"open_pull_requests",2
"palaeoverse",2022-10-20,"open_pull_requests",1
"palaeoverse",2022-10-21,"open_pull_requests",0
"palaeoverse",2022-10-24,"open_pull_requests",0
"palaeoverse",2022-11-30,"open_pull_requests",1
"palaeoverse",2022-12-02,"open_pull_requests",2
"palaeoverse",2022-12-08,"open_pull_requests",1
"palaeoverse",2022-12-20,"open_pull_requests",2
"palaeoverse",2022-12-21,"open_pull_requests",2
"palaeoverse",2022-12-22,"open_pull_requests",1
"palaeoverse",2022-12-23,"open_pull_requests",2
"palaeoverse",2022-12-29,"open_pull_requests",1
"palaeoverse",2022-12-30,"open_pull_requests",0
"palaeoverse",2023-01-06,"open_pull_requests",1
"palaeoverse",2023-01-12,"open_pull_requests",0
"palaeoverse",2023-02-04,"open_pull_requests",1
"palaeoverse",2023-02-14,"open_pull_requests",0
"palaeoverse",2023-02-17,"open_pull_requests",1
"palaeoverse",2023-02-21,"open_pull_requests",2
"palaeoverse",2023-02-23,"open_pull_requests",2
"palaeoverse",2023-02-24,"open_pull_requests",1
"palaeoverse",2023-02-27,"open_pull_requests",1
"palaeoverse",2023-03-02,"open_pull_requests",2
"palaeoverse",2023-03-07,"open_pull_requests",1
"palaeoverse",2023-03-11,"open_pull_requests",2
"palaeoverse",2023-03-13,"open_pull_requests",1
"palaeoverse",2023-03-31,"open_pull_requests",1
"palaeoverse",2023-04-17,"open_pull_requests",0
"palaeoverse",2023-07-13,"open_pull_requests",1
"palaeoverse",2023-07-17,"open_pull_requests",1
"palaeoverse",2023-07-18,"open_pull_requests",0
"palaeoverse",2023-08-14,"open_pull_requests",1
"palaeoverse",2023-11-15,"open_pull_requests",1
"palaeoverse",2023-11-30,"open_pull_requests",2
"palaeoverse",2023-12-04,"open_pull_requests",1
"palaeoverse",2023-12-21,"open_pull_requests",2
"palaeoverse",2024-02-12,"open_pull_requests",3
"palaeoverse",2024-02-13,"open_pull_requests",2
"palaeoverse",2024-03-04,"open_pull_requests",1
"palaeoverse",2024-03-11,"open_pull_requests",2
"palaeoverse",2024-03-12,"open_pull_requests",1
"palaeoverse",2024-03-25,"open_pull_requests",1
"palaeoverse",2024-04-08,"open_pull_requests",0
"palaeoverse",2024-05-06,"open_pull_requests",1
"palaeoverse",2024-05-13,"open_pull_requests",0
"palaeoverse",2024-05-25,"open_pull_requests",1
"palaeoverse",2024-05-26,"open_pull_requests",0
"palaeoverse",2024-07-25,"open_pull_requests",1
"palaeoverse",2024-09-18,"open_pull_requests",4
"palaeoverse",2024-09-19,"open_pull_requests",3
"palaeoverse",2024-09-20,"open_pull_requests",4
"palaeoverse",2024-09-21,"open_pull_requests",5
"palaeoverse",2024-09-27,"open_pull_requests",4
"palaeoverse",2024-10-01,"open_pull_requests",3
"palaeoverse",2024-10-09,"open_pull_requests",2
"palaeoverse",2024-10-10,"open_pull_requests",3
"palaeoverse",2024-10-11,"open_pull_requests",2
"palaeoverse",2024-10-18,"open_pull_requests",3
"palaeoverse",2024-10-23,"open_pull_requests",2
"palaeoverse",2025-04-02,"open_pull_requests",3
"palaeoverse",2025-04-15,"open_pull_requests",2
"palaeoverse",2025-05-16,"open_pull_requests",3
"palaeoverse",2025-05-20,"open_pull_requests",4
"palaeoverse",2025-07-20,"open_pull_requests",5
"palaeoverse",2025-08-20,"open_pull_requests",5
"palaeoverse",2025-09-22,"open_pull_requests",4
"palaeoverse",2025-09-25,"open_pull_requests",3
"palaeoverse",2026-04-30,"open_pull_requests",4
"palaeoverse",2026-05-07,"open_pull_requests",3
"palaeoverse",2026-05-11,"open_pull_requests",5
"palaeoverse",2026-05-14,"open_pull_requests",6
"palaeoverse",2026-05-18,"open_pull_requests",9
"palaeoverse",2026-05-19,"open_pull_requests",13
"palaeoverse",2026-05-20,"open_pull_requests",15
"palaeoverse",2026-05-21,"open_pull_requests",9
"palaeoverse",2026-05-22,"open_pull_requests",7
"palaeoverse",2026-05-27,"open_pull_requests",11
"palaeoverse",2026-05-28,"open_pull_requests",12
"palaeoverse",2026-05-29,"open_pull_requests",9
"palaeoverse",2026-06-01,"open_pull_requests",10
"palaeoverse",2026-06-03,"open_pull_requests",14
"palaeoverse",2026-06-04,"open_pull_requests",10
"palaeoverse",2026-06-05,"open_pull_requests",11
"palaeoverse",2026-06-08,"open_pull_requests",9
"palaeoverse",2026-06-09,"open_pull_requests",11
"palaeoverse",2026-06-10,"open_pull_requests",14
"palaeoverse",2026-06-11,"open_pull_requests",13
"palaeoverse",2026-06-13,"open_pull_requests",14
"palaeoverse",2026-06-15,"open_pull_requests",13
"palaeoverse",2026-06-18,"open_pull_requests",12
"palaeoverse",2026-06-19,"open_pull_requests",13
"palaeoverse",2026-06-22,"open_pull_requests",10
"palaeoverse",2026-06-23,"open_pull_requests",12
"palaeoverse",2026-06-24,"open_pull_requests",14
"palaeoverse",2026-06-25,"open_pull_requests",12
"palaeoverse",2026-06-26,"open_pull_requests",13
"palaeoverse",2026-06-30,"open_pull_requests",14
"palaeoverse",2026-07-01,"open_pull_requests",15
"palaeoverse",2026-07-02,"open_pull_requests",15
"palaeoverse",2026-07-03,"open_pull_requests",15
"palaeoverse",2026-07-10,"open_pull_requests",15
"palaeoverse",2026-07-13,"open_pull_requests",17
"palaeoverse",2026-07-14,"open_pull_requests",17
"palaeoverse",2026-07-15,"open_pull_requests",16
"palaeoverse",2026-07-16,"open_pull_requests",17
"palaeoverse",2026-07-17,"open_pull_requests",16
"palaeoverse",2026-07-20,"open_pull_requests",17
"palaeoverse",2026-07-21,"open_pull_requests",16
"palaeoverse",2026-07-22,"open_pull_requests",15
"palaeoverse",2026-07-23,"open_pull_requests",16
"palaeoverse",2026-07-24,"open_pull_requests",17
"palaeoverse",2026-07-28,"open_pull_requests",19
"palaeoverse",2026-07-31,"open_pull_requests",19
"palaeoverse",2026-08-04,"open_pull_requests",20
"palaeoverse",2026-08-05,"open_pull_requests",20
"palaeoverse",2026-08-06,"open_pull_requests",21
"palaeoverse",2026-08-10,"open_pull_requests",22
"palaeoverse",2026-08-20,"open_pull_requests",19
"palaeoverse",2026-08-24,"open_pull_requests",8
"palaeoverse",2026-08-25,"open_pull_requests",8
"palaeoverse",2026-08-26,"open_pull_requests",9
"palaeoverse",2026-08-27,"open_pull_requests",11
"palaeoverse",2026-08-28,"open_pull_requests",13
"palaeoverse",2026-09-01,"open_pull_requests",12
"palaeoverse",2026-09-02,"open_pull_requests",22
"palaeoverse",2026-09-03,"open_pull_requests",34
"palaeoverse",2026-09-04,"open_pull_requests",33
"palaeoverse",2022-06-21,"pull_requests",3
"palaeoverse",2022-06-27,"pull_requests",4
"palaeoverse",2022-07-04,"pull_requests",5
"palaeoverse",2022-07-05,"pull_requests",6
"palaeoverse",2022-07-14,"pull_requests",7
"palaeoverse",2022-07-16,"pull_requests",8
"palaeoverse",2022-07-18,"pull_requests",9
"palaeoverse",2022-07-25,"pull_requests",10
"palaeoverse",2022-07-26,"pull_requests",11
"palaeoverse",2022-08-04,"pull_requests",12
"palaeoverse",2022-08-05,"pull_requests",13
"palaeoverse",2022-08-06,"pull_requests",14
"palaeoverse",2022-08-25,"pull_requests",15
"palaeoverse",2022-09-06,"pull_requests",16
"palaeoverse",2022-09-07,"pull_requests",17
"palaeoverse",2022-09-12,"pull_requests",18
"palaeoverse",2022-09-20,"pull_requests",19
"palaeoverse",2022-09-22,"pull_requests",20
"palaeoverse",2022-10-08,"pull_requests",21
"palaeoverse",2022-10-10,"pull_requests",22
"palaeoverse",2022-10-11,"pull_requests",24
"palaeoverse",2022-10-17,"pull_requests",25
"palaeoverse",2022-10-18,"pull_requests",27
"palaeoverse",2022-10-19,"pull_requests",28
"palaeoverse",2022-10-24,"pull_requests",29
"palaeoverse",2022-11-30,"pull_requests",30
"palaeoverse",2022-12-02,"pull_requests",31
"palaeoverse",2022-12-08,"pull_requests",32
"palaeoverse",2022-12-20,"pull_requests",33
"palaeoverse",2022-12-21,"pull_requests",35
"palaeoverse",2022-12-23,"pull_requests",36
"palaeoverse",2023-01-06,"pull_requests",37
"palaeoverse",2023-02-04,"pull_requests",38
"palaeoverse",2023-02-14,"pull_requests",39
"palaeoverse",2023-02-17,"pull_requests",40
"palaeoverse",2023-02-21,"pull_requests",41
"palaeoverse",2023-02-23,"pull_requests",42
"palaeoverse",2023-02-27,"pull_requests",43
"palaeoverse",2023-03-02,"pull_requests",44
"palaeoverse",2023-03-11,"pull_requests",45
"palaeoverse",2023-03-31,"pull_requests",46
"palaeoverse",2023-07-13,"pull_requests",47
"palaeoverse",2023-07-17,"pull_requests",48
"palaeoverse",2023-08-14,"pull_requests",49
"palaeoverse",2023-11-15,"pull_requests",50
"palaeoverse",2023-11-30,"pull_requests",51
"palaeoverse",2023-12-21,"pull_requests",52
"palaeoverse",2024-02-12,"pull_requests",53
"palaeoverse",2024-02-13,"pull_requests",54
"palaeoverse",2024-03-11,"pull_requests",55
"palaeoverse",2024-03-25,"pull_requests",56
"palaeoverse",2024-05-06,"pull_requests",57
"palaeoverse",2024-05-25,"pull_requests",58
"palaeoverse",2024-07-25,"pull_requests",59
"palaeoverse",2024-09-18,"pull_requests",62
"palaeoverse",2024-09-20,"pull_requests",63
"palaeoverse",2024-09-21,"pull_requests",64
"palaeoverse",2024-10-10,"pull_requests",65
"palaeoverse",2024-10-18,"pull_requests",66
"palaeoverse",2025-04-02,"pull_requests",67
"palaeoverse",2025-05-16,"pull_requests",68
"palaeoverse",2025-05-20,"pull_requests",69
"palaeoverse",2025-07-20,"pull_requests",70
"palaeoverse",2025-08-20,"pull_requests",71
"palaeoverse",2026-04-30,"pull_requests",72
"palaeoverse",2026-05-11,"pull_requests",74
"palaeoverse",2026-05-14,"pull_requests",76
"palaeoverse",2026-05-18,"pull_requests",80
"palaeoverse",2026-05-19,"pull_requests",85
"palaeoverse",2026-05-20,"pull_requests",87
"palaeoverse",2026-05-21,"pull_requests",89
"palaeoverse",2026-05-27,"pull_requests",93
"palaeoverse",2026-05-28,"pull_requests",94
"palaeoverse",2026-06-01,"pull_requests",98
"palaeoverse",2026-06-03,"pull_requests",102
"palaeoverse",2026-06-04,"pull_requests",105
"palaeoverse",2026-06-05,"pull_requests",107
"palaeoverse",2026-06-08,"pull_requests",113
"palaeoverse",2026-06-09,"pull_requests",115
"palaeoverse",2026-06-10,"pull_requests",118
"palaeoverse",2026-06-13,"pull_requests",119
"palaeoverse",2026-06-19,"pull_requests",120
"palaeoverse",2026-06-22,"pull_requests",121
"palaeoverse",2026-06-23,"pull_requests",123
"palaeoverse",2026-06-24,"pull_requests",125
"palaeoverse",2026-06-26,"pull_requests",126
"palaeoverse",2026-06-30,"pull_requests",127
"palaeoverse",2026-07-01,"pull_requests",130
"palaeoverse",2026-07-02,"pull_requests",131
"palaeoverse",2026-07-03,"pull_requests",132
"palaeoverse",2026-07-10,"pull_requests",133
"palaeoverse",2026-07-13,"pull_requests",137
"palaeoverse",2026-07-14,"pull_requests",142
"palaeoverse",2026-07-16,"pull_requests",143
"palaeoverse",2026-07-20,"pull_requests",144
"palaeoverse",2026-07-21,"pull_requests",145
"palaeoverse",2026-07-23,"pull_requests",146
"palaeoverse",2026-07-24,"pull_requests",147
"palaeoverse",2026-07-28,"pull_requests",149
"palaeoverse",2026-07-31,"pull_requests",150
"palaeoverse",2026-08-04,"pull_requests",151
"palaeoverse",2026-08-05,"pull_requests",152
"palaeoverse",2026-08-06,"pull_requests",153
"palaeoverse",2026-08-10,"pull_requests",154
"palaeoverse",2026-08-20,"pull_requests",156
"palaeoverse",2026-08-24,"pull_requests",158
"palaeoverse",2026-08-25,"pull_requests",160
"palaeoverse",2026-08-26,"pull_requests",162
"palaeoverse",2026-08-27,"pull_requests",164
"palaeoverse",2026-08-28,"pull_requests",167
"palaeoverse",2026-09-01,"pull_requests",168
"palaeoverse",2026-09-02,"pull_requests",184
"palaeoverse",2026-09-03,"pull_requests",196
"palaeoverse",2022-11-01,"reverse_dependencies",0
"palaeoverse",2022-12-01,"reverse_dependencies",0
"palaeoverse",2023-01-01,"reverse_dependencies",0
"palaeoverse",2023-02-01,"reverse_dependencies",0
"palaeoverse",2023-03-01,"reverse_dependencies",0
"palaeoverse",2023-04-01,"reverse_dependencies",0
"palaeoverse",2023-05-01,"reverse_dependencies",0
"palaeoverse",2023-06-01,"reverse_dependencies",0
"palaeoverse",2023-07-01,"reverse_dependencies",0
"palaeoverse",2023-08-01,"reverse_dependencies",1
"palaeoverse",2023-09-01,"reverse_dependencies",1
"palaeoverse",2023-10-01,"reverse_dependencies",1
"palaeoverse",2023-11-01,"reverse_dependencies",1
"palaeoverse",2023-12-01,"reverse_dependencies",1
"palaeoverse",2024-01-01,"reverse_dependencies",1
"palaeoverse",2024-02-01,"reverse_dependencies",1
"palaeoverse",2024-03-01,"reverse_dependencies",1
"palaeoverse",2024-04-01,"reverse_dependencies",2
"palaeoverse",2024-05-01,"reverse_dependencies",2
"palaeoverse",2024-06-01,"reverse_dependencies",2
"palaeoverse",2024-07-01,"reverse_dependencies",2
"palaeoverse",2024-08-01,"reverse_dependencies",3
"palaeoverse",2024-09-01,"reverse_dependencies",3
"palaeoverse",2024-10-01,"reverse_dependencies",3
"palaeoverse",2024-11-01,"reverse_dependencies",3
"palaeoverse",2024-12-01,"reverse_dependencies",3
"palaeoverse",2025-01-01,"reverse_dependencies",3
"palaeoverse",2025-02-01,"reverse_dependencies",3
"palaeoverse",2025-03-01,"reverse_dependencies",3
"palaeoverse",2025-04-01,"reverse_dependencies",3
"palaeoverse",2025-05-01,"reverse_dependencies",3
"palaeoverse",2025-06-01,"reverse_dependencies",3
"palaeoverse",2025-07-01,"reverse_dependencies",3
"palaeoverse",2025-08-01,"reverse_dependencies",3
"palaeoverse",2025-09-01,"reverse_dependencies",3
"palaeoverse",2025-10-01,"reverse_dependencies",3
"palaeoverse",2025-11-01,"reverse_dependencies",3
"palaeoverse",2025-12-01,"reverse_dependencies",3
"palaeoverse",2026-01-01,"reverse_dependencies",3
"palaeoverse",2026-02-01,"reverse_dependencies",4
"palaeoverse",2026-03-01,"reverse_dependencies",4
"palaeoverse",2026-04-01,"reverse_dependencies",4
"palaeoverse",2026-05-01,"reverse_dependencies",4
"palaeoverse",2026-06-01,"reverse_dependencies",4
"palaeoverse",2026-07-01,"reverse_dependencies",4
"palaeoverse",2026-08-01,"reverse_dependencies",4
"palaeoverse",2026-09-01,"reverse_dependencies",4
"rmacrostrat",2024-07-31,"citations",1
"rmacrostrat",2025-05-01,"citations",2
"rmacrostrat",2025-08-05,"citations",3
"rmacrostrat",2025-10-23,"citations",4
"rmacrostrat",2025-11-17,"citations",5
"rmacrostrat",2026-01-01,"citations",7
"rmacrostrat",2026-02-01,"citations",8
"rmacrostrat",2026-09-01,"citations",9
"rmacrostrat",2025-05-06,"closed_issues",1
"rmacrostrat",2023-04-25,"code_coverage",86.06249
"rmacrostrat",2024-05-21,"code_coverage",0
"rmacrostrat",2024-05-22,"code_coverage",0
"rmacrostrat",2024-05-23,"code_coverage",0
"rmacrostrat",2024-05-24,"code_coverage",39.8703
"rmacrostrat",2024-05-25,"code_coverage",94.81605
"rmacrostrat",2024-05-27,"code_coverage",94.81605
"rmacrostrat",2024-05-28,"code_coverage",96.77663
"rmacrostrat",2024-05-29,"code_coverage",99.66619
"rmacrostrat",2024-05-30,"code_coverage",99.67051
"rmacrostrat",2024-05-31,"code_coverage",99.67051
"rmacrostrat",2024-06-04,"code_coverage",99.66832
"rmacrostrat",2024-06-05,"code_coverage",99.66722
"rmacrostrat",2024-06-06,"code_coverage",99.66486
"rmacrostrat",2024-06-07,"code_coverage",99.65839
"rmacrostrat",2024-06-10,"code_coverage",99.65517
"rmacrostrat",2024-06-11,"code_coverage",99.65517
"rmacrostrat",2024-06-12,"code_coverage",99.65577
"rmacrostrat",2024-06-14,"code_coverage",99.64997
"rmacrostrat",2024-06-26,"code_coverage",99.64476
"rmacrostrat",2024-06-27,"code_coverage",99.64476
"rmacrostrat",2024-06-28,"code_coverage",99.64476
"rmacrostrat",2024-07-12,"code_coverage",99.64476
"rmacrostrat",2024-07-18,"code_coverage",99.64476
"rmacrostrat",2024-07-22,"code_coverage",99.57371
"rmacrostrat",2024-07-23,"code_coverage",99.46714
"rmacrostrat",2024-07-25,"code_coverage",99.46714
"rmacrostrat",2024-07-29,"code_coverage",99.11504
"rmacrostrat",2024-07-31,"code_coverage",99.11504
"rmacrostrat",2024-09-13,"code_coverage",99.11504
"rmacrostrat",2024-09-16,"code_coverage",99.11504
"rmacrostrat",2024-09-17,"code_coverage",99.11504
"rmacrostrat",2024-09-24,"code_coverage",99.11504
"rmacrostrat",2024-09-26,"code_coverage",99.11504
"rmacrostrat",2024-09-30,"code_coverage",99.11504
"rmacrostrat",2024-10-01,"code_coverage",99.11504
"rmacrostrat",2024-10-02,"code_coverage",99.11504
"rmacrostrat",2024-10-04,"code_coverage",99.11504
"rmacrostrat",2024-10-17,"code_coverage",99.11504
"rmacrostrat",2024-10-18,"code_coverage",99.11504
"rmacrostrat",2024-10-31,"code_coverage",99.11504
"rmacrostrat",2025-04-08,"code_coverage",99.11504
"rmacrostrat",2025-05-06,"code_coverage",99.11504
"rmacrostrat",2025-08-21,"code_coverage",99.02121
"rmacrostrat",2023-03-27,"commits",1
"rmacrostrat",2023-03-28,"commits",2
"rmacrostrat",2023-04-24,"commits",11
"rmacrostrat",2023-04-25,"commits",16
"rmacrostrat",2023-04-28,"commits",19
"rmacrostrat",2023-05-04,"commits",20
"rmacrostrat",2024-05-20,"commits",28
"rmacrostrat",2024-05-21,"commits",55
"rmacrostrat",2024-05-22,"commits",67
"rmacrostrat",2024-05-23,"commits",108
"rmacrostrat",2024-05-24,"commits",123
"rmacrostrat",2024-05-25,"commits",128
"rmacrostrat",2024-05-27,"commits",132
"rmacrostrat",2024-05-28,"commits",143
"rmacrostrat",2024-05-29,"commits",165
"rmacrostrat",2024-05-30,"commits",167
"rmacrostrat",2024-05-31,"commits",170
"rmacrostrat",2024-06-04,"commits",173
"rmacrostrat",2024-06-05,"commits",177
"rmacrostrat",2024-06-06,"commits",186
"rmacrostrat",2024-06-07,"commits",191
"rmacrostrat",2024-06-11,"commits",204
"rmacrostrat",2024-06-12,"commits",208
"rmacrostrat",2024-06-13,"commits",214
"rmacrostrat",2024-06-14,"commits",216
"rmacrostrat",2024-06-20,"commits",217
"rmacrostrat",2024-06-26,"commits",222
"rmacrostrat",2024-06-27,"commits",235
"rmacrostrat",2024-06-28,"commits",237
"rmacrostrat",2024-07-12,"commits",242
"rmacrostrat",2024-07-14,"commits",243
"rmacrostrat",2024-07-17,"commits",247
"rmacrostrat",2024-07-18,"commits",250
"rmacrostrat",2024-07-22,"commits",259
"rmacrostrat",2024-07-23,"commits",260
"rmacrostrat",2024-07-25,"commits",261
"rmacrostrat",2024-07-29,"commits",262
"rmacrostrat",2024-07-31,"commits",263
"rmacrostrat",2024-09-13,"commits",267
"rmacrostrat",2024-09-16,"commits",268
"rmacrostrat",2024-09-17,"commits",270
"rmacrostrat",2024-09-24,"commits",271
"rmacrostrat",2024-09-26,"commits",272
"rmacrostrat",2024-10-01,"commits",277
"rmacrostrat",2024-10-02,"commits",279
"rmacrostrat",2024-10-04,"commits",281
"rmacrostrat",2024-10-17,"commits",282
"rmacrostrat",2024-10-18,"commits",283
"rmacrostrat",2024-10-31,"commits",284
"rmacrostrat",2025-04-08,"commits",285
"rmacrostrat",2025-05-06,"commits",286
"rmacrostrat",2025-08-21,"commits",287
"rmacrostrat",2026-07-21,"commits",288
"rmacrostrat",2023-03-27,"contributors",1
"rmacrostrat",2024-05-20,"contributors",2
"rmacrostrat",2024-05-21,"contributors",4
"rmacrostrat",2024-05-29,"contributors",5
"rmacrostrat",2026-07-21,"contributors",6
"rmacrostrat",2024-07-31,"cran_downloads",38
"rmacrostrat",2024-08-01,"cran_downloads",76
"rmacrostrat",2024-08-02,"cran_downloads",84
"rmacrostrat",2024-08-03,"cran_downloads",93
"rmacrostrat",2024-08-04,"cran_downloads",114
"rmacrostrat",2024-08-05,"cran_downloads",141
"rmacrostrat",2024-08-06,"cran_downloads",150
"rmacrostrat",2024-08-07,"cran_downloads",180
"rmacrostrat",2024-08-08,"cran_downloads",187
"rmacrostrat",2024-08-09,"cran_downloads",205
"rmacrostrat",2024-08-10,"cran_downloads",217
"rmacrostrat",2024-08-11,"cran_downloads",229
"rmacrostrat",2024-08-12,"cran_downloads",244
"rmacrostrat",2024-08-13,"cran_downloads",257
"rmacrostrat",2024-08-14,"cran_downloads",279
"rmacrostrat",2024-08-15,"cran_downloads",295
"rmacrostrat",2024-08-16,"cran_downloads",332
"rmacrostrat",2024-08-17,"cran_downloads",370
"rmacrostrat",2024-08-18,"cran_downloads",377
"rmacrostrat",2024-08-19,"cran_downloads",394
"rmacrostrat",2024-08-20,"cran_downloads",403
"rmacrostrat",2024-08-21,"cran_downloads",419
"rmacrostrat",2024-08-22,"cran_downloads",422
"rmacrostrat",2024-08-23,"cran_downloads",431
"rmacrostrat",2024-08-24,"cran_downloads",434
"rmacrostrat",2024-08-25,"cran_downloads",436
"rmacrostrat",2024-08-26,"cran_downloads",439
"rmacrostrat",2024-08-27,"cran_downloads",443
"rmacrostrat",2024-08-28,"cran_downloads",453
"rmacrostrat",2024-08-29,"cran_downloads",463
"rmacrostrat",2024-08-30,"cran_downloads",466
"rmacrostrat",2024-08-31,"cran_downloads",506
"rmacrostrat",2024-09-01,"cran_downloads",513
"rmacrostrat",2024-09-02,"cran_downloads",526
"rmacrostrat",2024-09-03,"cran_downloads",539
"rmacrostrat",2024-09-04,"cran_downloads",550
"rmacrostrat",2024-09-05,"cran_downloads",561
"rmacrostrat",2024-09-06,"cran_downloads",584
"rmacrostrat",2024-09-07,"cran_downloads",585
"rmacrostrat",2024-09-08,"cran_downloads",588
"rmacrostrat",2024-09-09,"cran_downloads",594
"rmacrostrat",2024-09-10,"cran_downloads",599
"rmacrostrat",2024-09-11,"cran_downloads",614
"rmacrostrat",2024-09-12,"cran_downloads",627
"rmacrostrat",2024-09-13,"cran_downloads",630
"rmacrostrat",2024-09-14,"cran_downloads",637
"rmacrostrat",2024-09-15,"cran_downloads",648
"rmacrostrat",2024-09-16,"cran_downloads",650
"rmacrostrat",2024-09-17,"cran_downloads",664
"rmacrostrat",2024-09-18,"cran_downloads",688
"rmacrostrat",2024-09-19,"cran_downloads",698
"rmacrostrat",2024-09-20,"cran_downloads",735
"rmacrostrat",2024-09-21,"cran_downloads",744
"rmacrostrat",2024-09-22,"cran_downloads",747
"rmacrostrat",2024-09-23,"cran_downloads",776
"rmacrostrat",2024-09-24,"cran_downloads",786
"rmacrostrat",2024-09-25,"cran_downloads",797
"rmacrostrat",2024-09-26,"cran_downloads",817
"rmacrostrat",2024-09-27,"cran_downloads",823
"rmacrostrat",2024-09-28,"cran_downloads",830
"rmacrostrat",2024-09-29,"cran_downloads",845
"rmacrostrat",2024-09-30,"cran_downloads",849
"rmacrostrat",2024-10-01,"cran_downloads",854
"rmacrostrat",2024-10-02,"cran_downloads",859
"rmacrostrat",2024-10-03,"cran_downloads",866
"rmacrostrat",2024-10-04,"cran_downloads",870
"rmacrostrat",2024-10-05,"cran_downloads",873
"rmacrostrat",2024-10-06,"cran_downloads",877
"rmacrostrat",2024-10-07,"cran_downloads",880
"rmacrostrat",2024-10-08,"cran_downloads",884
"rmacrostrat",2024-10-09,"cran_downloads",890
"rmacrostrat",2024-10-10,"cran_downloads",894
"rmacrostrat",2024-10-11,"cran_downloads",900
"rmacrostrat",2024-10-12,"cran_downloads",905
"rmacrostrat",2024-10-13,"cran_downloads",920
"rmacrostrat",2024-10-14,"cran_downloads",945
"rmacrostrat",2024-10-15,"cran_downloads",969
"rmacrostrat",2024-10-16,"cran_downloads",982
"rmacrostrat",2024-10-17,"cran_downloads",986
"rmacrostrat",2024-10-18,"cran_downloads",998
"rmacrostrat",2024-10-19,"cran_downloads",1004
"rmacrostrat",2024-10-20,"cran_downloads",1044
"rmacrostrat",2024-10-21,"cran_downloads",1056
"rmacrostrat",2024-10-22,"cran_downloads",1065
"rmacrostrat",2024-10-23,"cran_downloads",1092
"rmacrostrat",2024-10-24,"cran_downloads",1105
"rmacrostrat",2024-10-25,"cran_downloads",1122
"rmacrostrat",2024-10-26,"cran_downloads",1125
"rmacrostrat",2024-10-27,"cran_downloads",1131
"rmacrostrat",2024-10-28,"cran_downloads",1147
"rmacrostrat",2024-10-29,"cran_downloads",1155
"rmacrostrat",2024-10-30,"cran_downloads",1171
"rmacrostrat",2024-10-31,"cran_downloads",1185
"rmacrostrat",2024-11-01,"cran_downloads",1207
"rmacrostrat",2024-11-02,"cran_downloads",1216
"rmacrostrat",2024-11-03,"cran_downloads",1224
"rmacrostrat",2024-11-04,"cran_downloads",1230
"rmacrostrat",2024-11-05,"cran_downloads",1239
"rmacrostrat",2024-11-06,"cran_downloads",1245
"rmacrostrat",2024-11-07,"cran_downloads",1260
"rmacrostrat",2024-11-08,"cran_downloads",1265
"rmacrostrat",2024-11-09,"cran_downloads",1271
"rmacrostrat",2024-11-10,"cran_downloads",1275
"rmacrostrat",2024-11-11,"cran_downloads",1286
"rmacrostrat",2024-11-12,"cran_downloads",1288
"rmacrostrat",2024-11-13,"cran_downloads",1294
"rmacrostrat",2024-11-14,"cran_downloads",1302
"rmacrostrat",2024-11-15,"cran_downloads",1304
"rmacrostrat",2024-11-16,"cran_downloads",1308
"rmacrostrat",2024-11-17,"cran_downloads",1312
"rmacrostrat",2024-11-18,"cran_downloads",1318
"rmacrostrat",2024-11-19,"cran_downloads",1322
"rmacrostrat",2024-11-20,"cran_downloads",1327
"rmacrostrat",2024-11-21,"cran_downloads",1339
"rmacrostrat",2024-11-22,"cran_downloads",1343
"rmacrostrat",2024-11-23,"cran_downloads",1348
"rmacrostrat",2024-11-24,"cran_downloads",1349
"rmacrostrat",2024-11-25,"cran_downloads",1352
"rmacrostrat",2024-11-26,"cran_downloads",1355
"rmacrostrat",2024-11-27,"cran_downloads",1368
"rmacrostrat",2024-11-28,"cran_downloads",1374
"rmacrostrat",2024-11-29,"cran_downloads",1378
"rmacrostrat",2024-11-30,"cran_downloads",1380
"rmacrostrat",2024-12-01,"cran_downloads",1389
"rmacrostrat",2024-12-02,"cran_downloads",1396
"rmacrostrat",2024-12-03,"cran_downloads",1406
"rmacrostrat",2024-12-04,"cran_downloads",1417
"rmacrostrat",2024-12-05,"cran_downloads",1428
"rmacrostrat",2024-12-06,"cran_downloads",1430
"rmacrostrat",2024-12-07,"cran_downloads",1442
"rmacrostrat",2024-12-08,"cran_downloads",1445
"rmacrostrat",2024-12-09,"cran_downloads",1449
"rmacrostrat",2024-12-10,"cran_downloads",1457
"rmacrostrat",2024-12-11,"cran_downloads",1467
"rmacrostrat",2024-12-12,"cran_downloads",1472
"rmacrostrat",2024-12-13,"cran_downloads",1479
"rmacrostrat",2024-12-14,"cran_downloads",1484
"rmacrostrat",2024-12-15,"cran_downloads",1486
"rmacrostrat",2024-12-16,"cran_downloads",1494
"rmacrostrat",2024-12-17,"cran_downloads",1496
"rmacrostrat",2024-12-18,"cran_downloads",1505
"rmacrostrat",2024-12-19,"cran_downloads",1517
"rmacrostrat",2024-12-20,"cran_downloads",1535
"rmacrostrat",2024-12-21,"cran_downloads",1544
"rmacrostrat",2024-12-22,"cran_downloads",1550
"rmacrostrat",2024-12-23,"cran_downloads",1553
"rmacrostrat",2024-12-24,"cran_downloads",1556
"rmacrostrat",2024-12-25,"cran_downloads",1563
"rmacrostrat",2024-12-26,"cran_downloads",1572
"rmacrostrat",2024-12-27,"cran_downloads",1579
"rmacrostrat",2024-12-28,"cran_downloads",1591
"rmacrostrat",2024-12-29,"cran_downloads",1592
"rmacrostrat",2024-12-30,"cran_downloads",1593
"rmacrostrat",2024-12-31,"cran_downloads",1594
"rmacrostrat",2025-01-01,"cran_downloads",1610
"rmacrostrat",2025-01-02,"cran_downloads",1618
"rmacrostrat",2025-01-03,"cran_downloads",1627
"rmacrostrat",2025-01-04,"cran_downloads",1637
"rmacrostrat",2025-01-05,"cran_downloads",1640
"rmacrostrat",2025-01-06,"cran_downloads",1644
"rmacrostrat",2025-01-07,"cran_downloads",1646
"rmacrostrat",2025-01-08,"cran_downloads",1659
"rmacrostrat",2025-01-09,"cran_downloads",1661
"rmacrostrat",2025-01-10,"cran_downloads",1668
"rmacrostrat",2025-01-11,"cran_downloads",1669
"rmacrostrat",2025-01-12,"cran_downloads",1676
"rmacrostrat",2025-01-13,"cran_downloads",1682
"rmacrostrat",2025-01-14,"cran_downloads",1683
"rmacrostrat",2025-01-15,"cran_downloads",1693
"rmacrostrat",2025-01-16,"cran_downloads",1696
"rmacrostrat",2025-01-17,"cran_downloads",1702
"rmacrostrat",2025-01-18,"cran_downloads",1720
"rmacrostrat",2025-01-19,"cran_downloads",1730
"rmacrostrat",2025-01-20,"cran_downloads",1737
"rmacrostrat",2025-01-21,"cran_downloads",1747
"rmacrostrat",2025-01-22,"cran_downloads",1764
"rmacrostrat",2025-01-23,"cran_downloads",1776
"rmacrostrat",2025-01-24,"cran_downloads",1781
"rmacrostrat",2025-01-25,"cran_downloads",1785
"rmacrostrat",2025-01-26,"cran_downloads",1789
"rmacrostrat",2025-01-27,"cran_downloads",1794
"rmacrostrat",2025-01-28,"cran_downloads",1796
"rmacrostrat",2025-01-29,"cran_downloads",1804
"rmacrostrat",2025-01-30,"cran_downloads",1811
"rmacrostrat",2025-01-31,"cran_downloads",1814
"rmacrostrat",2025-02-01,"cran_downloads",1825
"rmacrostrat",2025-02-02,"cran_downloads",1827
"rmacrostrat",2025-02-03,"cran_downloads",1829
"rmacrostrat",2025-02-04,"cran_downloads",1833
"rmacrostrat",2025-02-05,"cran_downloads",1845
"rmacrostrat",2025-02-06,"cran_downloads",1855
"rmacrostrat",2025-02-07,"cran_downloads",1867
"rmacrostrat",2025-02-08,"cran_downloads",1876
"rmacrostrat",2025-02-09,"cran_downloads",1887
"rmacrostrat",2025-02-10,"cran_downloads",1904
"rmacrostrat",2025-02-11,"cran_downloads",1914
"rmacrostrat",2025-02-12,"cran_downloads",1926
"rmacrostrat",2025-02-13,"cran_downloads",1935
"rmacrostrat",2025-02-14,"cran_downloads",1944
"rmacrostrat",2025-02-15,"cran_downloads",1950
"rmacrostrat",2025-02-16,"cran_downloads",1964
"rmacrostrat",2025-02-17,"cran_downloads",1968
"rmacrostrat",2025-02-18,"cran_downloads",1989
"rmacrostrat",2025-02-19,"cran_downloads",2002
"rmacrostrat",2025-02-20,"cran_downloads",2021
"rmacrostrat",2025-02-21,"cran_downloads",2026
"rmacrostrat",2025-02-22,"cran_downloads",2035
"rmacrostrat",2025-02-23,"cran_downloads",2040
"rmacrostrat",2025-02-24,"cran_downloads",2045
"rmacrostrat",2025-02-25,"cran_downloads",2055
"rmacrostrat",2025-02-26,"cran_downloads",2058
"rmacrostrat",2025-02-27,"cran_downloads",2063
"rmacrostrat",2025-02-28,"cran_downloads",2074
"rmacrostrat",2025-03-01,"cran_downloads",2084
"rmacrostrat",2025-03-02,"cran_downloads",2092
"rmacrostrat",2025-03-03,"cran_downloads",2095
"rmacrostrat",2025-03-04,"cran_downloads",2101
"rmacrostrat",2025-03-05,"cran_downloads",2109
"rmacrostrat",2025-03-06,"cran_downloads",2114
"rmacrostrat",2025-03-07,"cran_downloads",2119
"rmacrostrat",2025-03-08,"cran_downloads",2120
"rmacrostrat",2025-03-09,"cran_downloads",2127
"rmacrostrat",2025-03-10,"cran_downloads",2132
"rmacrostrat",2025-03-11,"cran_downloads",2140
"rmacrostrat",2025-03-12,"cran_downloads",2145
"rmacrostrat",2025-03-13,"cran_downloads",2149
"rmacrostrat",2025-03-14,"cran_downloads",2152
"rmacrostrat",2025-03-15,"cran_downloads",2160
"rmacrostrat",2025-03-16,"cran_downloads",2163
"rmacrostrat",2025-03-17,"cran_downloads",2167
"rmacrostrat",2025-03-18,"cran_downloads",2175
"rmacrostrat",2025-03-19,"cran_downloads",2184
"rmacrostrat",2025-03-20,"cran_downloads",2198
"rmacrostrat",2025-03-21,"cran_downloads",2211
"rmacrostrat",2025-03-22,"cran_downloads",2216
"rmacrostrat",2025-03-23,"cran_downloads",2226
"rmacrostrat",2025-03-24,"cran_downloads",2232
"rmacrostrat",2025-03-25,"cran_downloads",2233
"rmacrostrat",2025-03-26,"cran_downloads",2244
"rmacrostrat",2025-03-27,"cran_downloads",2252
"rmacrostrat",2025-03-28,"cran_downloads",2258
"rmacrostrat",2025-03-29,"cran_downloads",2266
"rmacrostrat",2025-03-30,"cran_downloads",2269
"rmacrostrat",2025-03-31,"cran_downloads",2273
"rmacrostrat",2025-04-01,"cran_downloads",2281
"rmacrostrat",2025-04-02,"cran_downloads",2293
"rmacrostrat",2025-04-03,"cran_downloads",2300
"rmacrostrat",2025-04-04,"cran_downloads",2305
"rmacrostrat",2025-04-05,"cran_downloads",2308
"rmacrostrat",2025-04-06,"cran_downloads",2318
"rmacrostrat",2025-04-07,"cran_downloads",2324
"rmacrostrat",2025-04-08,"cran_downloads",2332
"rmacrostrat",2025-04-09,"cran_downloads",2334
"rmacrostrat",2025-04-10,"cran_downloads",2339
"rmacrostrat",2025-04-11,"cran_downloads",2349
"rmacrostrat",2025-04-12,"cran_downloads",2360
"rmacrostrat",2025-04-13,"cran_downloads",2365
"rmacrostrat",2025-04-14,"cran_downloads",2374
"rmacrostrat",2025-04-15,"cran_downloads",2386
"rmacrostrat",2025-04-16,"cran_downloads",2397
"rmacrostrat",2025-04-17,"cran_downloads",2403
"rmacrostrat",2025-04-18,"cran_downloads",2419
"rmacrostrat",2025-04-19,"cran_downloads",2426
"rmacrostrat",2025-04-20,"cran_downloads",2429
"rmacrostrat",2025-04-21,"cran_downloads",2437
"rmacrostrat",2025-04-22,"cran_downloads",2443
"rmacrostrat",2025-04-23,"cran_downloads",2453
"rmacrostrat",2025-04-24,"cran_downloads",2460
"rmacrostrat",2025-04-25,"cran_downloads",2468
"rmacrostrat",2025-04-26,"cran_downloads",2477
"rmacrostrat",2025-04-27,"cran_downloads",2487
"rmacrostrat",2025-04-28,"cran_downloads",2490
"rmacrostrat",2025-04-29,"cran_downloads",2497
"rmacrostrat",2025-04-30,"cran_downloads",2501
"rmacrostrat",2025-05-01,"cran_downloads",2520
"rmacrostrat",2025-05-02,"cran_downloads",2525
"rmacrostrat",2025-05-03,"cran_downloads",2536
"rmacrostrat",2025-05-04,"cran_downloads",2542
"rmacrostrat",2025-05-05,"cran_downloads",2548
"rmacrostrat",2025-05-06,"cran_downloads",2564
"rmacrostrat",2025-05-07,"cran_downloads",2572
"rmacrostrat",2025-05-08,"cran_downloads",2576
"rmacrostrat",2025-05-09,"cran_downloads",2582
"rmacrostrat",2025-05-10,"cran_downloads",2583
"rmacrostrat",2025-05-11,"cran_downloads",2587
"rmacrostrat",2025-05-12,"cran_downloads",2592
"rmacrostrat",2025-05-13,"cran_downloads",2597
"rmacrostrat",2025-05-14,"cran_downloads",2603
"rmacrostrat",2025-05-15,"cran_downloads",2605
"rmacrostrat",2025-05-16,"cran_downloads",2608
"rmacrostrat",2025-05-17,"cran_downloads",2615
"rmacrostrat",2025-05-18,"cran_downloads",2620
"rmacrostrat",2025-05-19,"cran_downloads",2625
"rmacrostrat",2025-05-20,"cran_downloads",2633
"rmacrostrat",2025-05-21,"cran_downloads",2643
"rmacrostrat",2025-05-22,"cran_downloads",2649
"rmacrostrat",2025-05-23,"cran_downloads",2651
"rmacrostrat",2025-05-24,"cran_downloads",2657
"rmacrostrat",2025-05-25,"cran_downloads",2661
"rmacrostrat",2025-05-26,"cran_downloads",2669
"rmacrostrat",2025-05-27,"cran_downloads",2673
"rmacrostrat",2025-05-28,"cran_downloads",2677
"rmacrostrat",2025-05-29,"cran_downloads",2684
"rmacrostrat",2025-05-30,"cran_downloads",2687
"rmacrostrat",2025-05-31,"cran_downloads",2695
"rmacrostrat",2025-06-01,"cran_downloads",2697
"rmacrostrat",2025-06-02,"cran_downloads",2716
"rmacrostrat",2025-06-03,"cran_downloads",2751
"rmacrostrat",2025-06-04,"cran_downloads",2762
"rmacrostrat",2025-06-05,"cran_downloads",2773
"rmacrostrat",2025-06-06,"cran_downloads",2779
"rmacrostrat",2025-06-07,"cran_downloads",2784
"rmacrostrat",2025-06-08,"cran_downloads",2791
"rmacrostrat",2025-06-09,"cran_downloads",2798
"rmacrostrat",2025-06-10,"cran_downloads",2805
"rmacrostrat",2025-06-11,"cran_downloads",2811
"rmacrostrat",2025-06-12,"cran_downloads",2814
"rmacrostrat",2025-06-13,"cran_downloads",2819
"rmacrostrat",2025-06-14,"cran_downloads",2828
"rmacrostrat",2025-06-15,"cran_downloads",2832
"rmacrostrat",2025-06-16,"cran_downloads",2848
"rmacrostrat",2025-06-17,"cran_downloads",2869
"rmacrostrat",2025-06-18,"cran_downloads",2890
"rmacrostrat",2025-06-19,"cran_downloads",2905
"rmacrostrat",2025-06-20,"cran_downloads",2913
"rmacrostrat",2025-06-21,"cran_downloads",2951
"rmacrostrat",2025-06-22,"cran_downloads",2960
"rmacrostrat",2025-06-23,"cran_downloads",2974
"rmacrostrat",2025-06-24,"cran_downloads",2977
"rmacrostrat",2025-06-25,"cran_downloads",2986
"rmacrostrat",2025-06-26,"cran_downloads",2994
"rmacrostrat",2025-06-27,"cran_downloads",3002
"rmacrostrat",2025-06-28,"cran_downloads",3003
"rmacrostrat",2025-06-29,"cran_downloads",3006
"rmacrostrat",2025-06-30,"cran_downloads",3010
"rmacrostrat",2025-07-01,"cran_downloads",3022
"rmacrostrat",2025-07-02,"cran_downloads",3026
"rmacrostrat",2025-07-03,"cran_downloads",3032
"rmacrostrat",2025-07-04,"cran_downloads",3040
"rmacrostrat",2025-07-05,"cran_downloads",3051
"rmacrostrat",2025-07-06,"cran_downloads",3066
"rmacrostrat",2025-07-07,"cran_downloads",3071
"rmacrostrat",2025-07-08,"cran_downloads",3074
"rmacrostrat",2025-07-09,"cran_downloads",3084
"rmacrostrat",2025-07-10,"cran_downloads",3098
"rmacrostrat",2025-07-11,"cran_downloads",3107
"rmacrostrat",2025-07-12,"cran_downloads",3107
"rmacrostrat",2025-07-13,"cran_downloads",3111
"rmacrostrat",2025-07-14,"cran_downloads",3116
"rmacrostrat",2025-07-15,"cran_downloads",3121
"rmacrostrat",2025-07-16,"cran_downloads",3128
"rmacrostrat",2025-07-17,"cran_downloads",3141
"rmacrostrat",2025-07-18,"cran_downloads",3148
"rmacrostrat",2025-07-19,"cran_downloads",3157
"rmacrostrat",2025-07-20,"cran_downloads",3162
"rmacrostrat",2025-07-21,"cran_downloads",3169
"rmacrostrat",2025-07-22,"cran_downloads",3176
"rmacrostrat",2025-07-23,"cran_downloads",3185
"rmacrostrat",2025-07-24,"cran_downloads",3190
"rmacrostrat",2025-07-25,"cran_downloads",3193
"rmacrostrat",2025-07-26,"cran_downloads",3203
"rmacrostrat",2025-07-27,"cran_downloads",3208
"rmacrostrat",2025-07-28,"cran_downloads",3209
"rmacrostrat",2025-07-29,"cran_downloads",3219
"rmacrostrat",2025-07-30,"cran_downloads",3230
"rmacrostrat",2025-07-31,"cran_downloads",3242
"rmacrostrat",2025-08-01,"cran_downloads",3251
"rmacrostrat",2025-08-02,"cran_downloads",3257
"rmacrostrat",2025-08-03,"cran_downloads",3266
"rmacrostrat",2025-08-04,"cran_downloads",3274
"rmacrostrat",2025-08-05,"cran_downloads",3286
"rmacrostrat",2025-08-06,"cran_downloads",3302
"rmacrostrat",2025-08-07,"cran_downloads",3308
"rmacrostrat",2025-08-08,"cran_downloads",3318
"rmacrostrat",2025-08-09,"cran_downloads",3324
"rmacrostrat",2025-08-10,"cran_downloads",3337
"rmacrostrat",2025-08-11,"cran_downloads",3351
"rmacrostrat",2025-08-12,"cran_downloads",3359
"rmacrostrat",2025-08-13,"cran_downloads",3367
"rmacrostrat",2025-08-14,"cran_downloads",3369
"rmacrostrat",2025-08-15,"cran_downloads",3370
"rmacrostrat",2025-08-16,"cran_downloads",3370
"rmacrostrat",2025-08-17,"cran_downloads",3372
"rmacrostrat",2025-08-18,"cran_downloads",3379
"rmacrostrat",2025-08-19,"cran_downloads",3383
"rmacrostrat",2025-08-20,"cran_downloads",3384
"rmacrostrat",2025-08-21,"cran_downloads",3392
"rmacrostrat",2025-08-22,"cran_downloads",3405
"rmacrostrat",2025-08-23,"cran_downloads",3408
"rmacrostrat",2025-08-24,"cran_downloads",3412
"rmacrostrat",2025-08-25,"cran_downloads",3412
"rmacrostrat",2025-08-26,"cran_downloads",3412
"rmacrostrat",2025-08-27,"cran_downloads",3422
"rmacrostrat",2025-08-28,"cran_downloads",3423
"rmacrostrat",2025-08-29,"cran_downloads",3423
"rmacrostrat",2025-08-30,"cran_downloads",3423
"rmacrostrat",2025-08-31,"cran_downloads",3423
"rmacrostrat",2025-09-01,"cran_downloads",3423
"rmacrostrat",2025-09-02,"cran_downloads",3423
"rmacrostrat",2025-09-03,"cran_downloads",3447
"rmacrostrat",2025-09-04,"cran_downloads",3506
"rmacrostrat",2025-09-05,"cran_downloads",3537
"rmacrostrat",2025-09-06,"cran_downloads",3539
"rmacrostrat",2025-09-07,"cran_downloads",3541
"rmacrostrat",2025-09-08,"cran_downloads",3550
"rmacrostrat",2025-09-09,"cran_downloads",3600
"rmacrostrat",2025-09-10,"cran_downloads",3679
"rmacrostrat",2025-09-11,"cran_downloads",3688
"rmacrostrat",2025-09-12,"cran_downloads",3702
"rmacrostrat",2025-09-13,"cran_downloads",3710
"rmacrostrat",2025-09-14,"cran_downloads",3727
"rmacrostrat",2025-09-15,"cran_downloads",3770
"rmacrostrat",2025-09-16,"cran_downloads",3777
"rmacrostrat",2025-09-17,"cran_downloads",3791
"rmacrostrat",2025-09-18,"cran_downloads",3809
"rmacrostrat",2025-09-19,"cran_downloads",3817
"rmacrostrat",2025-09-20,"cran_downloads",3822
"rmacrostrat",2025-09-21,"cran_downloads",3829
"rmacrostrat",2025-09-22,"cran_downloads",3848
"rmacrostrat",2025-09-23,"cran_downloads",3853
"rmacrostrat",2025-09-24,"cran_downloads",3863
"rmacrostrat",2025-09-25,"cran_downloads",3879
"rmacrostrat",2025-09-26,"cran_downloads",3893
"rmacrostrat",2025-09-27,"cran_downloads",3895
"rmacrostrat",2025-09-28,"cran_downloads",3908
"rmacrostrat",2025-09-29,"cran_downloads",3917
"rmacrostrat",2025-09-30,"cran_downloads",3929
"rmacrostrat",2025-10-01,"cran_downloads",3948
"rmacrostrat",2025-10-02,"cran_downloads",3955
"rmacrostrat",2025-10-03,"cran_downloads",3964
"rmacrostrat",2025-10-04,"cran_downloads",3970
"rmacrostrat",2025-10-05,"cran_downloads",3984
"rmacrostrat",2025-10-06,"cran_downloads",3999
"rmacrostrat",2025-10-07,"cran_downloads",4009
"rmacrostrat",2025-10-08,"cran_downloads",4028
"rmacrostrat",2025-10-09,"cran_downloads",4032
"rmacrostrat",2025-10-10,"cran_downloads",4041
"rmacrostrat",2025-10-11,"cran_downloads",4042
"rmacrostrat",2025-10-12,"cran_downloads",4048
"rmacrostrat",2025-10-13,"cran_downloads",4055
"rmacrostrat",2025-10-14,"cran_downloads",4061
"rmacrostrat",2025-10-15,"cran_downloads",4069
"rmacrostrat",2025-10-16,"cran_downloads",4090
"rmacrostrat",2025-10-17,"cran_downloads",4106
"rmacrostrat",2025-10-18,"cran_downloads",4119
"rmacrostrat",2025-10-19,"cran_downloads",4127
"rmacrostrat",2025-10-20,"cran_downloads",4138
"rmacrostrat",2025-10-21,"cran_downloads",4145
"rmacrostrat",2025-10-22,"cran_downloads",4157
"rmacrostrat",2025-10-23,"cran_downloads",4169
"rmacrostrat",2025-10-24,"cran_downloads",4183
"rmacrostrat",2025-10-25,"cran_downloads",4193
"rmacrostrat",2025-10-26,"cran_downloads",4261
"rmacrostrat",2025-10-27,"cran_downloads",4285
"rmacrostrat",2025-10-28,"cran_downloads",4292
"rmacrostrat",2025-10-29,"cran_downloads",4302
"rmacrostrat",2025-10-30,"cran_downloads",4309
"rmacrostrat",2025-10-31,"cran_downloads",4318
"rmacrostrat",2025-11-01,"cran_downloads",4328
"rmacrostrat",2025-11-02,"cran_downloads",4334
"rmacrostrat",2025-11-03,"cran_downloads",4337
"rmacrostrat",2025-11-04,"cran_downloads",4351
"rmacrostrat",2025-11-05,"cran_downloads",4361
"rmacrostrat",2025-11-06,"cran_downloads",4364
"rmacrostrat",2025-11-07,"cran_downloads",4367
"rmacrostrat",2025-11-08,"cran_downloads",4368
"rmacrostrat",2025-11-09,"cran_downloads",4373
"rmacrostrat",2025-11-10,"cran_downloads",4382
"rmacrostrat",2025-11-11,"cran_downloads",4401
"rmacrostrat",2025-11-12,"cran_downloads",4414
"rmacrostrat",2025-11-13,"cran_downloads",4425
"rmacrostrat",2025-11-14,"cran_downloads",4440
"rmacrostrat",2025-11-15,"cran_downloads",4457
"rmacrostrat",2025-11-16,"cran_downloads",4493
"rmacrostrat",2025-11-17,"cran_downloads",4506
"rmacrostrat",2025-11-18,"cran_downloads",4517
"rmacrostrat",2025-11-19,"cran_downloads",4554
"rmacrostrat",2025-11-20,"cran_downloads",4564
"rmacrostrat",2025-11-21,"cran_downloads",4574
"rmacrostrat",2025-11-22,"cran_downloads",4576
"rmacrostrat",2025-11-23,"cran_downloads",4578
"rmacrostrat",2025-11-24,"cran_downloads",4582
"rmacrostrat",2025-11-25,"cran_downloads",4598
"rmacrostrat",2025-11-26,"cran_downloads",4610
"rmacrostrat",2025-11-27,"cran_downloads",4624
"rmacrostrat",2025-11-28,"cran_downloads",4629
"rmacrostrat",2025-11-29,"cran_downloads",4634
"rmacrostrat",2025-11-30,"cran_downloads",4638
"rmacrostrat",2025-12-01,"cran_downloads",4648
"rmacrostrat",2025-12-02,"cran_downloads",4650
"rmacrostrat",2025-12-03,"cran_downloads",4655
"rmacrostrat",2025-12-04,"cran_downloads",4668
"rmacrostrat",2025-12-05,"cran_downloads",4672
"rmacrostrat",2025-12-06,"cran_downloads",4678
"rmacrostrat",2025-12-07,"cran_downloads",4683
"rmacrostrat",2025-12-08,"cran_downloads",4689
"rmacrostrat",2025-12-09,"cran_downloads",4695
"rmacrostrat",2025-12-10,"cran_downloads",4700
"rmacrostrat",2025-12-11,"cran_downloads",4712
"rmacrostrat",2025-12-12,"cran_downloads",4717
"rmacrostrat",2025-12-13,"cran_downloads",4728
"rmacrostrat",2025-12-14,"cran_downloads",4736
"rmacrostrat",2025-12-15,"cran_downloads",4745
"rmacrostrat",2025-12-16,"cran_downloads",4756
"rmacrostrat",2025-12-17,"cran_downloads",4762
"rmacrostrat",2025-12-18,"cran_downloads",4767
"rmacrostrat",2025-12-19,"cran_downloads",4772
"rmacrostrat",2025-12-20,"cran_downloads",4774
"rmacrostrat",2025-12-21,"cran_downloads",4802
"rmacrostrat",2025-12-22,"cran_downloads",4817
"rmacrostrat",2025-12-23,"cran_downloads",4820
"rmacrostrat",2025-12-24,"cran_downloads",4823
"rmacrostrat",2025-12-25,"cran_downloads",4825
"rmacrostrat",2025-12-26,"cran_downloads",4838
"rmacrostrat",2025-12-27,"cran_downloads",4843
"rmacrostrat",2025-12-28,"cran_downloads",4847
"rmacrostrat",2025-12-29,"cran_downloads",4861
"rmacrostrat",2025-12-30,"cran_downloads",4869
"rmacrostrat",2025-12-31,"cran_downloads",4881
"rmacrostrat",2026-01-01,"cran_downloads",4886
"rmacrostrat",2026-01-02,"cran_downloads",4889
"rmacrostrat",2026-01-03,"cran_downloads",4890
"rmacrostrat",2026-01-04,"cran_downloads",4891
"rmacrostrat",2026-01-05,"cran_downloads",4897
"rmacrostrat",2026-01-06,"cran_downloads",4898
"rmacrostrat",2026-01-07,"cran_downloads",4912
"rmacrostrat",2026-01-08,"cran_downloads",4915
"rmacrostrat",2026-01-09,"cran_downloads",4926
"rmacrostrat",2026-01-10,"cran_downloads",4928
"rmacrostrat",2026-01-11,"cran_downloads",4932
"rmacrostrat",2026-01-12,"cran_downloads",4938
"rmacrostrat",2026-01-13,"cran_downloads",4943
"rmacrostrat",2026-01-14,"cran_downloads",4946
"rmacrostrat",2026-01-15,"cran_downloads",4955
"rmacrostrat",2026-01-16,"cran_downloads",4964
"rmacrostrat",2026-01-17,"cran_downloads",4968
"rmacrostrat",2026-01-18,"cran_downloads",4970
"rmacrostrat",2026-01-19,"cran_downloads",4986
"rmacrostrat",2026-01-20,"cran_downloads",5011
"rmacrostrat",2026-01-21,"cran_downloads",5031
"rmacrostrat",2026-01-22,"cran_downloads",5035
"rmacrostrat",2026-01-23,"cran_downloads",5046
"rmacrostrat",2026-01-24,"cran_downloads",5076
"rmacrostrat",2026-01-25,"cran_downloads",5109
"rmacrostrat",2026-01-26,"cran_downloads",5110
"rmacrostrat",2026-01-27,"cran_downloads",5122
"rmacrostrat",2026-01-28,"cran_downloads",5133
"rmacrostrat",2026-01-29,"cran_downloads",5145
"rmacrostrat",2026-01-30,"cran_downloads",5157
"rmacrostrat",2026-01-31,"cran_downloads",5164
"rmacrostrat",2026-02-01,"cran_downloads",5177
"rmacrostrat",2026-02-02,"cran_downloads",5190
"rmacrostrat",2026-02-03,"cran_downloads",5197
"rmacrostrat",2026-02-04,"cran_downloads",5207
"rmacrostrat",2026-02-05,"cran_downloads",5218
"rmacrostrat",2026-02-06,"cran_downloads",5225
"rmacrostrat",2026-02-07,"cran_downloads",5226
"rmacrostrat",2026-02-08,"cran_downloads",5235
"rmacrostrat",2026-02-09,"cran_downloads",5242
"rmacrostrat",2026-02-10,"cran_downloads",5259
"rmacrostrat",2026-02-11,"cran_downloads",5275
"rmacrostrat",2026-02-12,"cran_downloads",5303
"rmacrostrat",2026-02-13,"cran_downloads",5311
"rmacrostrat",2026-02-14,"cran_downloads",5328
"rmacrostrat",2026-02-15,"cran_downloads",5347
"rmacrostrat",2026-02-16,"cran_downloads",5357
"rmacrostrat",2026-02-17,"cran_downloads",5360
"rmacrostrat",2026-02-18,"cran_downloads",5370
"rmacrostrat",2026-02-19,"cran_downloads",5376
"rmacrostrat",2026-02-20,"cran_downloads",5389
"rmacrostrat",2026-02-21,"cran_downloads",5405
"rmacrostrat",2026-02-22,"cran_downloads",5422
"rmacrostrat",2026-02-23,"cran_downloads",5425
"rmacrostrat",2026-02-24,"cran_downloads",5441
"rmacrostrat",2026-02-25,"cran_downloads",5477
"rmacrostrat",2026-02-26,"cran_downloads",5495
"rmacrostrat",2026-02-27,"cran_downloads",5507
"rmacrostrat",2026-02-28,"cran_downloads",5515
"rmacrostrat",2026-03-01,"cran_downloads",5522
"rmacrostrat",2026-03-02,"cran_downloads",5556
"rmacrostrat",2026-03-03,"cran_downloads",5563
"rmacrostrat",2026-03-04,"cran_downloads",5604
"rmacrostrat",2026-03-05,"cran_downloads",5606
"rmacrostrat",2026-03-06,"cran_downloads",5613
"rmacrostrat",2026-03-07,"cran_downloads",5618
"rmacrostrat",2026-03-08,"cran_downloads",5626
"rmacrostrat",2026-03-09,"cran_downloads",5646
"rmacrostrat",2026-03-10,"cran_downloads",5656
"rmacrostrat",2026-03-11,"cran_downloads",5661
"rmacrostrat",2026-03-12,"cran_downloads",5668
"rmacrostrat",2026-03-13,"cran_downloads",5675
"rmacrostrat",2026-03-14,"cran_downloads",5683
"rmacrostrat",2026-03-15,"cran_downloads",5691
"rmacrostrat",2026-03-16,"cran_downloads",5696
"rmacrostrat",2026-03-17,"cran_downloads",5703
"rmacrostrat",2026-03-18,"cran_downloads",5710
"rmacrostrat",2026-03-19,"cran_downloads",5717
"rmacrostrat",2026-03-20,"cran_downloads",5721
"rmacrostrat",2026-03-21,"cran_downloads",5726
"rmacrostrat",2026-03-22,"cran_downloads",5736
"rmacrostrat",2026-03-23,"cran_downloads",5751
"rmacrostrat",2026-03-24,"cran_downloads",5757
"rmacrostrat",2026-03-25,"cran_downloads",5771
"rmacrostrat",2026-03-26,"cran_downloads",5779
"rmacrostrat",2026-03-27,"cran_downloads",5783
"rmacrostrat",2026-03-28,"cran_downloads",5783
"rmacrostrat",2026-03-29,"cran_downloads",5783
"rmacrostrat",2026-03-30,"cran_downloads",5788
"rmacrostrat",2026-03-31,"cran_downloads",5873
"rmacrostrat",2026-04-01,"cran_downloads",5884
"rmacrostrat",2026-04-02,"cran_downloads",5891
"rmacrostrat",2026-04-03,"cran_downloads",5896
"rmacrostrat",2026-04-04,"cran_downloads",5899
"rmacrostrat",2026-04-05,"cran_downloads",5907
"rmacrostrat",2026-04-06,"cran_downloads",5912
"rmacrostrat",2026-04-07,"cran_downloads",5923
"rmacrostrat",2026-04-08,"cran_downloads",5930
"rmacrostrat",2026-04-09,"cran_downloads",5943
"rmacrostrat",2026-04-10,"cran_downloads",5945
"rmacrostrat",2026-04-11,"cran_downloads",5956
"rmacrostrat",2026-04-12,"cran_downloads",5960
"rmacrostrat",2026-04-13,"cran_downloads",5971
"rmacrostrat",2026-04-14,"cran_downloads",5978
"rmacrostrat",2026-04-15,"cran_downloads",5984
"rmacrostrat",2026-04-16,"cran_downloads",5990
"rmacrostrat",2026-04-17,"cran_downloads",5994
"rmacrostrat",2026-04-18,"cran_downloads",5997
"rmacrostrat",2026-04-19,"cran_downloads",6004
"rmacrostrat",2026-04-20,"cran_downloads",6008
"rmacrostrat",2026-04-21,"cran_downloads",6013
"rmacrostrat",2026-04-22,"cran_downloads",6019
"rmacrostrat",2026-04-23,"cran_downloads",6037
"rmacrostrat",2026-04-24,"cran_downloads",6048
"rmacrostrat",2026-04-25,"cran_downloads",6070
"rmacrostrat",2026-04-26,"cran_downloads",6075
"rmacrostrat",2026-04-27,"cran_downloads",6083
"rmacrostrat",2026-04-28,"cran_downloads",6091
"rmacrostrat",2026-04-29,"cran_downloads",6096
"rmacrostrat",2026-04-30,"cran_downloads",6108
"rmacrostrat",2026-05-01,"cran_downloads",6120
"rmacrostrat",2026-05-02,"cran_downloads",6121
"rmacrostrat",2026-05-03,"cran_downloads",6129
"rmacrostrat",2026-05-04,"cran_downloads",6137
"rmacrostrat",2026-05-05,"cran_downloads",6147
"rmacrostrat",2026-05-06,"cran_downloads",6153
"rmacrostrat",2026-05-07,"cran_downloads",6170
"rmacrostrat",2026-05-08,"cran_downloads",6180
"rmacrostrat",2026-05-09,"cran_downloads",6185
"rmacrostrat",2026-05-10,"cran_downloads",6190
"rmacrostrat",2026-05-11,"cran_downloads",6201
"rmacrostrat",2026-05-12,"cran_downloads",6210
"rmacrostrat",2026-05-13,"cran_downloads",6232
"rmacrostrat",2026-05-14,"cran_downloads",6239
"rmacrostrat",2026-05-15,"cran_downloads",6248
"rmacrostrat",2026-05-16,"cran_downloads",6250
"rmacrostrat",2026-05-17,"cran_downloads",6252
"rmacrostrat",2026-05-18,"cran_downloads",6259
"rmacrostrat",2026-05-19,"cran_downloads",6269
"rmacrostrat",2026-05-20,"cran_downloads",6280
"rmacrostrat",2026-05-21,"cran_downloads",6282
"rmacrostrat",2026-05-22,"cran_downloads",6285
"rmacrostrat",2026-05-23,"cran_downloads",6287
"rmacrostrat",2026-05-24,"cran_downloads",6288
"rmacrostrat",2026-05-25,"cran_downloads",6294
"rmacrostrat",2026-05-26,"cran_downloads",6297
"rmacrostrat",2026-05-27,"cran_downloads",6302
"rmacrostrat",2026-05-28,"cran_downloads",6312
"rmacrostrat",2026-05-29,"cran_downloads",6317
"rmacrostrat",2026-05-30,"cran_downloads",6322
"rmacrostrat",2026-05-31,"cran_downloads",6331
"rmacrostrat",2026-06-01,"cran_downloads",6339
"rmacrostrat",2026-06-02,"cran_downloads",6348
"rmacrostrat",2026-06-03,"cran_downloads",6362
"rmacrostrat",2026-06-04,"cran_downloads",6369
"rmacrostrat",2026-06-05,"cran_downloads",6376
"rmacrostrat",2026-06-06,"cran_downloads",6382
"rmacrostrat",2026-06-07,"cran_downloads",6401
"rmacrostrat",2026-06-08,"cran_downloads",6420
"rmacrostrat",2026-06-09,"cran_downloads",6443
"rmacrostrat",2026-06-10,"cran_downloads",6456
"rmacrostrat",2026-06-11,"cran_downloads",6464
"rmacrostrat",2026-06-12,"cran_downloads",6476
"rmacrostrat",2026-06-13,"cran_downloads",6482
"rmacrostrat",2026-06-14,"cran_downloads",6498
"rmacrostrat",2026-06-15,"cran_downloads",6505
"rmacrostrat",2026-06-16,"cran_downloads",6514
"rmacrostrat",2026-06-17,"cran_downloads",6523
"rmacrostrat",2026-06-18,"cran_downloads",6544
"rmacrostrat",2026-06-19,"cran_downloads",6563
"rmacrostrat",2026-06-20,"cran_downloads",6573
"rmacrostrat",2026-06-21,"cran_downloads",6576
"rmacrostrat",2026-06-22,"cran_downloads",6583
"rmacrostrat",2026-06-23,"cran_downloads",6589
"rmacrostrat",2026-06-24,"cran_downloads",6594
"rmacrostrat",2026-06-25,"cran_downloads",6616
"rmacrostrat",2026-06-26,"cran_downloads",6621
"rmacrostrat",2026-06-27,"cran_downloads",6635
"rmacrostrat",2026-06-28,"cran_downloads",6640
"rmacrostrat",2026-06-29,"cran_downloads",6658
"rmacrostrat",2026-06-30,"cran_downloads",6666
"rmacrostrat",2026-07-01,"cran_downloads",6723
"rmacrostrat",2026-07-02,"cran_downloads",6760
"rmacrostrat",2026-07-03,"cran_downloads",6773
"rmacrostrat",2026-07-04,"cran_downloads",6783
"rmacrostrat",2026-07-05,"cran_downloads",6791
"rmacrostrat",2026-07-06,"cran_downloads",6802
"rmacrostrat",2026-07-07,"cran_downloads",6821
"rmacrostrat",2026-07-08,"cran_downloads",6832
"rmacrostrat",2026-07-09,"cran_downloads",6846
"rmacrostrat",2026-07-10,"cran_downloads",6858
"rmacrostrat",2026-07-11,"cran_downloads",6862
"rmacrostrat",2026-07-12,"cran_downloads",6868
"rmacrostrat",2026-07-13,"cran_downloads",6873
"rmacrostrat",2026-07-14,"cran_downloads",6885
"rmacrostrat",2026-07-15,"cran_downloads",6891
"rmacrostrat",2026-07-16,"cran_downloads",6903
"rmacrostrat",2026-07-17,"cran_downloads",6908
"rmacrostrat",2026-07-18,"cran_downloads",6909
"rmacrostrat",2026-07-19,"cran_downloads",6911
"rmacrostrat",2026-07-20,"cran_downloads",6914
"rmacrostrat",2026-07-21,"cran_downloads",6918
"rmacrostrat",2026-07-22,"cran_downloads",6922
"rmacrostrat",2026-07-23,"cran_downloads",6925
"rmacrostrat",2026-07-24,"cran_downloads",6957
"rmacrostrat",2026-07-25,"cran_downloads",6960
"rmacrostrat",2026-07-26,"cran_downloads",6987
"rmacrostrat",2026-07-27,"cran_downloads",6991
"rmacrostrat",2026-07-28,"cran_downloads",6998
"rmacrostrat",2026-07-29,"cran_downloads",7004
"rmacrostrat",2026-07-30,"cran_downloads",7006
"rmacrostrat",2026-07-31,"cran_downloads",7011
"rmacrostrat",2026-08-01,"cran_downloads",7016
"rmacrostrat",2026-08-02,"cran_downloads",7019
"rmacrostrat",2026-08-03,"cran_downloads",7020
"rmacrostrat",2026-08-04,"cran_downloads",7022
"rmacrostrat",2026-08-05,"cran_downloads",7024
"rmacrostrat",2026-08-06,"cran_downloads",7027
"rmacrostrat",2026-08-07,"cran_downloads",7034
"rmacrostrat",2026-08-08,"cran_downloads",7049
"rmacrostrat",2026-08-09,"cran_downloads",7081
"rmacrostrat",2026-08-10,"cran_downloads",7086
"rmacrostrat",2026-08-11,"cran_downloads",7097
"rmacrostrat",2026-08-12,"cran_downloads",7107
"rmacrostrat",2026-08-13,"cran_downloads",7109
"rmacrostrat",2026-08-14,"cran_downloads",7116
"rmacrostrat",2026-08-15,"cran_downloads",7121
"rmacrostrat",2026-08-16,"cran_downloads",7125
"rmacrostrat",2026-08-17,"cran_downloads",7130
"rmacrostrat",2026-08-18,"cran_downloads",7136
"rmacrostrat",2026-08-19,"cran_downloads",7142
"rmacrostrat",2026-08-20,"cran_downloads",7146
"rmacrostrat",2026-08-21,"cran_downloads",7168
"rmacrostrat",2026-08-22,"cran_downloads",7174
"rmacrostrat",2026-08-23,"cran_downloads",7175
"rmacrostrat",2026-08-24,"cran_downloads",7189
"rmacrostrat",2026-08-25,"cran_downloads",7196
"rmacrostrat",2026-08-26,"cran_downloads",7204
"rmacrostrat",2026-08-27,"cran_downloads",7230
"rmacrostrat",2026-08-28,"cran_downloads",7233
"rmacrostrat",2026-08-29,"cran_downloads",7245
"rmacrostrat",2026-08-30,"cran_downloads",7252
"rmacrostrat",2026-08-31,"cran_downloads",7256
"rmacrostrat",2026-09-01,"cran_downloads",7277
"rmacrostrat",2026-09-02,"cran_downloads",7289
"rmacrostrat",2026-09-03,"cran_downloads",7289
"rmacrostrat",2026-09-04,"cran_downloads",7289
"rmacrostrat",2026-09-05,"cran_downloads",7289
"rmacrostrat",2024-07-31,"cran_releases",1
"rmacrostrat",2024-09-17,"cran_releases",2
"rmacrostrat",2024-10-18,"cran_releases",3
"rmacrostrat",2026-05-26,"forks",1
"rmacrostrat",2025-06-19,"github_stars",1
"rmacrostrat",2025-12-02,"github_stars",2
"rmacrostrat",2024-10-04,"issues",1
"rmacrostrat",2025-10-07,"issues",2
"rmacrostrat",2026-06-10,"issues",3
"rmacrostrat",2023-03-27,"lines_of_code",43
"rmacrostrat",2023-03-28,"lines_of_code",67
"rmacrostrat",2023-04-24,"lines_of_code",207
"rmacrostrat",2023-04-25,"lines_of_code",36
"rmacrostrat",2024-05-20,"lines_of_code",314
"rmacrostrat",2024-05-21,"lines_of_code",1230
"rmacrostrat",2024-05-22,"lines_of_code",1224
"rmacrostrat",2024-05-23,"lines_of_code",1354
"rmacrostrat",2024-05-24,"lines_of_code",1751
"rmacrostrat",2024-05-25,"lines_of_code",1751
"rmacrostrat",2024-05-27,"lines_of_code",1751
"rmacrostrat",2024-05-28,"lines_of_code",1824
"rmacrostrat",2024-05-29,"lines_of_code",1820
"rmacrostrat",2024-05-30,"lines_of_code",1837
"rmacrostrat",2024-05-31,"lines_of_code",1873
"rmacrostrat",2024-06-04,"lines_of_code",1865
"rmacrostrat",2024-06-05,"lines_of_code",1865
"rmacrostrat",2024-06-06,"lines_of_code",1835
"rmacrostrat",2024-06-07,"lines_of_code",1847
"rmacrostrat",2024-06-10,"lines_of_code",1847
"rmacrostrat",2024-06-11,"lines_of_code",1850
"rmacrostrat",2024-06-12,"lines_of_code",1850
"rmacrostrat",2024-06-14,"lines_of_code",1835
"rmacrostrat",2024-06-26,"lines_of_code",1835
"rmacrostrat",2024-06-27,"lines_of_code",1835
"rmacrostrat",2024-06-28,"lines_of_code",1835
"rmacrostrat",2024-07-12,"lines_of_code",1828
"rmacrostrat",2024-07-18,"lines_of_code",1830
"rmacrostrat",2024-07-22,"lines_of_code",1829
"rmacrostrat",2024-07-23,"lines_of_code",1829
"rmacrostrat",2024-07-25,"lines_of_code",1829
"rmacrostrat",2024-07-29,"lines_of_code",1834
"rmacrostrat",2024-07-31,"lines_of_code",1838
"rmacrostrat",2024-09-13,"lines_of_code",1850
"rmacrostrat",2024-09-16,"lines_of_code",1850
"rmacrostrat",2024-09-17,"lines_of_code",1850
"rmacrostrat",2024-09-24,"lines_of_code",1850
"rmacrostrat",2024-09-26,"lines_of_code",1861
"rmacrostrat",2024-10-01,"lines_of_code",1863
"rmacrostrat",2024-10-02,"lines_of_code",1862
"rmacrostrat",2024-10-04,"lines_of_code",1875
"rmacrostrat",2024-10-17,"lines_of_code",1875
"rmacrostrat",2024-10-18,"lines_of_code",1875
"rmacrostrat",2024-10-31,"lines_of_code",1875
"rmacrostrat",2025-04-08,"lines_of_code",1875
"rmacrostrat",2025-05-06,"lines_of_code",1875
"rmacrostrat",2025-08-21,"lines_of_code",1995
"rmacrostrat",2026-07-21,"lines_of_code",1995
"rmacrostrat",2023-03-27,"mean_cyclomatic_complexity",4
"rmacrostrat",2023-03-28,"mean_cyclomatic_complexity",3
"rmacrostrat",2023-04-24,"mean_cyclomatic_complexity",5
"rmacrostrat",2023-04-25,"mean_cyclomatic_complexity",NA
"rmacrostrat",2024-05-20,"mean_cyclomatic_complexity",3.18181818181818
"rmacrostrat",2024-05-21,"mean_cyclomatic_complexity",3.76315789473684
"rmacrostrat",2024-05-22,"mean_cyclomatic_complexity",4.42105263157895
"rmacrostrat",2024-05-23,"mean_cyclomatic_complexity",5.63888888888889
"rmacrostrat",2024-05-24,"mean_cyclomatic_complexity",5.72222222222222
"rmacrostrat",2024-05-25,"mean_cyclomatic_complexity",5.72222222222222
"rmacrostrat",2024-05-27,"mean_cyclomatic_complexity",5.72222222222222
"rmacrostrat",2024-05-28,"mean_cyclomatic_complexity",5.77777777777778
"rmacrostrat",2024-05-29,"mean_cyclomatic_complexity",5.77777777777778
"rmacrostrat",2024-05-30,"mean_cyclomatic_complexity",5.88888888888889
"rmacrostrat",2024-05-31,"mean_cyclomatic_complexity",5.88888888888889
"rmacrostrat",2024-06-04,"mean_cyclomatic_complexity",5.88888888888889
"rmacrostrat",2024-06-05,"mean_cyclomatic_complexity",5.88888888888889
"rmacrostrat",2024-06-06,"mean_cyclomatic_complexity",5.58333333333333
"rmacrostrat",2024-06-07,"mean_cyclomatic_complexity",5.61111111111111
"rmacrostrat",2024-06-10,"mean_cyclomatic_complexity",5.61111111111111
"rmacrostrat",2024-06-11,"mean_cyclomatic_complexity",5.80555555555556
"rmacrostrat",2024-06-12,"mean_cyclomatic_complexity",5.80555555555556
"rmacrostrat",2024-06-14,"mean_cyclomatic_complexity",5.83333333333333
"rmacrostrat",2024-06-26,"mean_cyclomatic_complexity",5.83333333333333
"rmacrostrat",2024-06-27,"mean_cyclomatic_complexity",5.83333333333333
"rmacrostrat",2024-06-28,"mean_cyclomatic_complexity",5.83333333333333
"rmacrostrat",2024-07-12,"mean_cyclomatic_complexity",5.83333333333333
"rmacrostrat",2024-07-18,"mean_cyclomatic_complexity",5.83333333333333
"rmacrostrat",2024-07-22,"mean_cyclomatic_complexity",5.83333333333333
"rmacrostrat",2024-07-23,"mean_cyclomatic_complexity",5.83333333333333
"rmacrostrat",2024-07-25,"mean_cyclomatic_complexity",5.83333333333333
"rmacrostrat",2024-07-29,"mean_cyclomatic_complexity",5.7027027027027
"rmacrostrat",2024-07-31,"mean_cyclomatic_complexity",5.7027027027027
"rmacrostrat",2024-09-13,"mean_cyclomatic_complexity",5.7027027027027
"rmacrostrat",2024-09-16,"mean_cyclomatic_complexity",5.7027027027027
"rmacrostrat",2024-09-17,"mean_cyclomatic_complexity",5.7027027027027
"rmacrostrat",2024-09-24,"mean_cyclomatic_complexity",5.7027027027027
"rmacrostrat",2024-09-26,"mean_cyclomatic_complexity",5.7027027027027
"rmacrostrat",2024-10-01,"mean_cyclomatic_complexity",5.7027027027027
"rmacrostrat",2024-10-02,"mean_cyclomatic_complexity",5.7027027027027
"rmacrostrat",2024-10-04,"mean_cyclomatic_complexity",5.7027027027027
"rmacrostrat",2024-10-17,"mean_cyclomatic_complexity",5.7027027027027
"rmacrostrat",2024-10-18,"mean_cyclomatic_complexity",5.7027027027027
"rmacrostrat",2024-10-31,"mean_cyclomatic_complexity",5.7027027027027
"rmacrostrat",2025-04-08,"mean_cyclomatic_complexity",5.7027027027027
"rmacrostrat",2025-05-06,"mean_cyclomatic_complexity",5.7027027027027
"rmacrostrat",2025-08-21,"mean_cyclomatic_complexity",6.1025641025641
"rmacrostrat",2026-07-21,"mean_cyclomatic_complexity",6.1025641025641
"rmacrostrat",2024-05-20,"merged_pull_requests",1
"rmacrostrat",2024-05-29,"merged_pull_requests",14
"rmacrostrat",2024-05-30,"merged_pull_requests",16
"rmacrostrat",2024-06-04,"merged_pull_requests",19
"rmacrostrat",2024-06-06,"merged_pull_requests",23
"rmacrostrat",2024-06-07,"merged_pull_requests",26
"rmacrostrat",2024-06-11,"merged_pull_requests",30
"rmacrostrat",2024-06-12,"merged_pull_requests",31
"rmacrostrat",2024-06-14,"merged_pull_requests",33
"rmacrostrat",2024-06-27,"merged_pull_requests",34
"rmacrostrat",2024-06-28,"merged_pull_requests",35
"rmacrostrat",2024-07-18,"merged_pull_requests",36
"rmacrostrat",2024-07-22,"merged_pull_requests",37
"rmacrostrat",2024-09-16,"merged_pull_requests",38
"rmacrostrat",2024-09-24,"merged_pull_requests",39
"rmacrostrat",2024-09-26,"merged_pull_requests",40
"rmacrostrat",2025-05-06,"merged_pull_requests",41
"rmacrostrat",2025-08-21,"merged_pull_requests",42
"rmacrostrat",2026-07-21,"merged_pull_requests",43
"rmacrostrat",2024-10-04,"open_issues",1
"rmacrostrat",2025-05-06,"open_issues",0
"rmacrostrat",2025-10-07,"open_issues",1
"rmacrostrat",2026-06-10,"open_issues",2
"rmacrostrat",2023-04-25,"open_pull_requests",1
"rmacrostrat",2024-05-20,"open_pull_requests",0
"rmacrostrat",2024-05-27,"open_pull_requests",1
"rmacrostrat",2024-05-28,"open_pull_requests",4
"rmacrostrat",2024-05-29,"open_pull_requests",6
"rmacrostrat",2024-05-30,"open_pull_requests",4
"rmacrostrat",2024-05-31,"open_pull_requests",6
"rmacrostrat",2024-06-03,"open_pull_requests",11
"rmacrostrat",2024-06-04,"open_pull_requests",8
"rmacrostrat",2024-06-05,"open_pull_requests",9
"rmacrostrat",2024-06-06,"open_pull_requests",5
"rmacrostrat",2024-06-07,"open_pull_requests",2
"rmacrostrat",2024-06-11,"open_pull_requests",4
"rmacrostrat",2024-06-12,"open_pull_requests",3
"rmacrostrat",2024-06-14,"open_pull_requests",1
"rmacrostrat",2024-06-27,"open_pull_requests",2
"rmacrostrat",2024-06-28,"open_pull_requests",2
"rmacrostrat",2024-07-18,"open_pull_requests",1
"rmacrostrat",2024-07-22,"open_pull_requests",0
"rmacrostrat",2024-09-16,"open_pull_requests",0
"rmacrostrat",2024-09-17,"open_pull_requests",1
"rmacrostrat",2024-09-24,"open_pull_requests",1
"rmacrostrat",2024-09-26,"open_pull_requests",0
"rmacrostrat",2025-04-07,"open_pull_requests",1
"rmacrostrat",2025-05-01,"open_pull_requests",2
"rmacrostrat",2025-05-06,"open_pull_requests",1
"rmacrostrat",2025-08-21,"open_pull_requests",0
"rmacrostrat",2026-07-20,"open_pull_requests",1
"rmacrostrat",2026-07-21,"open_pull_requests",0
"rmacrostrat",2023-04-25,"pull_requests",1
"rmacrostrat",2024-05-27,"pull_requests",2
"rmacrostrat",2024-05-28,"pull_requests",5
"rmacrostrat",2024-05-29,"pull_requests",20
"rmacrostrat",2024-05-31,"pull_requests",22
"rmacrostrat",2024-06-03,"pull_requests",27
"rmacrostrat",2024-06-05,"pull_requests",28
"rmacrostrat",2024-06-11,"pull_requests",34
"rmacrostrat",2024-06-27,"pull_requests",36
"rmacrostrat",2024-06-28,"pull_requests",37
"rmacrostrat",2024-09-16,"pull_requests",38
"rmacrostrat",2024-09-17,"pull_requests",39
"rmacrostrat",2024-09-24,"pull_requests",40
"rmacrostrat",2025-04-07,"pull_requests",41
"rmacrostrat",2025-05-01,"pull_requests",42
"rmacrostrat",2026-07-20,"pull_requests",43
"rmacrostrat",2024-08-01,"reverse_dependencies",0
"rmacrostrat",2024-09-01,"reverse_dependencies",1
"rmacrostrat",2024-10-01,"reverse_dependencies",1
"rmacrostrat",2024-11-01,"reverse_dependencies",1
"rmacrostrat",2024-12-01,"reverse_dependencies",1
"rmacrostrat",2025-01-01,"reverse_dependencies",1
"rmacrostrat",2025-02-01,"reverse_dependencies",1
"rmacrostrat",2025-03-01,"reverse_dependencies",1
"rmacrostrat",2025-04-01,"reverse_dependencies",1
"rmacrostrat",2025-05-01,"reverse_dependencies",1
"rmacrostrat",2025-06-01,"reverse_dependencies",1
"rmacrostrat",2025-07-01,"reverse_dependencies",1
"rmacrostrat",2025-08-01,"reverse_dependencies",1
"rmacrostrat",2025-09-01,"reverse_dependencies",1
"rmacrostrat",2025-10-01,"reverse_dependencies",1
"rmacrostrat",2025-11-01,"reverse_dependencies",1
"rmacrostrat",2025-12-01,"reverse_dependencies",1
"rmacrostrat",2026-01-01,"reverse_dependencies",1
"rmacrostrat",2026-02-01,"reverse_dependencies",1
"rmacrostrat",2026-03-01,"reverse_dependencies",1
"rmacrostrat",2026-04-01,"reverse_dependencies",1
"rmacrostrat",2026-05-01,"reverse_dependencies",1
"rmacrostrat",2026-06-01,"reverse_dependencies",1
"rmacrostrat",2026-07-01,"reverse_dependencies",1
"rmacrostrat",2026-08-01,"reverse_dependencies",1
"rmacrostrat",2026-09-01,"reverse_dependencies",1
"rphylopic",2018-11-19,"citations",1
"rphylopic",2024-01-01,"citations",2
"rphylopic",2024-02-29,"citations",3
"rphylopic",2024-04-10,"citations",4
"rphylopic",2024-04-18,"citations",5
"rphylopic",2024-04-26,"citations",6
"rphylopic",2024-05-25,"citations",7
"rphylopic",2024-06-05,"citations",8
"rphylopic",2024-06-11,"citations",9
"rphylopic",2024-07-04,"citations",10
"rphylopic",2024-07-25,"citations",11
"rphylopic",2024-07-29,"citations",12
"rphylopic",2024-08-01,"citations",13
"rphylopic",2024-08-06,"citations",14
"rphylopic",2024-08-22,"citations",15
"rphylopic",2024-08-31,"citations",16
"rphylopic",2024-09-01,"citations",18
"rphylopic",2024-09-03,"citations",19
"rphylopic",2024-09-12,"citations",20
"rphylopic",2024-09-21,"citations",21
"rphylopic",2024-10-30,"citations",22
"rphylopic",2024-11-06,"citations",23
"rphylopic",2025-01-01,"citations",26
"rphylopic",2025-01-03,"citations",27
"rphylopic",2025-01-22,"citations",28
"rphylopic",2025-01-25,"citations",29
"rphylopic",2025-01-29,"citations",30
"rphylopic",2025-01-30,"citations",31
"rphylopic",2025-02-05,"citations",32
"rphylopic",2025-02-22,"citations",33
"rphylopic",2025-03-01,"citations",34
"rphylopic",2025-03-07,"citations",35
"rphylopic",2025-04-08,"citations",36
"rphylopic",2025-05-01,"citations",37
"rphylopic",2025-05-05,"citations",38
"rphylopic",2025-05-13,"citations",39
"rphylopic",2025-05-19,"citations",40
"rphylopic",2025-05-26,"citations",41
"rphylopic",2025-05-27,"citations",42
"rphylopic",2025-06-12,"citations",43
"rphylopic",2025-06-18,"citations",44
"rphylopic",2025-06-24,"citations",45
"rphylopic",2025-06-30,"citations",46
"rphylopic",2025-07-04,"citations",47
"rphylopic",2025-08-01,"citations",48
"rphylopic",2025-08-08,"citations",49
"rphylopic",2025-09-01,"citations",51
"rphylopic",2025-09-08,"citations",52
"rphylopic",2025-09-17,"citations",53
"rphylopic",2025-09-18,"citations",54
"rphylopic",2025-09-22,"citations",55
"rphylopic",2025-10-01,"citations",57
"rphylopic",2025-10-06,"citations",58
"rphylopic",2025-10-14,"citations",59
"rphylopic",2025-11-01,"citations",60
"rphylopic",2025-11-02,"citations",61
"rphylopic",2025-11-24,"citations",62
"rphylopic",2025-12-15,"citations",64
"rphylopic",2026-01-01,"citations",66
"rphylopic",2026-01-13,"citations",67
"rphylopic",2026-01-21,"citations",68
"rphylopic",2026-01-28,"citations",69
"rphylopic",2026-02-06,"citations",70
"rphylopic",2026-03-03,"citations",71
"rphylopic",2026-03-08,"citations",72
"rphylopic",2026-03-26,"citations",73
"rphylopic",2026-03-28,"citations",74
"rphylopic",2026-03-31,"citations",75
"rphylopic",2026-04-03,"citations",77
"rphylopic",2026-04-20,"citations",78
"rphylopic",2026-05-04,"citations",79
"rphylopic",2026-06-03,"citations",80
"rphylopic",2026-06-11,"citations",81
"rphylopic",2026-06-20,"citations",82
"rphylopic",2026-06-23,"citations",83
"rphylopic",2026-06-24,"citations",84
"rphylopic",2026-06-29,"citations",85
"rphylopic",2026-07-29,"citations",86
"rphylopic",2013-06-04,"closed_issues",1
"rphylopic",2014-07-08,"closed_issues",2
"rphylopic",2015-07-12,"closed_issues",3
"rphylopic",2015-08-07,"closed_issues",4
"rphylopic",2016-01-14,"closed_issues",5
"rphylopic",2017-12-21,"closed_issues",6
"rphylopic",2018-02-27,"closed_issues",11
"rphylopic",2018-11-09,"closed_issues",15
"rphylopic",2019-08-29,"closed_issues",16
"rphylopic",2020-06-02,"closed_issues",19
"rphylopic",2020-08-10,"closed_issues",20
"rphylopic",2021-02-23,"closed_issues",21
"rphylopic",2022-02-15,"closed_issues",22
"rphylopic",2022-03-01,"closed_issues",23
"rphylopic",2023-03-07,"closed_issues",27
"rphylopic",2023-03-08,"closed_issues",28
"rphylopic",2023-03-14,"closed_issues",29
"rphylopic",2023-03-20,"closed_issues",30
"rphylopic",2023-03-31,"closed_issues",32
"rphylopic",2023-04-20,"closed_issues",33
"rphylopic",2023-04-21,"closed_issues",35
"rphylopic",2023-04-25,"closed_issues",36
"rphylopic",2023-04-27,"closed_issues",38
"rphylopic",2023-06-29,"closed_issues",40
"rphylopic",2023-07-08,"closed_issues",41
"rphylopic",2023-07-14,"closed_issues",43
"rphylopic",2023-07-18,"closed_issues",44
"rphylopic",2023-08-22,"closed_issues",45
"rphylopic",2023-08-24,"closed_issues",46
"rphylopic",2023-08-25,"closed_issues",49
"rphylopic",2023-08-27,"closed_issues",53
"rphylopic",2023-10-11,"closed_issues",54
"rphylopic",2023-11-09,"closed_issues",55
"rphylopic",2023-11-15,"closed_issues",57
"rphylopic",2023-11-20,"closed_issues",58
"rphylopic",2023-12-01,"closed_issues",59
"rphylopic",2023-12-19,"closed_issues",60
"rphylopic",2023-12-20,"closed_issues",61
"rphylopic",2023-12-21,"closed_issues",62
"rphylopic",2024-01-03,"closed_issues",63
"rphylopic",2024-01-22,"closed_issues",64
"rphylopic",2024-03-12,"closed_issues",65
"rphylopic",2024-04-23,"closed_issues",66
"rphylopic",2024-09-03,"closed_issues",68
"rphylopic",2024-09-04,"closed_issues",70
"rphylopic",2025-07-09,"closed_issues",71
"rphylopic",2025-10-03,"closed_issues",72
"rphylopic",2025-11-14,"closed_issues",74
"rphylopic",2025-11-17,"closed_issues",76
"rphylopic",2025-11-18,"closed_issues",77
"rphylopic",2026-05-15,"closed_issues",78
"rphylopic",2026-05-18,"closed_issues",79
"rphylopic",2026-07-07,"closed_issues",81
"rphylopic",2026-07-10,"closed_issues",82
"rphylopic",2026-07-07,"closed_pull_requests",1
"rphylopic",2026-09-02,"closed_pull_requests",2
"rphylopic",2023-03-07,"code_coverage",96.64179
"rphylopic",2023-03-08,"code_coverage",96.7033
"rphylopic",2023-03-14,"code_coverage",96.7033
"rphylopic",2023-03-18,"code_coverage",96.7033
"rphylopic",2023-03-20,"code_coverage",96.7033
"rphylopic",2023-03-31,"code_coverage",97.50693
"rphylopic",2023-04-20,"code_coverage",96.51475
"rphylopic",2023-04-21,"code_coverage",95.65217
"rphylopic",2023-04-25,"code_coverage",96.37306
"rphylopic",2023-04-27,"code_coverage",94.77696
"rphylopic",2023-05-04,"code_coverage",92.4612
"rphylopic",2023-06-15,"code_coverage",92.4612
"rphylopic",2023-06-29,"code_coverage",96.1787
"rphylopic",2023-06-30,"code_coverage",96.17978
"rphylopic",2023-07-07,"code_coverage",95.66161
"rphylopic",2023-07-08,"code_coverage",95.66161
"rphylopic",2023-07-18,"code_coverage",93.48659
"rphylopic",2023-07-20,"code_coverage",93.48659
"rphylopic",2023-08-22,"code_coverage",94.61967
"rphylopic",2023-08-24,"code_coverage",94.21338
"rphylopic",2023-08-25,"code_coverage",92.18332
"rphylopic",2023-08-27,"code_coverage",88.7513
"rphylopic",2023-08-28,"code_coverage",94.15264
"rphylopic",2023-08-29,"code_coverage",97.11246
"rphylopic",2023-08-30,"code_coverage",97.11246
"rphylopic",2023-10-10,"code_coverage",97.11246
"rphylopic",2023-10-11,"code_coverage",97.11246
"rphylopic",2023-10-27,"code_coverage",96.81818
"rphylopic",2023-10-28,"code_coverage",96.81818
"rphylopic",2023-11-09,"code_coverage",96.81818
"rphylopic",2023-11-15,"code_coverage",96.80849
"rphylopic",2023-11-20,"code_coverage",96.3043
"rphylopic",2023-12-01,"code_coverage",96.06657
"rphylopic",2023-12-19,"code_coverage",96.06657
"rphylopic",2024-01-03,"code_coverage",95.6151
"rphylopic",2024-01-22,"code_coverage",95.78947
"rphylopic",2024-01-23,"code_coverage",95.78947
"rphylopic",2024-03-08,"code_coverage",95.78947
"rphylopic",2024-03-09,"code_coverage",95.78947
"rphylopic",2024-03-12,"code_coverage",95.81882
"rphylopic",2024-04-01,"code_coverage",94.54123
"rphylopic",2024-04-02,"code_coverage",94.54123
"rphylopic",2024-04-23,"code_coverage",95.39296
"rphylopic",2024-05-01,"code_coverage",94.54123
"rphylopic",2024-07-24,"code_coverage",95.81882
"rphylopic",2024-09-03,"code_coverage",93.9458
"rphylopic",2024-09-04,"code_coverage",94.08659
"rphylopic",2024-10-02,"code_coverage",94.72017
"rphylopic",2025-05-02,"code_coverage",94.72017
"rphylopic",2025-05-06,"code_coverage",94.88753
"rphylopic",2025-07-08,"code_coverage",94.88753
"rphylopic",2025-07-09,"code_coverage",94.88753
"rphylopic",2025-08-21,"code_coverage",94.88753
"rphylopic",2025-09-02,"code_coverage",93.66053
"rphylopic",2025-10-03,"code_coverage",93.70847
"rphylopic",2025-10-27,"code_coverage",93.7564
"rphylopic",2025-11-14,"code_coverage",93.7564
"rphylopic",2025-11-17,"code_coverage",93.60842
"rphylopic",2025-11-18,"code_coverage",93.54839
"rphylopic",2025-11-21,"code_coverage",93.54839
"rphylopic",2026-05-07,"code_coverage",94.75806
"rphylopic",2026-05-15,"code_coverage",94.97154
"rphylopic",2026-05-18,"code_coverage",94.97154
"rphylopic",2026-07-07,"code_coverage",94.17096
"rphylopic",2026-07-08,"code_coverage",94.13953
"rphylopic",2026-07-09,"code_coverage",94.13953
"rphylopic",2026-07-20,"code_coverage",94.13953
"rphylopic",2013-04-07,"commits",6
"rphylopic",2013-04-08,"commits",10
"rphylopic",2013-04-10,"commits",11
"rphylopic",2013-04-11,"commits",17
"rphylopic",2013-05-29,"commits",18
"rphylopic",2013-06-04,"commits",19
"rphylopic",2013-10-30,"commits",20
"rphylopic",2014-06-02,"commits",37
"rphylopic",2014-06-15,"commits",38
"rphylopic",2014-07-08,"commits",40
"rphylopic",2014-09-18,"commits",47
"rphylopic",2014-11-06,"commits",54
"rphylopic",2014-11-07,"commits",60
"rphylopic",2015-05-06,"commits",61
"rphylopic",2015-07-01,"commits",62
"rphylopic",2015-07-02,"commits",65
"rphylopic",2015-07-06,"commits",67
"rphylopic",2015-08-05,"commits",68
"rphylopic",2015-08-07,"commits",77
"rphylopic",2016-01-14,"commits",81
"rphylopic",2017-12-21,"commits",84
"rphylopic",2018-02-27,"commits",93
"rphylopic",2018-02-28,"commits",94
"rphylopic",2018-11-09,"commits",105
"rphylopic",2018-11-19,"commits",106
"rphylopic",2019-09-11,"commits",107
"rphylopic",2019-09-13,"commits",108
"rphylopic",2019-09-16,"commits",109
"rphylopic",2019-09-17,"commits",111
"rphylopic",2019-10-30,"commits",113
"rphylopic",2020-05-26,"commits",116
"rphylopic",2020-06-02,"commits",129
"rphylopic",2020-06-03,"commits",131
"rphylopic",2020-06-06,"commits",132
"rphylopic",2020-07-17,"commits",133
"rphylopic",2020-08-01,"commits",134
"rphylopic",2020-08-03,"commits",135
"rphylopic",2020-08-10,"commits",138
"rphylopic",2022-02-18,"commits",139
"rphylopic",2022-02-20,"commits",141
"rphylopic",2022-02-23,"commits",142
"rphylopic",2022-03-01,"commits",145
"rphylopic",2023-02-14,"commits",147
"rphylopic",2023-02-15,"commits",151
"rphylopic",2023-02-17,"commits",152
"rphylopic",2023-02-20,"commits",153
"rphylopic",2023-02-23,"commits",156
"rphylopic",2023-02-24,"commits",165
"rphylopic",2023-02-25,"commits",167
"rphylopic",2023-02-27,"commits",178
"rphylopic",2023-02-28,"commits",182
"rphylopic",2023-03-01,"commits",184
"rphylopic",2023-03-03,"commits",185
"rphylopic",2023-03-06,"commits",192
"rphylopic",2023-03-07,"commits",198
"rphylopic",2023-03-08,"commits",201
"rphylopic",2023-03-14,"commits",203
"rphylopic",2023-03-18,"commits",205
"rphylopic",2023-03-20,"commits",212
"rphylopic",2023-03-31,"commits",213
"rphylopic",2023-04-20,"commits",215
"rphylopic",2023-04-21,"commits",216
"rphylopic",2023-04-25,"commits",217
"rphylopic",2023-04-27,"commits",219
"rphylopic",2023-05-04,"commits",220
"rphylopic",2023-06-15,"commits",221
"rphylopic",2023-06-29,"commits",232
"rphylopic",2023-06-30,"commits",234
"rphylopic",2023-07-07,"commits",236
"rphylopic",2023-07-08,"commits",237
"rphylopic",2023-07-14,"commits",242
"rphylopic",2023-07-18,"commits",243
"rphylopic",2023-07-20,"commits",245
"rphylopic",2023-08-22,"commits",246
"rphylopic",2023-08-24,"commits",247
"rphylopic",2023-08-25,"commits",250
"rphylopic",2023-08-27,"commits",255
"rphylopic",2023-08-28,"commits",266
"rphylopic",2023-08-29,"commits",274
"rphylopic",2023-08-30,"commits",275
"rphylopic",2023-10-10,"commits",282
"rphylopic",2023-10-11,"commits",283
"rphylopic",2023-10-27,"commits",284
"rphylopic",2023-10-28,"commits",288
"rphylopic",2023-11-09,"commits",290
"rphylopic",2023-11-15,"commits",293
"rphylopic",2023-11-20,"commits",296
"rphylopic",2023-12-01,"commits",297
"rphylopic",2023-12-19,"commits",299
"rphylopic",2023-12-20,"commits",312
"rphylopic",2024-01-03,"commits",313
"rphylopic",2024-01-22,"commits",314
"rphylopic",2024-01-23,"commits",315
"rphylopic",2024-03-08,"commits",317
"rphylopic",2024-03-09,"commits",318
"rphylopic",2024-03-11,"commits",319
"rphylopic",2024-03-12,"commits",323
"rphylopic",2024-04-01,"commits",324
"rphylopic",2024-04-02,"commits",325
"rphylopic",2024-04-23,"commits",330
"rphylopic",2024-05-01,"commits",332
"rphylopic",2024-07-24,"commits",333
"rphylopic",2024-09-03,"commits",336
"rphylopic",2024-09-04,"commits",339
"rphylopic",2024-10-02,"commits",340
"rphylopic",2025-05-02,"commits",341
"rphylopic",2025-05-06,"commits",342
"rphylopic",2025-07-08,"commits",343
"rphylopic",2025-07-09,"commits",345
"rphylopic",2025-08-21,"commits",347
"rphylopic",2025-09-02,"commits",348
"rphylopic",2025-10-03,"commits",350
"rphylopic",2025-10-27,"commits",351
"rphylopic",2025-11-14,"commits",352
"rphylopic",2025-11-17,"commits",358
"rphylopic",2025-11-18,"commits",360
"rphylopic",2025-11-21,"commits",362
"rphylopic",2026-05-07,"commits",363
"rphylopic",2026-05-15,"commits",364
"rphylopic",2026-05-18,"commits",365
"rphylopic",2026-07-07,"commits",370
"rphylopic",2026-07-08,"commits",377
"rphylopic",2026-07-09,"commits",380
"rphylopic",2026-07-20,"commits",381
"rphylopic",2013-04-07,"contributors",1
"rphylopic",2014-07-08,"contributors",2
"rphylopic",2014-09-18,"contributors",3
"rphylopic",2015-07-01,"contributors",4
"rphylopic",2019-09-13,"contributors",5
"rphylopic",2022-02-18,"contributors",6
"rphylopic",2023-02-14,"contributors",7
"rphylopic",2023-02-15,"contributors",8
"rphylopic",2025-05-02,"contributors",9
"rphylopic",2026-07-20,"contributors",10
"rphylopic",2018-11-19,"cran_downloads",2
"rphylopic",2018-11-20,"cran_downloads",16
"rphylopic",2018-11-21,"cran_downloads",30
"rphylopic",2018-11-22,"cran_downloads",38
"rphylopic",2018-11-23,"cran_downloads",45
"rphylopic",2018-11-24,"cran_downloads",56
"rphylopic",2018-11-25,"cran_downloads",63
"rphylopic",2018-11-26,"cran_downloads",77
"rphylopic",2018-11-27,"cran_downloads",95
"rphylopic",2018-11-28,"cran_downloads",101
"rphylopic",2018-11-29,"cran_downloads",108
"rphylopic",2018-11-30,"cran_downloads",110
"rphylopic",2018-12-01,"cran_downloads",114
"rphylopic",2018-12-02,"cran_downloads",118
"rphylopic",2018-12-03,"cran_downloads",127
"rphylopic",2018-12-04,"cran_downloads",135
"rphylopic",2018-12-05,"cran_downloads",145
"rphylopic",2018-12-06,"cran_downloads",152
"rphylopic",2018-12-07,"cran_downloads",165
"rphylopic",2018-12-08,"cran_downloads",172
"rphylopic",2018-12-09,"cran_downloads",177
"rphylopic",2018-12-10,"cran_downloads",181
"rphylopic",2018-12-11,"cran_downloads",183
"rphylopic",2018-12-12,"cran_downloads",191
"rphylopic",2018-12-13,"cran_downloads",204
"rphylopic",2018-12-14,"cran_downloads",209
"rphylopic",2018-12-15,"cran_downloads",218
"rphylopic",2018-12-16,"cran_downloads",222
"rphylopic",2018-12-17,"cran_downloads",227
"rphylopic",2018-12-18,"cran_downloads",239
"rphylopic",2018-12-19,"cran_downloads",251
"rphylopic",2018-12-20,"cran_downloads",262
"rphylopic",2018-12-21,"cran_downloads",269
"rphylopic",2018-12-22,"cran_downloads",271
"rphylopic",2018-12-23,"cran_downloads",278
"rphylopic",2018-12-24,"cran_downloads",280
"rphylopic",2018-12-25,"cran_downloads",286
"rphylopic",2018-12-26,"cran_downloads",290
"rphylopic",2018-12-27,"cran_downloads",301
"rphylopic",2018-12-28,"cran_downloads",308
"rphylopic",2018-12-29,"cran_downloads",313
"rphylopic",2018-12-30,"cran_downloads",315
"rphylopic",2018-12-31,"cran_downloads",320
"rphylopic",2019-01-01,"cran_downloads",322
"rphylopic",2019-01-02,"cran_downloads",332
"rphylopic",2019-01-03,"cran_downloads",336
"rphylopic",2019-01-04,"cran_downloads",339
"rphylopic",2019-01-05,"cran_downloads",344
"rphylopic",2019-01-06,"cran_downloads",349
"rphylopic",2019-01-07,"cran_downloads",360
"rphylopic",2019-01-08,"cran_downloads",380
"rphylopic",2019-01-09,"cran_downloads",388
"rphylopic",2019-01-10,"cran_downloads",395
"rphylopic",2019-01-11,"cran_downloads",404
"rphylopic",2019-01-12,"cran_downloads",410
"rphylopic",2019-01-13,"cran_downloads",411
"rphylopic",2019-01-14,"cran_downloads",420
"rphylopic",2019-01-15,"cran_downloads",432
"rphylopic",2019-01-16,"cran_downloads",443
"rphylopic",2019-01-17,"cran_downloads",449
"rphylopic",2019-01-18,"cran_downloads",459
"rphylopic",2019-01-19,"cran_downloads",468
"rphylopic",2019-01-20,"cran_downloads",476
"rphylopic",2019-01-21,"cran_downloads",481
"rphylopic",2019-01-22,"cran_downloads",488
"rphylopic",2019-01-23,"cran_downloads",499
"rphylopic",2019-01-24,"cran_downloads",512
"rphylopic",2019-01-25,"cran_downloads",519
"rphylopic",2019-01-26,"cran_downloads",521
"rphylopic",2019-01-27,"cran_downloads",524
"rphylopic",2019-01-28,"cran_downloads",529
"rphylopic",2019-01-29,"cran_downloads",542
"rphylopic",2019-01-30,"cran_downloads",552
"rphylopic",2019-01-31,"cran_downloads",559
"rphylopic",2019-02-01,"cran_downloads",562
"rphylopic",2019-02-02,"cran_downloads",563
"rphylopic",2019-02-03,"cran_downloads",568
"rphylopic",2019-02-04,"cran_downloads",581
"rphylopic",2019-02-05,"cran_downloads",590
"rphylopic",2019-02-06,"cran_downloads",607
"rphylopic",2019-02-07,"cran_downloads",614
"rphylopic",2019-02-08,"cran_downloads",619
"rphylopic",2019-02-09,"cran_downloads",628
"rphylopic",2019-02-10,"cran_downloads",632
"rphylopic",2019-02-11,"cran_downloads",645
"rphylopic",2019-02-12,"cran_downloads",657
"rphylopic",2019-02-13,"cran_downloads",667
"rphylopic",2019-02-14,"cran_downloads",670
"rphylopic",2019-02-15,"cran_downloads",675
"rphylopic",2019-02-16,"cran_downloads",680
"rphylopic",2019-02-17,"cran_downloads",688
"rphylopic",2019-02-18,"cran_downloads",699
"rphylopic",2019-02-19,"cran_downloads",708
"rphylopic",2019-02-20,"cran_downloads",719
"rphylopic",2019-02-21,"cran_downloads",729
"rphylopic",2019-02-22,"cran_downloads",735
"rphylopic",2019-02-23,"cran_downloads",740
"rphylopic",2019-02-24,"cran_downloads",743
"rphylopic",2019-02-25,"cran_downloads",753
"rphylopic",2019-02-26,"cran_downloads",759
"rphylopic",2019-02-27,"cran_downloads",766
"rphylopic",2019-02-28,"cran_downloads",774
"rphylopic",2019-03-01,"cran_downloads",782
"rphylopic",2019-03-02,"cran_downloads",783
"rphylopic",2019-03-03,"cran_downloads",790
"rphylopic",2019-03-04,"cran_downloads",804
"rphylopic",2019-03-05,"cran_downloads",819
"rphylopic",2019-03-06,"cran_downloads",831
"rphylopic",2019-03-07,"cran_downloads",841
"rphylopic",2019-03-08,"cran_downloads",858
"rphylopic",2019-03-09,"cran_downloads",865
"rphylopic",2019-03-10,"cran_downloads",872
"rphylopic",2019-03-11,"cran_downloads",878
"rphylopic",2019-03-12,"cran_downloads",887
"rphylopic",2019-03-13,"cran_downloads",898
"rphylopic",2019-03-14,"cran_downloads",906
"rphylopic",2019-03-15,"cran_downloads",920
"rphylopic",2019-03-16,"cran_downloads",928
"rphylopic",2019-03-17,"cran_downloads",940
"rphylopic",2019-03-18,"cran_downloads",953
"rphylopic",2019-03-19,"cran_downloads",961
"rphylopic",2019-03-20,"cran_downloads",972
"rphylopic",2019-03-21,"cran_downloads",981
"rphylopic",2019-03-22,"cran_downloads",989
"rphylopic",2019-03-23,"cran_downloads",992
"rphylopic",2019-03-24,"cran_downloads",994
"rphylopic",2019-03-25,"cran_downloads",1002
"rphylopic",2019-03-26,"cran_downloads",1012
"rphylopic",2019-03-27,"cran_downloads",1028
"rphylopic",2019-03-28,"cran_downloads",1036
"rphylopic",2019-03-29,"cran_downloads",1048
"rphylopic",2019-03-30,"cran_downloads",1051
"rphylopic",2019-03-31,"cran_downloads",1057
"rphylopic",2019-04-01,"cran_downloads",1065
"rphylopic",2019-04-02,"cran_downloads",1083
"rphylopic",2019-04-03,"cran_downloads",1093
"rphylopic",2019-04-04,"cran_downloads",1105
"rphylopic",2019-04-05,"cran_downloads",1114
"rphylopic",2019-04-06,"cran_downloads",1127
"rphylopic",2019-04-07,"cran_downloads",1135
"rphylopic",2019-04-08,"cran_downloads",1147
"rphylopic",2019-04-09,"cran_downloads",1165
"rphylopic",2019-04-10,"cran_downloads",1181
"rphylopic",2019-04-11,"cran_downloads",1188
"rphylopic",2019-04-12,"cran_downloads",1201
"rphylopic",2019-04-13,"cran_downloads",1205
"rphylopic",2019-04-14,"cran_downloads",1210
"rphylopic",2019-04-15,"cran_downloads",1217
"rphylopic",2019-04-16,"cran_downloads",1227
"rphylopic",2019-04-17,"cran_downloads",1244
"rphylopic",2019-04-18,"cran_downloads",1254
"rphylopic",2019-04-19,"cran_downloads",1267
"rphylopic",2019-04-20,"cran_downloads",1277
"rphylopic",2019-04-21,"cran_downloads",1286
"rphylopic",2019-04-22,"cran_downloads",1291
"rphylopic",2019-04-23,"cran_downloads",1298
"rphylopic",2019-04-24,"cran_downloads",1306
"rphylopic",2019-04-25,"cran_downloads",1317
"rphylopic",2019-04-26,"cran_downloads",1324
"rphylopic",2019-04-27,"cran_downloads",1327
"rphylopic",2019-04-28,"cran_downloads",1336
"rphylopic",2019-04-29,"cran_downloads",1357
"rphylopic",2019-04-30,"cran_downloads",1369
"rphylopic",2019-05-01,"cran_downloads",1373
"rphylopic",2019-05-02,"cran_downloads",1387
"rphylopic",2019-05-03,"cran_downloads",1395
"rphylopic",2019-05-04,"cran_downloads",1399
"rphylopic",2019-05-05,"cran_downloads",1409
"rphylopic",2019-05-06,"cran_downloads",1435
"rphylopic",2019-05-07,"cran_downloads",1449
"rphylopic",2019-05-08,"cran_downloads",1471
"rphylopic",2019-05-09,"cran_downloads",1482
"rphylopic",2019-05-10,"cran_downloads",1489
"rphylopic",2019-05-11,"cran_downloads",1496
"rphylopic",2019-05-12,"cran_downloads",1516
"rphylopic",2019-05-13,"cran_downloads",1533
"rphylopic",2019-05-14,"cran_downloads",1552
"rphylopic",2019-05-15,"cran_downloads",1596
"rphylopic",2019-05-16,"cran_downloads",1623
"rphylopic",2019-05-17,"cran_downloads",1639
"rphylopic",2019-05-18,"cran_downloads",1659
"rphylopic",2019-05-19,"cran_downloads",1677
"rphylopic",2019-05-20,"cran_downloads",1689
"rphylopic",2019-05-21,"cran_downloads",1699
"rphylopic",2019-05-22,"cran_downloads",1706
"rphylopic",2019-05-23,"cran_downloads",1716
"rphylopic",2019-05-24,"cran_downloads",1724
"rphylopic",2019-05-25,"cran_downloads",1728
"rphylopic",2019-05-26,"cran_downloads",1735
"rphylopic",2019-05-27,"cran_downloads",1748
"rphylopic",2019-05-28,"cran_downloads",1759
"rphylopic",2019-05-29,"cran_downloads",1770
"rphylopic",2019-05-30,"cran_downloads",1775
"rphylopic",2019-05-31,"cran_downloads",1780
"rphylopic",2019-06-01,"cran_downloads",1784
"rphylopic",2019-06-02,"cran_downloads",1785
"rphylopic",2019-06-03,"cran_downloads",1786
"rphylopic",2019-06-04,"cran_downloads",1793
"rphylopic",2019-06-05,"cran_downloads",1802
"rphylopic",2019-06-06,"cran_downloads",1807
"rphylopic",2019-06-07,"cran_downloads",1815
"rphylopic",2019-06-08,"cran_downloads",1821
"rphylopic",2019-06-09,"cran_downloads",1824
"rphylopic",2019-06-10,"cran_downloads",1826
"rphylopic",2019-06-11,"cran_downloads",1829
"rphylopic",2019-06-12,"cran_downloads",1831
"rphylopic",2019-06-13,"cran_downloads",1838
"rphylopic",2019-06-14,"cran_downloads",1846
"rphylopic",2019-06-15,"cran_downloads",1850
"rphylopic",2019-06-16,"cran_downloads",1855
"rphylopic",2019-06-17,"cran_downloads",1864
"rphylopic",2019-06-18,"cran_downloads",1869
"rphylopic",2019-06-19,"cran_downloads",1871
"rphylopic",2019-06-20,"cran_downloads",1878
"rphylopic",2019-06-21,"cran_downloads",1887
"rphylopic",2019-06-22,"cran_downloads",1891
"rphylopic",2019-06-23,"cran_downloads",1899
"rphylopic",2019-06-24,"cran_downloads",1903
"rphylopic",2019-06-25,"cran_downloads",1920
"rphylopic",2019-06-26,"cran_downloads",1924
"rphylopic",2019-06-27,"cran_downloads",1933
"rphylopic",2019-06-28,"cran_downloads",1942
"rphylopic",2019-06-29,"cran_downloads",1954
"rphylopic",2019-06-30,"cran_downloads",1956
"rphylopic",2019-07-01,"cran_downloads",1969
"rphylopic",2019-07-02,"cran_downloads",1975
"rphylopic",2019-07-03,"cran_downloads",1985
"rphylopic",2019-07-04,"cran_downloads",1992
"rphylopic",2019-07-05,"cran_downloads",2000
"rphylopic",2019-07-06,"cran_downloads",2006
"rphylopic",2019-07-07,"cran_downloads",2013
"rphylopic",2019-07-08,"cran_downloads",2026
"rphylopic",2019-07-09,"cran_downloads",2035
"rphylopic",2019-07-10,"cran_downloads",2048
"rphylopic",2019-07-11,"cran_downloads",2060
"rphylopic",2019-07-12,"cran_downloads",2070
"rphylopic",2019-07-13,"cran_downloads",2080
"rphylopic",2019-07-14,"cran_downloads",2085
"rphylopic",2019-07-15,"cran_downloads",2092
"rphylopic",2019-07-16,"cran_downloads",2100
"rphylopic",2019-07-17,"cran_downloads",2108
"rphylopic",2019-07-18,"cran_downloads",2136
"rphylopic",2019-07-19,"cran_downloads",2152
"rphylopic",2019-07-20,"cran_downloads",2159
"rphylopic",2019-07-21,"cran_downloads",2176
"rphylopic",2019-07-22,"cran_downloads",2200
"rphylopic",2019-07-23,"cran_downloads",2220
"rphylopic",2019-07-24,"cran_downloads",2226
"rphylopic",2019-07-25,"cran_downloads",2235
"rphylopic",2019-07-26,"cran_downloads",2242
"rphylopic",2019-07-27,"cran_downloads",2255
"rphylopic",2019-07-28,"cran_downloads",2257
"rphylopic",2019-07-29,"cran_downloads",2263
"rphylopic",2019-07-30,"cran_downloads",2280
"rphylopic",2019-07-31,"cran_downloads",2291
"rphylopic",2019-08-01,"cran_downloads",2294
"rphylopic",2019-08-02,"cran_downloads",2302
"rphylopic",2019-08-03,"cran_downloads",2304
"rphylopic",2019-08-04,"cran_downloads",2306
"rphylopic",2019-08-05,"cran_downloads",2312
"rphylopic",2019-08-06,"cran_downloads",2322
"rphylopic",2019-08-07,"cran_downloads",2342
"rphylopic",2019-08-08,"cran_downloads",2351
"rphylopic",2019-08-09,"cran_downloads",2360
"rphylopic",2019-08-10,"cran_downloads",2369
"rphylopic",2019-08-11,"cran_downloads",2377
"rphylopic",2019-08-12,"cran_downloads",2385
"rphylopic",2019-08-13,"cran_downloads",2389
"rphylopic",2019-08-14,"cran_downloads",2398
"rphylopic",2019-08-15,"cran_downloads",2406
"rphylopic",2019-08-16,"cran_downloads",2412
"rphylopic",2019-08-17,"cran_downloads",2419
"rphylopic",2019-08-18,"cran_downloads",2424
"rphylopic",2019-08-19,"cran_downloads",2430
"rphylopic",2019-08-20,"cran_downloads",2432
"rphylopic",2019-08-21,"cran_downloads",2438
"rphylopic",2019-08-22,"cran_downloads",2453
"rphylopic",2019-08-23,"cran_downloads",2461
"rphylopic",2019-08-24,"cran_downloads",2464
"rphylopic",2019-08-25,"cran_downloads",2465
"rphylopic",2019-08-26,"cran_downloads",2468
"rphylopic",2019-08-27,"cran_downloads",2471
"rphylopic",2019-08-28,"cran_downloads",2475
"rphylopic",2019-08-29,"cran_downloads",2484
"rphylopic",2019-08-30,"cran_downloads",2517
"rphylopic",2019-08-31,"cran_downloads",2521
"rphylopic",2019-09-01,"cran_downloads",2527
"rphylopic",2019-09-02,"cran_downloads",2534
"rphylopic",2019-09-03,"cran_downloads",2544
"rphylopic",2019-09-04,"cran_downloads",2557
"rphylopic",2019-09-05,"cran_downloads",2571
"rphylopic",2019-09-06,"cran_downloads",2579
"rphylopic",2019-09-07,"cran_downloads",2583
"rphylopic",2019-09-08,"cran_downloads",2590
"rphylopic",2019-09-09,"cran_downloads",2599
"rphylopic",2019-09-10,"cran_downloads",2612
"rphylopic",2019-09-11,"cran_downloads",2622
"rphylopic",2019-09-12,"cran_downloads",2635
"rphylopic",2019-09-13,"cran_downloads",2643
"rphylopic",2019-09-14,"cran_downloads",2656
"rphylopic",2019-09-15,"cran_downloads",2670
"rphylopic",2019-09-16,"cran_downloads",2685
"rphylopic",2019-09-17,"cran_downloads",2717
"rphylopic",2019-09-18,"cran_downloads",2736
"rphylopic",2019-09-19,"cran_downloads",2747
"rphylopic",2019-09-20,"cran_downloads",2760
"rphylopic",2019-09-21,"cran_downloads",2771
"rphylopic",2019-09-22,"cran_downloads",2781
"rphylopic",2019-09-23,"cran_downloads",2794
"rphylopic",2019-09-24,"cran_downloads",2802
"rphylopic",2019-09-25,"cran_downloads",2813
"rphylopic",2019-09-26,"cran_downloads",2816
"rphylopic",2019-09-27,"cran_downloads",2826
"rphylopic",2019-09-28,"cran_downloads",2843
"rphylopic",2019-09-29,"cran_downloads",2847
"rphylopic",2019-09-30,"cran_downloads",2860
"rphylopic",2019-10-01,"cran_downloads",2869
"rphylopic",2019-10-02,"cran_downloads",2875
"rphylopic",2019-10-03,"cran_downloads",2877
"rphylopic",2019-10-04,"cran_downloads",2884
"rphylopic",2019-10-05,"cran_downloads",2889
"rphylopic",2019-10-06,"cran_downloads",2897
"rphylopic",2019-10-07,"cran_downloads",2902
"rphylopic",2019-10-08,"cran_downloads",2907
"rphylopic",2019-10-09,"cran_downloads",2918
"rphylopic",2019-10-10,"cran_downloads",2924
"rphylopic",2019-10-11,"cran_downloads",2939
"rphylopic",2019-10-12,"cran_downloads",2952
"rphylopic",2019-10-13,"cran_downloads",2963
"rphylopic",2019-10-14,"cran_downloads",2985
"rphylopic",2019-10-15,"cran_downloads",2996
"rphylopic",2019-10-16,"cran_downloads",3001
"rphylopic",2019-10-17,"cran_downloads",3011
"rphylopic",2019-10-18,"cran_downloads",3020
"rphylopic",2019-10-19,"cran_downloads",3025
"rphylopic",2019-10-20,"cran_downloads",3028
"rphylopic",2019-10-21,"cran_downloads",3042
"rphylopic",2019-10-22,"cran_downloads",3058
"rphylopic",2019-10-23,"cran_downloads",3077
"rphylopic",2019-10-24,"cran_downloads",3088
"rphylopic",2019-10-25,"cran_downloads",3095
"rphylopic",2019-10-26,"cran_downloads",3100
"rphylopic",2019-10-27,"cran_downloads",3105
"rphylopic",2019-10-28,"cran_downloads",3108
"rphylopic",2019-10-29,"cran_downloads",3115
"rphylopic",2019-10-30,"cran_downloads",3125
"rphylopic",2019-10-31,"cran_downloads",3130
"rphylopic",2019-11-01,"cran_downloads",3137
"rphylopic",2019-11-02,"cran_downloads",3142
"rphylopic",2019-11-03,"cran_downloads",3146
"rphylopic",2019-11-04,"cran_downloads",3150
"rphylopic",2019-11-05,"cran_downloads",3165
"rphylopic",2019-11-06,"cran_downloads",3184
"rphylopic",2019-11-07,"cran_downloads",3192
"rphylopic",2019-11-08,"cran_downloads",3203
"rphylopic",2019-11-09,"cran_downloads",3210
"rphylopic",2019-11-10,"cran_downloads",3213
"rphylopic",2019-11-11,"cran_downloads",3227
"rphylopic",2019-11-12,"cran_downloads",3235
"rphylopic",2019-11-13,"cran_downloads",3243
"rphylopic",2019-11-14,"cran_downloads",3256
"rphylopic",2019-11-15,"cran_downloads",3263
"rphylopic",2019-11-16,"cran_downloads",3268
"rphylopic",2019-11-17,"cran_downloads",3274
"rphylopic",2019-11-18,"cran_downloads",3282
"rphylopic",2019-11-19,"cran_downloads",3302
"rphylopic",2019-11-20,"cran_downloads",3320
"rphylopic",2019-11-21,"cran_downloads",3331
"rphylopic",2019-11-22,"cran_downloads",3354
"rphylopic",2019-11-23,"cran_downloads",3366
"rphylopic",2019-11-24,"cran_downloads",3374
"rphylopic",2019-11-25,"cran_downloads",3383
"rphylopic",2019-11-26,"cran_downloads",3389
"rphylopic",2019-11-27,"cran_downloads",3402
"rphylopic",2019-11-28,"cran_downloads",3422
"rphylopic",2019-11-29,"cran_downloads",3430
"rphylopic",2019-11-30,"cran_downloads",3440
"rphylopic",2019-12-01,"cran_downloads",3449
"rphylopic",2019-12-02,"cran_downloads",3455
"rphylopic",2019-12-03,"cran_downloads",3461
"rphylopic",2019-12-04,"cran_downloads",3480
"rphylopic",2019-12-05,"cran_downloads",3486
"rphylopic",2019-12-06,"cran_downloads",3497
"rphylopic",2019-12-07,"cran_downloads",3504
"rphylopic",2019-12-08,"cran_downloads",3511
"rphylopic",2019-12-09,"cran_downloads",3518
"rphylopic",2019-12-10,"cran_downloads",3522
"rphylopic",2019-12-11,"cran_downloads",3533
"rphylopic",2019-12-12,"cran_downloads",3544
"rphylopic",2019-12-13,"cran_downloads",3573
"rphylopic",2019-12-14,"cran_downloads",3585
"rphylopic",2019-12-15,"cran_downloads",3591
"rphylopic",2019-12-16,"cran_downloads",3601
"rphylopic",2019-12-17,"cran_downloads",3612
"rphylopic",2019-12-18,"cran_downloads",3620
"rphylopic",2019-12-19,"cran_downloads",3630
"rphylopic",2019-12-20,"cran_downloads",3641
"rphylopic",2019-12-21,"cran_downloads",3646
"rphylopic",2019-12-22,"cran_downloads",3658
"rphylopic",2019-12-23,"cran_downloads",3666
"rphylopic",2019-12-24,"cran_downloads",3670
"rphylopic",2019-12-25,"cran_downloads",3678
"rphylopic",2019-12-26,"cran_downloads",3687
"rphylopic",2019-12-27,"cran_downloads",3696
"rphylopic",2019-12-28,"cran_downloads",3704
"rphylopic",2019-12-29,"cran_downloads",3713
"rphylopic",2019-12-30,"cran_downloads",3730
"rphylopic",2019-12-31,"cran_downloads",3740
"rphylopic",2020-01-01,"cran_downloads",3756
"rphylopic",2020-01-02,"cran_downloads",3765
"rphylopic",2020-01-03,"cran_downloads",3776
"rphylopic",2020-01-04,"cran_downloads",3790
"rphylopic",2020-01-05,"cran_downloads",3801
"rphylopic",2020-01-06,"cran_downloads",3815
"rphylopic",2020-01-07,"cran_downloads",3830
"rphylopic",2020-01-08,"cran_downloads",3856
"rphylopic",2020-01-09,"cran_downloads",3875
"rphylopic",2020-01-10,"cran_downloads",3889
"rphylopic",2020-01-11,"cran_downloads",3906
"rphylopic",2020-01-12,"cran_downloads",3916
"rphylopic",2020-01-13,"cran_downloads",3929
"rphylopic",2020-01-14,"cran_downloads",3943
"rphylopic",2020-01-15,"cran_downloads",3958
"rphylopic",2020-01-16,"cran_downloads",3978
"rphylopic",2020-01-17,"cran_downloads",3993
"rphylopic",2020-01-18,"cran_downloads",4000
"rphylopic",2020-01-19,"cran_downloads",4011
"rphylopic",2020-01-20,"cran_downloads",4020
"rphylopic",2020-01-21,"cran_downloads",4033
"rphylopic",2020-01-22,"cran_downloads",4052
"rphylopic",2020-01-23,"cran_downloads",4065
"rphylopic",2020-01-24,"cran_downloads",4075
"rphylopic",2020-01-25,"cran_downloads",4086
"rphylopic",2020-01-26,"cran_downloads",4099
"rphylopic",2020-01-27,"cran_downloads",4115
"rphylopic",2020-01-28,"cran_downloads",4135
"rphylopic",2020-01-29,"cran_downloads",4154
"rphylopic",2020-01-30,"cran_downloads",4172
"rphylopic",2020-01-31,"cran_downloads",4186
"rphylopic",2020-02-01,"cran_downloads",4203
"rphylopic",2020-02-02,"cran_downloads",4216
"rphylopic",2020-02-03,"cran_downloads",4226
"rphylopic",2020-02-04,"cran_downloads",4237
"rphylopic",2020-02-05,"cran_downloads",4250
"rphylopic",2020-02-06,"cran_downloads",4273
"rphylopic",2020-02-07,"cran_downloads",4286
"rphylopic",2020-02-08,"cran_downloads",4306
"rphylopic",2020-02-09,"cran_downloads",4318
"rphylopic",2020-02-10,"cran_downloads",4327
"rphylopic",2020-02-11,"cran_downloads",4339
"rphylopic",2020-02-12,"cran_downloads",4353
"rphylopic",2020-02-13,"cran_downloads",4369
"rphylopic",2020-02-14,"cran_downloads",4380
"rphylopic",2020-02-15,"cran_downloads",4391
"rphylopic",2020-02-16,"cran_downloads",4402
"rphylopic",2020-02-17,"cran_downloads",4412
"rphylopic",2020-02-18,"cran_downloads",4424
"rphylopic",2020-02-19,"cran_downloads",4439
"rphylopic",2020-02-20,"cran_downloads",4450
"rphylopic",2020-02-21,"cran_downloads",4467
"rphylopic",2020-02-22,"cran_downloads",4477
"rphylopic",2020-02-23,"cran_downloads",4488
"rphylopic",2020-02-24,"cran_downloads",4510
"rphylopic",2020-02-25,"cran_downloads",4521
"rphylopic",2020-02-26,"cran_downloads",4536
"rphylopic",2020-02-27,"cran_downloads",4548
"rphylopic",2020-02-28,"cran_downloads",4560
"rphylopic",2020-02-29,"cran_downloads",4565
"rphylopic",2020-03-01,"cran_downloads",4578
"rphylopic",2020-03-02,"cran_downloads",4589
"rphylopic",2020-03-03,"cran_downloads",4601
"rphylopic",2020-03-04,"cran_downloads",4621
"rphylopic",2020-03-05,"cran_downloads",4632
"rphylopic",2020-03-06,"cran_downloads",4652
"rphylopic",2020-03-07,"cran_downloads",4667
"rphylopic",2020-03-08,"cran_downloads",4682
"rphylopic",2020-03-09,"cran_downloads",4697
"rphylopic",2020-03-10,"cran_downloads",4712
"rphylopic",2020-03-11,"cran_downloads",4717
"rphylopic",2020-03-12,"cran_downloads",4738
"rphylopic",2020-03-13,"cran_downloads",4752
"rphylopic",2020-03-14,"cran_downloads",4762
"rphylopic",2020-03-15,"cran_downloads",4772
"rphylopic",2020-03-16,"cran_downloads",4793
"rphylopic",2020-03-17,"cran_downloads",4804
"rphylopic",2020-03-18,"cran_downloads",4811
"rphylopic",2020-03-19,"cran_downloads",4824
"rphylopic",2020-03-20,"cran_downloads",4836
"rphylopic",2020-03-21,"cran_downloads",4847
"rphylopic",2020-03-22,"cran_downloads",4856
"rphylopic",2020-03-23,"cran_downloads",4868
"rphylopic",2020-03-24,"cran_downloads",4882
"rphylopic",2020-03-25,"cran_downloads",4899
"rphylopic",2020-03-26,"cran_downloads",4911
"rphylopic",2020-03-27,"cran_downloads",4915
"rphylopic",2020-03-28,"cran_downloads",4924
"rphylopic",2020-03-29,"cran_downloads",4941
"rphylopic",2020-03-30,"cran_downloads",4959
"rphylopic",2020-03-31,"cran_downloads",4976
"rphylopic",2020-04-01,"cran_downloads",4990
"rphylopic",2020-04-02,"cran_downloads",4999
"rphylopic",2020-04-03,"cran_downloads",5015
"rphylopic",2020-04-04,"cran_downloads",5025
"rphylopic",2020-04-05,"cran_downloads",5038
"rphylopic",2020-04-06,"cran_downloads",5060
"rphylopic",2020-04-07,"cran_downloads",5078
"rphylopic",2020-04-08,"cran_downloads",5100
"rphylopic",2020-04-09,"cran_downloads",5120
"rphylopic",2020-04-10,"cran_downloads",5131
"rphylopic",2020-04-11,"cran_downloads",5138
"rphylopic",2020-04-12,"cran_downloads",5153
"rphylopic",2020-04-13,"cran_downloads",5162
"rphylopic",2020-04-14,"cran_downloads",5175
"rphylopic",2020-04-15,"cran_downloads",5203
"rphylopic",2020-04-16,"cran_downloads",5214
"rphylopic",2020-04-17,"cran_downloads",5242
"rphylopic",2020-04-18,"cran_downloads",5249
"rphylopic",2020-04-19,"cran_downloads",5252
"rphylopic",2020-04-20,"cran_downloads",5258
"rphylopic",2020-04-21,"cran_downloads",5271
"rphylopic",2020-04-22,"cran_downloads",5297
"rphylopic",2020-04-23,"cran_downloads",5311
"rphylopic",2020-04-24,"cran_downloads",5332
"rphylopic",2020-04-25,"cran_downloads",5357
"rphylopic",2020-04-26,"cran_downloads",5372
"rphylopic",2020-04-27,"cran_downloads",5390
"rphylopic",2020-04-28,"cran_downloads",5417
"rphylopic",2020-04-29,"cran_downloads",5447
"rphylopic",2020-04-30,"cran_downloads",5470
"rphylopic",2020-05-01,"cran_downloads",5490
"rphylopic",2020-05-02,"cran_downloads",5518
"rphylopic",2020-05-03,"cran_downloads",5535
"rphylopic",2020-05-04,"cran_downloads",5557
"rphylopic",2020-05-05,"cran_downloads",5571
"rphylopic",2020-05-06,"cran_downloads",5598
"rphylopic",2020-05-07,"cran_downloads",5618
"rphylopic",2020-05-08,"cran_downloads",5637
"rphylopic",2020-05-09,"cran_downloads",5659
"rphylopic",2020-05-10,"cran_downloads",5707
"rphylopic",2020-05-11,"cran_downloads",5749
"rphylopic",2020-05-12,"cran_downloads",5768
"rphylopic",2020-05-13,"cran_downloads",5787
"rphylopic",2020-05-14,"cran_downloads",5799
"rphylopic",2020-05-15,"cran_downloads",5815
"rphylopic",2020-05-16,"cran_downloads",5828
"rphylopic",2020-05-17,"cran_downloads",5844
"rphylopic",2020-05-18,"cran_downloads",5865
"rphylopic",2020-05-19,"cran_downloads",5883
"rphylopic",2020-05-20,"cran_downloads",5901
"rphylopic",2020-05-21,"cran_downloads",5914
"rphylopic",2020-05-22,"cran_downloads",5927
"rphylopic",2020-05-23,"cran_downloads",5937
"rphylopic",2020-05-24,"cran_downloads",5946
"rphylopic",2020-05-25,"cran_downloads",5961
"rphylopic",2020-05-26,"cran_downloads",5976
"rphylopic",2020-05-27,"cran_downloads",6007
"rphylopic",2020-05-28,"cran_downloads",6021
"rphylopic",2020-05-29,"cran_downloads",6033
"rphylopic",2020-05-30,"cran_downloads",6044
"rphylopic",2020-05-31,"cran_downloads",6060
"rphylopic",2020-06-01,"cran_downloads",6072
"rphylopic",2020-06-02,"cran_downloads",6089
"rphylopic",2020-06-03,"cran_downloads",6104
"rphylopic",2020-06-04,"cran_downloads",6132
"rphylopic",2020-06-05,"cran_downloads",6157
"rphylopic",2020-06-06,"cran_downloads",6189
"rphylopic",2020-06-07,"cran_downloads",6216
"rphylopic",2020-06-08,"cran_downloads",6261
"rphylopic",2020-06-09,"cran_downloads",6297
"rphylopic",2020-06-10,"cran_downloads",6335
"rphylopic",2020-06-11,"cran_downloads",6370
"rphylopic",2020-06-12,"cran_downloads",6401
"rphylopic",2020-06-13,"cran_downloads",6423
"rphylopic",2020-06-14,"cran_downloads",6448
"rphylopic",2020-06-15,"cran_downloads",6468
"rphylopic",2020-06-16,"cran_downloads",6487
"rphylopic",2020-06-17,"cran_downloads",6507
"rphylopic",2020-06-18,"cran_downloads",6539
"rphylopic",2020-06-19,"cran_downloads",6570
"rphylopic",2020-06-20,"cran_downloads",6586
"rphylopic",2020-06-21,"cran_downloads",6606
"rphylopic",2020-06-22,"cran_downloads",6635
"rphylopic",2020-06-23,"cran_downloads",6663
"rphylopic",2020-06-24,"cran_downloads",6681
"rphylopic",2020-06-25,"cran_downloads",6697
"rphylopic",2020-06-26,"cran_downloads",6717
"rphylopic",2020-06-27,"cran_downloads",6736
"rphylopic",2020-06-28,"cran_downloads",6759
"rphylopic",2020-06-29,"cran_downloads",6777
"rphylopic",2020-06-30,"cran_downloads",6792
"rphylopic",2020-07-01,"cran_downloads",6823
"rphylopic",2020-07-02,"cran_downloads",6842
"rphylopic",2020-07-03,"cran_downloads",6859
"rphylopic",2020-07-04,"cran_downloads",6873
"rphylopic",2020-07-05,"cran_downloads",6885
"rphylopic",2020-07-06,"cran_downloads",6901
"rphylopic",2020-07-07,"cran_downloads",6924
"rphylopic",2020-07-08,"cran_downloads",6950
"rphylopic",2020-07-09,"cran_downloads",6967
"rphylopic",2020-07-10,"cran_downloads",6984
"rphylopic",2020-07-11,"cran_downloads",6998
"rphylopic",2020-07-12,"cran_downloads",7030
"rphylopic",2020-07-13,"cran_downloads",7049
"rphylopic",2020-07-14,"cran_downloads",7068
"rphylopic",2020-07-15,"cran_downloads",7084
"rphylopic",2020-07-16,"cran_downloads",7097
"rphylopic",2020-07-17,"cran_downloads",7109
"rphylopic",2020-07-18,"cran_downloads",7126
"rphylopic",2020-07-19,"cran_downloads",7145
"rphylopic",2020-07-20,"cran_downloads",7159
"rphylopic",2020-07-21,"cran_downloads",7181
"rphylopic",2020-07-22,"cran_downloads",7199
"rphylopic",2020-07-23,"cran_downloads",7212
"rphylopic",2020-07-24,"cran_downloads",7228
"rphylopic",2020-07-25,"cran_downloads",7244
"rphylopic",2020-07-26,"cran_downloads",7259
"rphylopic",2020-07-27,"cran_downloads",7270
"rphylopic",2020-07-28,"cran_downloads",7283
"rphylopic",2020-07-29,"cran_downloads",7297
"rphylopic",2020-07-30,"cran_downloads",7307
"rphylopic",2020-07-31,"cran_downloads",7314
"rphylopic",2020-08-01,"cran_downloads",7315
"rphylopic",2020-08-02,"cran_downloads",7322
"rphylopic",2020-08-03,"cran_downloads",7338
"rphylopic",2020-08-04,"cran_downloads",7352
"rphylopic",2020-08-05,"cran_downloads",7378
"rphylopic",2020-08-06,"cran_downloads",7398
"rphylopic",2020-08-07,"cran_downloads",7419
"rphylopic",2020-08-08,"cran_downloads",7433
"rphylopic",2020-08-09,"cran_downloads",7445
"rphylopic",2020-08-10,"cran_downloads",7464
"rphylopic",2020-08-11,"cran_downloads",7476
"rphylopic",2020-08-12,"cran_downloads",7491
"rphylopic",2020-08-13,"cran_downloads",7517
"rphylopic",2020-08-14,"cran_downloads",7530
"rphylopic",2020-08-15,"cran_downloads",7540
"rphylopic",2020-08-16,"cran_downloads",7555
"rphylopic",2020-08-17,"cran_downloads",7568
"rphylopic",2020-08-18,"cran_downloads",7586
"rphylopic",2020-08-19,"cran_downloads",7605
"rphylopic",2020-08-20,"cran_downloads",7616
"rphylopic",2020-08-21,"cran_downloads",7631
"rphylopic",2020-08-22,"cran_downloads",7641
"rphylopic",2020-08-23,"cran_downloads",7649
"rphylopic",2020-08-24,"cran_downloads",7667
"rphylopic",2020-08-25,"cran_downloads",7688
"rphylopic",2020-08-26,"cran_downloads",7703
"rphylopic",2020-08-27,"cran_downloads",7720
"rphylopic",2020-08-28,"cran_downloads",7736
"rphylopic",2020-08-29,"cran_downloads",7747
"rphylopic",2020-08-30,"cran_downloads",7757
"rphylopic",2020-08-31,"cran_downloads",7770
"rphylopic",2020-09-01,"cran_downloads",7784
"rphylopic",2020-09-02,"cran_downloads",7800
"rphylopic",2020-09-03,"cran_downloads",7816
"rphylopic",2020-09-04,"cran_downloads",7830
"rphylopic",2020-09-05,"cran_downloads",7845
"rphylopic",2020-09-06,"cran_downloads",7858
"rphylopic",2020-09-07,"cran_downloads",7882
"rphylopic",2020-09-08,"cran_downloads",7903
"rphylopic",2020-09-09,"cran_downloads",7928
"rphylopic",2020-09-10,"cran_downloads",7943
"rphylopic",2020-09-11,"cran_downloads",7961
"rphylopic",2020-09-12,"cran_downloads",7980
"rphylopic",2020-09-13,"cran_downloads",7995
"rphylopic",2020-09-14,"cran_downloads",8030
"rphylopic",2020-09-15,"cran_downloads",8048
"rphylopic",2020-09-16,"cran_downloads",8064
"rphylopic",2020-09-17,"cran_downloads",8093
"rphylopic",2020-09-18,"cran_downloads",8111
"rphylopic",2020-09-19,"cran_downloads",8124
"rphylopic",2020-09-20,"cran_downloads",8146
"rphylopic",2020-09-21,"cran_downloads",8164
"rphylopic",2020-09-22,"cran_downloads",8182
"rphylopic",2020-09-23,"cran_downloads",8199
"rphylopic",2020-09-24,"cran_downloads",8211
"rphylopic",2020-09-25,"cran_downloads",8221
"rphylopic",2020-09-26,"cran_downloads",8229
"rphylopic",2020-09-27,"cran_downloads",8240
"rphylopic",2020-09-28,"cran_downloads",8258
"rphylopic",2020-09-29,"cran_downloads",8276
"rphylopic",2020-09-30,"cran_downloads",8298
"rphylopic",2020-10-01,"cran_downloads",8321
"rphylopic",2020-10-02,"cran_downloads",8346
"rphylopic",2020-10-03,"cran_downloads",8366
"rphylopic",2020-10-04,"cran_downloads",8382
"rphylopic",2020-10-05,"cran_downloads",8393
"rphylopic",2020-10-06,"cran_downloads",8412
"rphylopic",2020-10-07,"cran_downloads",8420
"rphylopic",2020-10-08,"cran_downloads",8432
"rphylopic",2020-10-09,"cran_downloads",8444
"rphylopic",2020-10-10,"cran_downloads",8458
"rphylopic",2020-10-11,"cran_downloads",8467
"rphylopic",2020-10-12,"cran_downloads",8477
"rphylopic",2020-10-13,"cran_downloads",8491
"rphylopic",2020-10-14,"cran_downloads",8513
"rphylopic",2020-10-15,"cran_downloads",8522
"rphylopic",2020-10-16,"cran_downloads",8535
"rphylopic",2020-10-17,"cran_downloads",8539
"rphylopic",2020-10-18,"cran_downloads",8547
"rphylopic",2020-10-19,"cran_downloads",8563
"rphylopic",2020-10-20,"cran_downloads",8576
"rphylopic",2020-10-21,"cran_downloads",8596
"rphylopic",2020-10-22,"cran_downloads",8609
"rphylopic",2020-10-23,"cran_downloads",8625
"rphylopic",2020-10-24,"cran_downloads",8637
"rphylopic",2020-10-25,"cran_downloads",8648
"rphylopic",2020-10-26,"cran_downloads",8667
"rphylopic",2020-10-27,"cran_downloads",8679
"rphylopic",2020-10-28,"cran_downloads",8696
"rphylopic",2020-10-29,"cran_downloads",8717
"rphylopic",2020-10-30,"cran_downloads",8732
"rphylopic",2020-10-31,"cran_downloads",8746
"rphylopic",2020-11-01,"cran_downloads",8755
"rphylopic",2020-11-02,"cran_downloads",8762
"rphylopic",2020-11-03,"cran_downloads",8782
"rphylopic",2020-11-04,"cran_downloads",8793
"rphylopic",2020-11-05,"cran_downloads",8812
"rphylopic",2020-11-06,"cran_downloads",8827
"rphylopic",2020-11-07,"cran_downloads",8847
"rphylopic",2020-11-08,"cran_downloads",8859
"rphylopic",2020-11-09,"cran_downloads",8877
"rphylopic",2020-11-10,"cran_downloads",8895
"rphylopic",2020-11-11,"cran_downloads",8917
"rphylopic",2020-11-12,"cran_downloads",8932
"rphylopic",2020-11-13,"cran_downloads",8946
"rphylopic",2020-11-14,"cran_downloads",8951
"rphylopic",2020-11-15,"cran_downloads",8964
"rphylopic",2020-11-16,"cran_downloads",8977
"rphylopic",2020-11-17,"cran_downloads",8993
"rphylopic",2020-11-18,"cran_downloads",9017
"rphylopic",2020-11-19,"cran_downloads",9030
"rphylopic",2020-11-20,"cran_downloads",9040
"rphylopic",2020-11-21,"cran_downloads",9054
"rphylopic",2020-11-22,"cran_downloads",9065
"rphylopic",2020-11-23,"cran_downloads",9077
"rphylopic",2020-11-24,"cran_downloads",9090
"rphylopic",2020-11-25,"cran_downloads",9106
"rphylopic",2020-11-26,"cran_downloads",9116
"rphylopic",2020-11-27,"cran_downloads",9126
"rphylopic",2020-11-28,"cran_downloads",9137
"rphylopic",2020-11-29,"cran_downloads",9147
"rphylopic",2020-11-30,"cran_downloads",9168
"rphylopic",2020-12-01,"cran_downloads",9185
"rphylopic",2020-12-02,"cran_downloads",9209
"rphylopic",2020-12-03,"cran_downloads",9222
"rphylopic",2020-12-04,"cran_downloads",9235
"rphylopic",2020-12-05,"cran_downloads",9246
"rphylopic",2020-12-06,"cran_downloads",9253
"rphylopic",2020-12-07,"cran_downloads",9267
"rphylopic",2020-12-08,"cran_downloads",9271
"rphylopic",2020-12-09,"cran_downloads",9290
"rphylopic",2020-12-10,"cran_downloads",9304
"rphylopic",2020-12-11,"cran_downloads",9318
"rphylopic",2020-12-12,"cran_downloads",9329
"rphylopic",2020-12-13,"cran_downloads",9341
"rphylopic",2020-12-14,"cran_downloads",9356
"rphylopic",2020-12-15,"cran_downloads",9374
"rphylopic",2020-12-16,"cran_downloads",9387
"rphylopic",2020-12-17,"cran_downloads",9438
"rphylopic",2020-12-18,"cran_downloads",9451
"rphylopic",2020-12-19,"cran_downloads",9459
"rphylopic",2020-12-20,"cran_downloads",9470
"rphylopic",2020-12-21,"cran_downloads",9482
"rphylopic",2020-12-22,"cran_downloads",9496
"rphylopic",2020-12-23,"cran_downloads",9507
"rphylopic",2020-12-24,"cran_downloads",9515
"rphylopic",2020-12-25,"cran_downloads",9524
"rphylopic",2020-12-26,"cran_downloads",9531
"rphylopic",2020-12-27,"cran_downloads",9537
"rphylopic",2020-12-28,"cran_downloads",9552
"rphylopic",2020-12-29,"cran_downloads",9562
"rphylopic",2020-12-30,"cran_downloads",9576
"rphylopic",2020-12-31,"cran_downloads",9590
"rphylopic",2021-01-01,"cran_downloads",9595
"rphylopic",2021-01-02,"cran_downloads",9604
"rphylopic",2021-01-03,"cran_downloads",9613
"rphylopic",2021-01-04,"cran_downloads",9621
"rphylopic",2021-01-05,"cran_downloads",9630
"rphylopic",2021-01-06,"cran_downloads",9643
"rphylopic",2021-01-07,"cran_downloads",9657
"rphylopic",2021-01-08,"cran_downloads",9669
"rphylopic",2021-01-09,"cran_downloads",9677
"rphylopic",2021-01-10,"cran_downloads",9685
"rphylopic",2021-01-11,"cran_downloads",9702
"rphylopic",2021-01-12,"cran_downloads",9716
"rphylopic",2021-01-13,"cran_downloads",9731
"rphylopic",2021-01-14,"cran_downloads",9748
"rphylopic",2021-01-15,"cran_downloads",9758
"rphylopic",2021-01-16,"cran_downloads",9768
"rphylopic",2021-01-17,"cran_downloads",9777
"rphylopic",2021-01-18,"cran_downloads",9794
"rphylopic",2021-01-19,"cran_downloads",9812
"rphylopic",2021-01-20,"cran_downloads",9832
"rphylopic",2021-01-21,"cran_downloads",9843
"rphylopic",2021-01-22,"cran_downloads",9847
"rphylopic",2021-01-23,"cran_downloads",9859
"rphylopic",2021-01-24,"cran_downloads",9867
"rphylopic",2021-01-25,"cran_downloads",9882
"rphylopic",2021-01-26,"cran_downloads",9892
"rphylopic",2021-01-27,"cran_downloads",9912
"rphylopic",2021-01-28,"cran_downloads",9918
"rphylopic",2021-01-29,"cran_downloads",9930
"rphylopic",2021-01-30,"cran_downloads",9940
"rphylopic",2021-01-31,"cran_downloads",9950
"rphylopic",2021-02-01,"cran_downloads",9963
"rphylopic",2021-02-02,"cran_downloads",9978
"rphylopic",2021-02-03,"cran_downloads",9988
"rphylopic",2021-02-04,"cran_downloads",10002
"rphylopic",2021-02-05,"cran_downloads",10012
"rphylopic",2021-02-06,"cran_downloads",10025
"rphylopic",2021-02-07,"cran_downloads",10044
"rphylopic",2021-02-08,"cran_downloads",10061
"rphylopic",2021-02-09,"cran_downloads",10080
"rphylopic",2021-02-10,"cran_downloads",10096
"rphylopic",2021-02-11,"cran_downloads",10114
"rphylopic",2021-02-12,"cran_downloads",10136
"rphylopic",2021-02-13,"cran_downloads",10152
"rphylopic",2021-02-14,"cran_downloads",10159
"rphylopic",2021-02-15,"cran_downloads",10172
"rphylopic",2021-02-16,"cran_downloads",10189
"rphylopic",2021-02-17,"cran_downloads",10204
"rphylopic",2021-02-18,"cran_downloads",10223
"rphylopic",2021-02-19,"cran_downloads",10246
"rphylopic",2021-02-20,"cran_downloads",10262
"rphylopic",2021-02-21,"cran_downloads",10277
"rphylopic",2021-02-22,"cran_downloads",10303
"rphylopic",2021-02-23,"cran_downloads",10313
"rphylopic",2021-02-24,"cran_downloads",10338
"rphylopic",2021-02-25,"cran_downloads",10357
"rphylopic",2021-02-26,"cran_downloads",10378
"rphylopic",2021-02-27,"cran_downloads",10392
"rphylopic",2021-02-28,"cran_downloads",10408
"rphylopic",2021-03-01,"cran_downloads",10423
"rphylopic",2021-03-02,"cran_downloads",10438
"rphylopic",2021-03-03,"cran_downloads",10461
"rphylopic",2021-03-04,"cran_downloads",10478
"rphylopic",2021-03-05,"cran_downloads",10496
"rphylopic",2021-03-06,"cran_downloads",10509
"rphylopic",2021-03-07,"cran_downloads",10522
"rphylopic",2021-03-08,"cran_downloads",10546
"rphylopic",2021-03-09,"cran_downloads",10557
"rphylopic",2021-03-10,"cran_downloads",10581
"rphylopic",2021-03-11,"cran_downloads",10595
"rphylopic",2021-03-12,"cran_downloads",10611
"rphylopic",2021-03-13,"cran_downloads",10627
"rphylopic",2021-03-14,"cran_downloads",10641
"rphylopic",2021-03-15,"cran_downloads",10661
"rphylopic",2021-03-16,"cran_downloads",10678
"rphylopic",2021-03-17,"cran_downloads",10701
"rphylopic",2021-03-18,"cran_downloads",10721
"rphylopic",2021-03-19,"cran_downloads",10725
"rphylopic",2021-03-20,"cran_downloads",10737
"rphylopic",2021-03-21,"cran_downloads",10740
"rphylopic",2021-03-22,"cran_downloads",10752
"rphylopic",2021-03-23,"cran_downloads",10761
"rphylopic",2021-03-24,"cran_downloads",10779
"rphylopic",2021-03-25,"cran_downloads",10788
"rphylopic",2021-03-26,"cran_downloads",10804
"rphylopic",2021-03-27,"cran_downloads",10808
"rphylopic",2021-03-28,"cran_downloads",10822
"rphylopic",2021-03-29,"cran_downloads",10832
"rphylopic",2021-03-30,"cran_downloads",10856
"rphylopic",2021-03-31,"cran_downloads",10870
"rphylopic",2021-04-01,"cran_downloads",10889
"rphylopic",2021-04-02,"cran_downloads",10893
"rphylopic",2021-04-03,"cran_downloads",10907
"rphylopic",2021-04-04,"cran_downloads",10914
"rphylopic",2021-04-05,"cran_downloads",10927
"rphylopic",2021-04-06,"cran_downloads",10935
"rphylopic",2021-04-07,"cran_downloads",10951
"rphylopic",2021-04-08,"cran_downloads",10969
"rphylopic",2021-04-09,"cran_downloads",10986
"rphylopic",2021-04-10,"cran_downloads",11003
"rphylopic",2021-04-11,"cran_downloads",11012
"rphylopic",2021-04-12,"cran_downloads",11029
"rphylopic",2021-04-13,"cran_downloads",11039
"rphylopic",2021-04-14,"cran_downloads",11059
"rphylopic",2021-04-15,"cran_downloads",11070
"rphylopic",2021-04-16,"cran_downloads",11088
"rphylopic",2021-04-17,"cran_downloads",11092
"rphylopic",2021-04-18,"cran_downloads",11113
"rphylopic",2021-04-19,"cran_downloads",11125
"rphylopic",2021-04-20,"cran_downloads",11144
"rphylopic",2021-04-21,"cran_downloads",11163
"rphylopic",2021-04-22,"cran_downloads",11184
"rphylopic",2021-04-23,"cran_downloads",11193
"rphylopic",2021-04-24,"cran_downloads",11210
"rphylopic",2021-04-25,"cran_downloads",11217
"rphylopic",2021-04-26,"cran_downloads",11231
"rphylopic",2021-04-27,"cran_downloads",11250
"rphylopic",2021-04-28,"cran_downloads",11267
"rphylopic",2021-04-29,"cran_downloads",11281
"rphylopic",2021-04-30,"cran_downloads",11292
"rphylopic",2021-05-01,"cran_downloads",11307
"rphylopic",2021-05-02,"cran_downloads",11316
"rphylopic",2021-05-03,"cran_downloads",11338
"rphylopic",2021-05-04,"cran_downloads",11364
"rphylopic",2021-05-05,"cran_downloads",11373
"rphylopic",2021-05-06,"cran_downloads",11402
"rphylopic",2021-05-07,"cran_downloads",11411
"rphylopic",2021-05-08,"cran_downloads",11420
"rphylopic",2021-05-09,"cran_downloads",11425
"rphylopic",2021-05-10,"cran_downloads",11443
"rphylopic",2021-05-11,"cran_downloads",11462
"rphylopic",2021-05-12,"cran_downloads",11487
"rphylopic",2021-05-13,"cran_downloads",11498
"rphylopic",2021-05-14,"cran_downloads",11516
"rphylopic",2021-05-15,"cran_downloads",11524
"rphylopic",2021-05-16,"cran_downloads",11541
"rphylopic",2021-05-17,"cran_downloads",11550
"rphylopic",2021-05-18,"cran_downloads",11577
"rphylopic",2021-05-19,"cran_downloads",11592
"rphylopic",2021-05-20,"cran_downloads",11615
"rphylopic",2021-05-21,"cran_downloads",11632
"rphylopic",2021-05-22,"cran_downloads",11648
"rphylopic",2021-05-23,"cran_downloads",11656
"rphylopic",2021-05-24,"cran_downloads",11667
"rphylopic",2021-05-25,"cran_downloads",11686
"rphylopic",2021-05-26,"cran_downloads",11698
"rphylopic",2021-05-27,"cran_downloads",11708
"rphylopic",2021-05-28,"cran_downloads",11724
"rphylopic",2021-05-29,"cran_downloads",11730
"rphylopic",2021-05-30,"cran_downloads",11742
"rphylopic",2021-05-31,"cran_downloads",11750
"rphylopic",2021-06-01,"cran_downloads",11761
"rphylopic",2021-06-02,"cran_downloads",11775
"rphylopic",2021-06-03,"cran_downloads",11786
"rphylopic",2021-06-04,"cran_downloads",11787
"rphylopic",2021-06-05,"cran_downloads",11793
"rphylopic",2021-06-06,"cran_downloads",11808
"rphylopic",2021-06-07,"cran_downloads",11813
"rphylopic",2021-06-08,"cran_downloads",11824
"rphylopic",2021-06-09,"cran_downloads",11833
"rphylopic",2021-06-10,"cran_downloads",11843
"rphylopic",2021-06-11,"cran_downloads",11856
"rphylopic",2021-06-12,"cran_downloads",11862
"rphylopic",2021-06-13,"cran_downloads",11874
"rphylopic",2021-06-14,"cran_downloads",11884
"rphylopic",2021-06-15,"cran_downloads",11892
"rphylopic",2021-06-16,"cran_downloads",11910
"rphylopic",2021-06-17,"cran_downloads",11919
"rphylopic",2021-06-18,"cran_downloads",11934
"rphylopic",2021-06-19,"cran_downloads",11939
"rphylopic",2021-06-20,"cran_downloads",11952
"rphylopic",2021-06-21,"cran_downloads",11960
"rphylopic",2021-06-22,"cran_downloads",11970
"rphylopic",2021-06-23,"cran_downloads",11981
"rphylopic",2021-06-24,"cran_downloads",11995
"rphylopic",2021-06-25,"cran_downloads",12001
"rphylopic",2021-06-26,"cran_downloads",12011
"rphylopic",2021-06-27,"cran_downloads",12018
"rphylopic",2021-06-28,"cran_downloads",12035
"rphylopic",2021-06-29,"cran_downloads",12043
"rphylopic",2021-06-30,"cran_downloads",12065
"rphylopic",2021-07-01,"cran_downloads",12079
"rphylopic",2021-07-02,"cran_downloads",12088
"rphylopic",2021-07-03,"cran_downloads",12101
"rphylopic",2021-07-04,"cran_downloads",12108
"rphylopic",2021-07-05,"cran_downloads",12121
"rphylopic",2021-07-06,"cran_downloads",12133
"rphylopic",2021-07-07,"cran_downloads",12150
"rphylopic",2021-07-08,"cran_downloads",12171
"rphylopic",2021-07-09,"cran_downloads",12178
"rphylopic",2021-07-10,"cran_downloads",12187
"rphylopic",2021-07-11,"cran_downloads",12193
"rphylopic",2021-07-12,"cran_downloads",12211
"rphylopic",2021-07-13,"cran_downloads",12227
"rphylopic",2021-07-14,"cran_downloads",12239
"rphylopic",2021-07-15,"cran_downloads",12246
"rphylopic",2021-07-16,"cran_downloads",12258
"rphylopic",2021-07-17,"cran_downloads",12268
"rphylopic",2021-07-18,"cran_downloads",12278
"rphylopic",2021-07-19,"cran_downloads",12286
"rphylopic",2021-07-20,"cran_downloads",12306
"rphylopic",2021-07-21,"cran_downloads",12317
"rphylopic",2021-07-22,"cran_downloads",12327
"rphylopic",2021-07-23,"cran_downloads",12333
"rphylopic",2021-07-24,"cran_downloads",12342
"rphylopic",2021-07-25,"cran_downloads",12352
"rphylopic",2021-07-26,"cran_downloads",12366
"rphylopic",2021-07-27,"cran_downloads",12373
"rphylopic",2021-07-28,"cran_downloads",12390
"rphylopic",2021-07-29,"cran_downloads",12398
"rphylopic",2021-07-30,"cran_downloads",12408
"rphylopic",2021-07-31,"cran_downloads",12409
"rphylopic",2021-08-01,"cran_downloads",12426
"rphylopic",2021-08-02,"cran_downloads",12433
"rphylopic",2021-08-03,"cran_downloads",12459
"rphylopic",2021-08-04,"cran_downloads",12569
"rphylopic",2021-08-05,"cran_downloads",12585
"rphylopic",2021-08-06,"cran_downloads",12590
"rphylopic",2021-08-07,"cran_downloads",12601
"rphylopic",2021-08-08,"cran_downloads",12608
"rphylopic",2021-08-09,"cran_downloads",12630
"rphylopic",2021-08-10,"cran_downloads",12637
"rphylopic",2021-08-11,"cran_downloads",12654
"rphylopic",2021-08-12,"cran_downloads",12665
"rphylopic",2021-08-13,"cran_downloads",12679
"rphylopic",2021-08-14,"cran_downloads",12689
"rphylopic",2021-08-15,"cran_downloads",12697
"rphylopic",2021-08-16,"cran_downloads",12705
"rphylopic",2021-08-17,"cran_downloads",12713
"rphylopic",2021-08-18,"cran_downloads",12723
"rphylopic",2021-08-19,"cran_downloads",12743
"rphylopic",2021-08-20,"cran_downloads",12753
"rphylopic",2021-08-21,"cran_downloads",12759
"rphylopic",2021-08-22,"cran_downloads",12762
"rphylopic",2021-08-23,"cran_downloads",12779
"rphylopic",2021-08-24,"cran_downloads",12790
"rphylopic",2021-08-25,"cran_downloads",12812
"rphylopic",2021-08-26,"cran_downloads",12817
"rphylopic",2021-08-27,"cran_downloads",12822
"rphylopic",2021-08-28,"cran_downloads",12835
"rphylopic",2021-08-29,"cran_downloads",12839
"rphylopic",2021-08-30,"cran_downloads",12851
"rphylopic",2021-08-31,"cran_downloads",12876
"rphylopic",2021-09-01,"cran_downloads",12891
"rphylopic",2021-09-02,"cran_downloads",12893
"rphylopic",2021-09-03,"cran_downloads",12906
"rphylopic",2021-09-04,"cran_downloads",12908
"rphylopic",2021-09-05,"cran_downloads",12912
"rphylopic",2021-09-06,"cran_downloads",12927
"rphylopic",2021-09-07,"cran_downloads",12940
"rphylopic",2021-09-08,"cran_downloads",12953
"rphylopic",2021-09-09,"cran_downloads",12960
"rphylopic",2021-09-10,"cran_downloads",12976
"rphylopic",2021-09-11,"cran_downloads",12981
"rphylopic",2021-09-12,"cran_downloads",12994
"rphylopic",2021-09-13,"cran_downloads",13000
"rphylopic",2021-09-14,"cran_downloads",13016
"rphylopic",2021-09-15,"cran_downloads",13025
"rphylopic",2021-09-16,"cran_downloads",13038
"rphylopic",2021-09-17,"cran_downloads",13041
"rphylopic",2021-09-18,"cran_downloads",13049
"rphylopic",2021-09-19,"cran_downloads",13051
"rphylopic",2021-09-20,"cran_downloads",13061
"rphylopic",2021-09-21,"cran_downloads",13065
"rphylopic",2021-09-22,"cran_downloads",13074
"rphylopic",2021-09-23,"cran_downloads",13081
"rphylopic",2021-09-24,"cran_downloads",13093
"rphylopic",2021-09-25,"cran_downloads",13099
"rphylopic",2021-09-26,"cran_downloads",13108
"rphylopic",2021-09-27,"cran_downloads",13127
"rphylopic",2021-09-28,"cran_downloads",13150
"rphylopic",2021-09-29,"cran_downloads",13169
"rphylopic",2021-09-30,"cran_downloads",13184
"rphylopic",2021-10-01,"cran_downloads",13205
"rphylopic",2021-10-02,"cran_downloads",13214
"rphylopic",2021-10-03,"cran_downloads",13220
"rphylopic",2021-10-04,"cran_downloads",13244
"rphylopic",2021-10-05,"cran_downloads",13272
"rphylopic",2021-10-06,"cran_downloads",13296
"rphylopic",2021-10-07,"cran_downloads",13309
"rphylopic",2021-10-08,"cran_downloads",13321
"rphylopic",2021-10-09,"cran_downloads",13329
"rphylopic",2021-10-10,"cran_downloads",13332
"rphylopic",2021-10-11,"cran_downloads",13367
"rphylopic",2021-10-12,"cran_downloads",13382
"rphylopic",2021-10-13,"cran_downloads",13401
"rphylopic",2021-10-14,"cran_downloads",13414
"rphylopic",2021-10-15,"cran_downloads",13441
"rphylopic",2021-10-16,"cran_downloads",13449
"rphylopic",2021-10-17,"cran_downloads",13465
"rphylopic",2021-10-18,"cran_downloads",13487
"rphylopic",2021-10-19,"cran_downloads",13508
"rphylopic",2021-10-20,"cran_downloads",13526
"rphylopic",2021-10-21,"cran_downloads",13545
"rphylopic",2021-10-22,"cran_downloads",13557
"rphylopic",2021-10-23,"cran_downloads",13575
"rphylopic",2021-10-24,"cran_downloads",13587
"rphylopic",2021-10-25,"cran_downloads",13613
"rphylopic",2021-10-26,"cran_downloads",13653
"rphylopic",2021-10-27,"cran_downloads",13730
"rphylopic",2021-10-28,"cran_downloads",13756
"rphylopic",2021-10-29,"cran_downloads",13777
"rphylopic",2021-10-30,"cran_downloads",13793
"rphylopic",2021-10-31,"cran_downloads",13807
"rphylopic",2021-11-01,"cran_downloads",13837
"rphylopic",2021-11-02,"cran_downloads",13865
"rphylopic",2021-11-03,"cran_downloads",13908
"rphylopic",2021-11-04,"cran_downloads",13965
"rphylopic",2021-11-05,"cran_downloads",13986
"rphylopic",2021-11-06,"cran_downloads",14007
"rphylopic",2021-11-07,"cran_downloads",14038
"rphylopic",2021-11-08,"cran_downloads",14102
"rphylopic",2021-11-09,"cran_downloads",14145
"rphylopic",2021-11-10,"cran_downloads",14224
"rphylopic",2021-11-11,"cran_downloads",14265
"rphylopic",2021-11-12,"cran_downloads",14285
"rphylopic",2021-11-13,"cran_downloads",14305
"rphylopic",2021-11-14,"cran_downloads",14315
"rphylopic",2021-11-15,"cran_downloads",14328
"rphylopic",2021-11-16,"cran_downloads",14336
"rphylopic",2021-11-17,"cran_downloads",14354
"rphylopic",2021-11-18,"cran_downloads",14361
"rphylopic",2021-11-19,"cran_downloads",14375
"rphylopic",2021-11-20,"cran_downloads",14383
"rphylopic",2021-11-21,"cran_downloads",14405
"rphylopic",2021-11-22,"cran_downloads",14417
"rphylopic",2021-11-23,"cran_downloads",14436
"rphylopic",2021-11-24,"cran_downloads",14453
"rphylopic",2021-11-25,"cran_downloads",14476
"rphylopic",2021-11-26,"cran_downloads",14484
"rphylopic",2021-11-27,"cran_downloads",14494
"rphylopic",2021-11-28,"cran_downloads",14497
"rphylopic",2021-11-29,"cran_downloads",14527
"rphylopic",2021-11-30,"cran_downloads",14543
"rphylopic",2021-12-01,"cran_downloads",14557
"rphylopic",2021-12-02,"cran_downloads",14568
"rphylopic",2021-12-03,"cran_downloads",14581
"rphylopic",2021-12-04,"cran_downloads",14587
"rphylopic",2021-12-05,"cran_downloads",14591
"rphylopic",2021-12-06,"cran_downloads",14610
"rphylopic",2021-12-07,"cran_downloads",14619
"rphylopic",2021-12-08,"cran_downloads",14639
"rphylopic",2021-12-09,"cran_downloads",14659
"rphylopic",2021-12-10,"cran_downloads",14672
"rphylopic",2021-12-11,"cran_downloads",14682
"rphylopic",2021-12-12,"cran_downloads",14687
"rphylopic",2021-12-13,"cran_downloads",14703
"rphylopic",2021-12-14,"cran_downloads",14708
"rphylopic",2021-12-15,"cran_downloads",14731
"rphylopic",2021-12-16,"cran_downloads",14739
"rphylopic",2021-12-17,"cran_downloads",14752
"rphylopic",2021-12-18,"cran_downloads",14756
"rphylopic",2021-12-19,"cran_downloads",14766
"rphylopic",2021-12-20,"cran_downloads",14775
"rphylopic",2021-12-21,"cran_downloads",14784
"rphylopic",2021-12-22,"cran_downloads",14793
"rphylopic",2021-12-23,"cran_downloads",14800
"rphylopic",2021-12-24,"cran_downloads",14815
"rphylopic",2021-12-25,"cran_downloads",14818
"rphylopic",2021-12-26,"cran_downloads",14826
"rphylopic",2021-12-27,"cran_downloads",14831
"rphylopic",2021-12-28,"cran_downloads",14842
"rphylopic",2021-12-29,"cran_downloads",14853
"rphylopic",2021-12-30,"cran_downloads",14866
"rphylopic",2021-12-31,"cran_downloads",14873
"rphylopic",2022-01-01,"cran_downloads",14875
"rphylopic",2022-01-02,"cran_downloads",14887
"rphylopic",2022-01-03,"cran_downloads",14889
"rphylopic",2022-01-04,"cran_downloads",14902
"rphylopic",2022-01-05,"cran_downloads",14922
"rphylopic",2022-01-06,"cran_downloads",14931
"rphylopic",2022-01-07,"cran_downloads",14937
"rphylopic",2022-01-08,"cran_downloads",14943
"rphylopic",2022-01-09,"cran_downloads",14954
"rphylopic",2022-01-10,"cran_downloads",14959
"rphylopic",2022-01-11,"cran_downloads",14970
"rphylopic",2022-01-12,"cran_downloads",14977
"rphylopic",2022-01-13,"cran_downloads",14995
"rphylopic",2022-01-14,"cran_downloads",15004
"rphylopic",2022-01-15,"cran_downloads",15020
"rphylopic",2022-01-16,"cran_downloads",15022
"rphylopic",2022-01-17,"cran_downloads",15031
"rphylopic",2022-01-18,"cran_downloads",15040
"rphylopic",2022-01-19,"cran_downloads",15056
"rphylopic",2022-01-20,"cran_downloads",15065
"rphylopic",2022-01-21,"cran_downloads",15073
"rphylopic",2022-01-22,"cran_downloads",15083
"rphylopic",2022-01-23,"cran_downloads",15093
"rphylopic",2022-01-24,"cran_downloads",15112
"rphylopic",2022-01-25,"cran_downloads",15118
"rphylopic",2022-01-26,"cran_downloads",15122
"rphylopic",2022-01-27,"cran_downloads",15129
"rphylopic",2022-01-28,"cran_downloads",15139
"rphylopic",2022-01-29,"cran_downloads",15146
"rphylopic",2022-01-30,"cran_downloads",15155
"rphylopic",2022-01-31,"cran_downloads",15170
"rphylopic",2022-02-01,"cran_downloads",15191
"rphylopic",2022-02-02,"cran_downloads",15205
"rphylopic",2022-02-03,"cran_downloads",15213
"rphylopic",2022-02-04,"cran_downloads",15219
"rphylopic",2022-02-05,"cran_downloads",15224
"rphylopic",2022-02-06,"cran_downloads",15236
"rphylopic",2022-02-07,"cran_downloads",15253
"rphylopic",2022-02-08,"cran_downloads",15271
"rphylopic",2022-02-09,"cran_downloads",15289
"rphylopic",2022-02-10,"cran_downloads",15304
"rphylopic",2022-02-11,"cran_downloads",15315
"rphylopic",2022-02-12,"cran_downloads",15326
"rphylopic",2022-02-13,"cran_downloads",15333
"rphylopic",2022-02-14,"cran_downloads",15342
"rphylopic",2022-02-15,"cran_downloads",15352
"rphylopic",2022-02-16,"cran_downloads",15367
"rphylopic",2022-02-17,"cran_downloads",15377
"rphylopic",2022-02-18,"cran_downloads",15393
"rphylopic",2022-02-19,"cran_downloads",15397
"rphylopic",2022-02-20,"cran_downloads",15404
"rphylopic",2022-02-21,"cran_downloads",15418
"rphylopic",2022-02-22,"cran_downloads",15424
"rphylopic",2022-02-23,"cran_downloads",15456
"rphylopic",2022-02-24,"cran_downloads",15472
"rphylopic",2022-02-25,"cran_downloads",15484
"rphylopic",2022-02-26,"cran_downloads",15486
"rphylopic",2022-02-27,"cran_downloads",15497
"rphylopic",2022-02-28,"cran_downloads",15505
"rphylopic",2022-03-01,"cran_downloads",15534
"rphylopic",2022-03-02,"cran_downloads",15545
"rphylopic",2022-03-03,"cran_downloads",15561
"rphylopic",2022-03-04,"cran_downloads",15566
"rphylopic",2022-03-05,"cran_downloads",15579
"rphylopic",2022-03-06,"cran_downloads",15584
"rphylopic",2022-03-07,"cran_downloads",15608
"rphylopic",2022-03-08,"cran_downloads",15622
"rphylopic",2022-03-09,"cran_downloads",15642
"rphylopic",2022-03-10,"cran_downloads",15649
"rphylopic",2022-03-11,"cran_downloads",15672
"rphylopic",2022-03-12,"cran_downloads",15678
"rphylopic",2022-03-13,"cran_downloads",15690
"rphylopic",2022-03-14,"cran_downloads",15703
"rphylopic",2022-03-15,"cran_downloads",15724
"rphylopic",2022-03-16,"cran_downloads",15733
"rphylopic",2022-03-17,"cran_downloads",15746
"rphylopic",2022-03-18,"cran_downloads",15756
"rphylopic",2022-03-19,"cran_downloads",15772
"rphylopic",2022-03-20,"cran_downloads",15777
"rphylopic",2022-03-21,"cran_downloads",15793
"rphylopic",2022-03-22,"cran_downloads",15796
"rphylopic",2022-03-23,"cran_downloads",15823
"rphylopic",2022-03-24,"cran_downloads",15833
"rphylopic",2022-03-25,"cran_downloads",15854
"rphylopic",2022-03-26,"cran_downloads",15863
"rphylopic",2022-03-27,"cran_downloads",15878
"rphylopic",2022-03-28,"cran_downloads",15900
"rphylopic",2022-03-29,"cran_downloads",15922
"rphylopic",2022-03-30,"cran_downloads",15937
"rphylopic",2022-03-31,"cran_downloads",15954
"rphylopic",2022-04-01,"cran_downloads",15968
"rphylopic",2022-04-02,"cran_downloads",15981
"rphylopic",2022-04-03,"cran_downloads",15988
"rphylopic",2022-04-04,"cran_downloads",15998
"rphylopic",2022-04-05,"cran_downloads",16012
"rphylopic",2022-04-06,"cran_downloads",16034
"rphylopic",2022-04-07,"cran_downloads",16053
"rphylopic",2022-04-08,"cran_downloads",16059
"rphylopic",2022-04-09,"cran_downloads",16066
"rphylopic",2022-04-10,"cran_downloads",16069
"rphylopic",2022-04-11,"cran_downloads",16087
"rphylopic",2022-04-12,"cran_downloads",16096
"rphylopic",2022-04-13,"cran_downloads",16119
"rphylopic",2022-04-14,"cran_downloads",16132
"rphylopic",2022-04-15,"cran_downloads",16142
"rphylopic",2022-04-16,"cran_downloads",16157
"rphylopic",2022-04-17,"cran_downloads",16168
"rphylopic",2022-04-18,"cran_downloads",16220
"rphylopic",2022-04-19,"cran_downloads",16230
"rphylopic",2022-04-20,"cran_downloads",16250
"rphylopic",2022-04-21,"cran_downloads",16264
"rphylopic",2022-04-22,"cran_downloads",16275
"rphylopic",2022-04-23,"cran_downloads",16285
"rphylopic",2022-04-24,"cran_downloads",16296
"rphylopic",2022-04-25,"cran_downloads",16319
"rphylopic",2022-04-26,"cran_downloads",16335
"rphylopic",2022-04-27,"cran_downloads",16363
"rphylopic",2022-04-28,"cran_downloads",16368
"rphylopic",2022-04-29,"cran_downloads",16383
"rphylopic",2022-04-30,"cran_downloads",16391
"rphylopic",2022-05-01,"cran_downloads",16398
"rphylopic",2022-05-02,"cran_downloads",16418
"rphylopic",2022-05-03,"cran_downloads",16432
"rphylopic",2022-05-04,"cran_downloads",16458
"rphylopic",2022-05-05,"cran_downloads",16466
"rphylopic",2022-05-06,"cran_downloads",16479
"rphylopic",2022-05-07,"cran_downloads",16490
"rphylopic",2022-05-08,"cran_downloads",16503
"rphylopic",2022-05-09,"cran_downloads",16513
"rphylopic",2022-05-10,"cran_downloads",16534
"rphylopic",2022-05-11,"cran_downloads",16552
"rphylopic",2022-05-12,"cran_downloads",16571
"rphylopic",2022-05-13,"cran_downloads",16580
"rphylopic",2022-05-14,"cran_downloads",16590
"rphylopic",2022-05-15,"cran_downloads",16597
"rphylopic",2022-05-16,"cran_downloads",16614
"rphylopic",2022-05-17,"cran_downloads",16633
"rphylopic",2022-05-18,"cran_downloads",16649
"rphylopic",2022-05-19,"cran_downloads",16666
"rphylopic",2022-05-20,"cran_downloads",16681
"rphylopic",2022-05-21,"cran_downloads",16690
"rphylopic",2022-05-22,"cran_downloads",16698
"rphylopic",2022-05-23,"cran_downloads",16709
"rphylopic",2022-05-24,"cran_downloads",16717
"rphylopic",2022-05-25,"cran_downloads",16736
"rphylopic",2022-05-26,"cran_downloads",16757
"rphylopic",2022-05-27,"cran_downloads",16774
"rphylopic",2022-05-28,"cran_downloads",16788
"rphylopic",2022-05-29,"cran_downloads",16799
"rphylopic",2022-05-30,"cran_downloads",16809
"rphylopic",2022-05-31,"cran_downloads",16825
"rphylopic",2022-06-01,"cran_downloads",16847
"rphylopic",2022-06-02,"cran_downloads",16857
"rphylopic",2022-06-03,"cran_downloads",16866
"rphylopic",2022-06-04,"cran_downloads",16874
"rphylopic",2022-06-05,"cran_downloads",16882
"rphylopic",2022-06-06,"cran_downloads",16896
"rphylopic",2022-06-07,"cran_downloads",16908
"rphylopic",2022-06-08,"cran_downloads",16925
"rphylopic",2022-06-09,"cran_downloads",16936
"rphylopic",2022-06-10,"cran_downloads",16943
"rphylopic",2022-06-11,"cran_downloads",16955
"rphylopic",2022-06-12,"cran_downloads",16958
"rphylopic",2022-06-13,"cran_downloads",16974
"rphylopic",2022-06-14,"cran_downloads",16993
"rphylopic",2022-06-15,"cran_downloads",17012
"rphylopic",2022-06-16,"cran_downloads",17026
"rphylopic",2022-06-17,"cran_downloads",17036
"rphylopic",2022-06-18,"cran_downloads",17042
"rphylopic",2022-06-19,"cran_downloads",17050
"rphylopic",2022-06-20,"cran_downloads",17065
"rphylopic",2022-06-21,"cran_downloads",17076
"rphylopic",2022-06-22,"cran_downloads",17089
"rphylopic",2022-06-23,"cran_downloads",17103
"rphylopic",2022-06-24,"cran_downloads",17114
"rphylopic",2022-06-25,"cran_downloads",17121
"rphylopic",2022-06-26,"cran_downloads",17128
"rphylopic",2022-06-27,"cran_downloads",17142
"rphylopic",2022-06-28,"cran_downloads",17149
"rphylopic",2022-06-29,"cran_downloads",17164
"rphylopic",2022-06-30,"cran_downloads",17177
"rphylopic",2022-07-01,"cran_downloads",17188
"rphylopic",2022-07-02,"cran_downloads",17192
"rphylopic",2022-07-03,"cran_downloads",17208
"rphylopic",2022-07-04,"cran_downloads",17217
"rphylopic",2022-07-05,"cran_downloads",17229
"rphylopic",2022-07-06,"cran_downloads",17261
"rphylopic",2022-07-07,"cran_downloads",17278
"rphylopic",2022-07-08,"cran_downloads",17284
"rphylopic",2022-07-09,"cran_downloads",17300
"rphylopic",2022-07-10,"cran_downloads",17319
"rphylopic",2022-07-11,"cran_downloads",17326
"rphylopic",2022-07-12,"cran_downloads",17336
"rphylopic",2022-07-13,"cran_downloads",17352
"rphylopic",2022-07-14,"cran_downloads",17362
"rphylopic",2022-07-15,"cran_downloads",17381
"rphylopic",2022-07-16,"cran_downloads",17394
"rphylopic",2022-07-17,"cran_downloads",17400
"rphylopic",2022-07-18,"cran_downloads",17412
"rphylopic",2022-07-19,"cran_downloads",17420
"rphylopic",2022-07-20,"cran_downloads",17434
"rphylopic",2022-07-21,"cran_downloads",17446
"rphylopic",2022-07-22,"cran_downloads",17455
"rphylopic",2022-07-23,"cran_downloads",17468
"rphylopic",2022-07-24,"cran_downloads",17480
"rphylopic",2022-07-25,"cran_downloads",17494
"rphylopic",2022-07-26,"cran_downloads",17508
"rphylopic",2022-07-27,"cran_downloads",17530
"rphylopic",2022-07-28,"cran_downloads",17542
"rphylopic",2022-07-29,"cran_downloads",17558
"rphylopic",2022-07-30,"cran_downloads",17570
"rphylopic",2022-07-31,"cran_downloads",17583
"rphylopic",2022-08-01,"cran_downloads",17594
"rphylopic",2022-08-02,"cran_downloads",17601
"rphylopic",2022-08-03,"cran_downloads",17616
"rphylopic",2022-08-04,"cran_downloads",17622
"rphylopic",2022-08-05,"cran_downloads",17629
"rphylopic",2022-08-06,"cran_downloads",17644
"rphylopic",2022-08-07,"cran_downloads",17647
"rphylopic",2022-08-08,"cran_downloads",17649
"rphylopic",2022-08-09,"cran_downloads",17660
"rphylopic",2022-08-10,"cran_downloads",17672
"rphylopic",2022-08-11,"cran_downloads",17684
"rphylopic",2022-08-12,"cran_downloads",17699
"rphylopic",2022-08-13,"cran_downloads",17710
"rphylopic",2022-08-14,"cran_downloads",17715
"rphylopic",2022-08-15,"cran_downloads",17732
"rphylopic",2022-08-16,"cran_downloads",17739
"rphylopic",2022-08-17,"cran_downloads",17755
"rphylopic",2022-08-18,"cran_downloads",17771
"rphylopic",2022-08-19,"cran_downloads",17782
"rphylopic",2022-08-20,"cran_downloads",17782
"rphylopic",2022-08-21,"cran_downloads",17794
"rphylopic",2022-08-22,"cran_downloads",17797
"rphylopic",2022-08-23,"cran_downloads",17809
"rphylopic",2022-08-24,"cran_downloads",17824
"rphylopic",2022-08-25,"cran_downloads",17853
"rphylopic",2022-08-26,"cran_downloads",17861
"rphylopic",2022-08-27,"cran_downloads",17877
"rphylopic",2022-08-28,"cran_downloads",17880
"rphylopic",2022-08-29,"cran_downloads",17892
"rphylopic",2022-08-30,"cran_downloads",17908
"rphylopic",2022-08-31,"cran_downloads",17916
"rphylopic",2022-09-01,"cran_downloads",17930
"rphylopic",2022-09-02,"cran_downloads",17946
"rphylopic",2022-09-03,"cran_downloads",17950
"rphylopic",2022-09-04,"cran_downloads",17960
"rphylopic",2022-09-05,"cran_downloads",17976
"rphylopic",2022-09-06,"cran_downloads",17986
"rphylopic",2022-09-07,"cran_downloads",17999
"rphylopic",2022-09-08,"cran_downloads",18014
"rphylopic",2022-09-09,"cran_downloads",18018
"rphylopic",2022-09-10,"cran_downloads",18024
"rphylopic",2022-09-11,"cran_downloads",18040
"rphylopic",2022-09-12,"cran_downloads",18063
"rphylopic",2022-09-13,"cran_downloads",18076
"rphylopic",2022-09-14,"cran_downloads",18112
"rphylopic",2022-09-15,"cran_downloads",18125
"rphylopic",2022-09-16,"cran_downloads",18137
"rphylopic",2022-09-17,"cran_downloads",18144
"rphylopic",2022-09-18,"cran_downloads",18150
"rphylopic",2022-09-19,"cran_downloads",18158
"rphylopic",2022-09-20,"cran_downloads",18171
"rphylopic",2022-09-21,"cran_downloads",18181
"rphylopic",2022-09-22,"cran_downloads",18190
"rphylopic",2022-09-23,"cran_downloads",18208
"rphylopic",2022-09-24,"cran_downloads",18208
"rphylopic",2022-09-25,"cran_downloads",18214
"rphylopic",2022-09-26,"cran_downloads",18231
"rphylopic",2022-09-27,"cran_downloads",18246
"rphylopic",2022-09-28,"cran_downloads",18258
"rphylopic",2022-09-29,"cran_downloads",18271
"rphylopic",2022-09-30,"cran_downloads",18276
"rphylopic",2022-10-01,"cran_downloads",18284
"rphylopic",2022-10-02,"cran_downloads",18302
"rphylopic",2022-10-03,"cran_downloads",18316
"rphylopic",2022-10-04,"cran_downloads",18327
"rphylopic",2022-10-05,"cran_downloads",18344
"rphylopic",2022-10-06,"cran_downloads",18354
"rphylopic",2022-10-07,"cran_downloads",18365
"rphylopic",2022-10-08,"cran_downloads",18375
"rphylopic",2022-10-09,"cran_downloads",18381
"rphylopic",2022-10-10,"cran_downloads",18392
"rphylopic",2022-10-11,"cran_downloads",18404
"rphylopic",2022-10-12,"cran_downloads",18421
"rphylopic",2022-10-13,"cran_downloads",18433
"rphylopic",2022-10-14,"cran_downloads",18440
"rphylopic",2022-10-15,"cran_downloads",18454
"rphylopic",2022-10-16,"cran_downloads",18458
"rphylopic",2022-10-17,"cran_downloads",18495
"rphylopic",2022-10-18,"cran_downloads",18512
"rphylopic",2022-10-19,"cran_downloads",18520
"rphylopic",2022-10-20,"cran_downloads",18531
"rphylopic",2022-10-21,"cran_downloads",18533
"rphylopic",2022-10-22,"cran_downloads",18544
"rphylopic",2022-10-23,"cran_downloads",18559
"rphylopic",2022-10-24,"cran_downloads",18566
"rphylopic",2022-10-25,"cran_downloads",18573
"rphylopic",2022-10-26,"cran_downloads",18594
"rphylopic",2022-10-27,"cran_downloads",18604
"rphylopic",2022-10-28,"cran_downloads",18617
"rphylopic",2022-10-29,"cran_downloads",18617
"rphylopic",2022-10-30,"cran_downloads",18623
"rphylopic",2022-10-31,"cran_downloads",18631
"rphylopic",2022-11-01,"cran_downloads",18645
"rphylopic",2022-11-02,"cran_downloads",18663
"rphylopic",2022-11-03,"cran_downloads",18675
"rphylopic",2022-11-04,"cran_downloads",18680
"rphylopic",2022-11-05,"cran_downloads",18690
"rphylopic",2022-11-06,"cran_downloads",18694
"rphylopic",2022-11-07,"cran_downloads",18715
"rphylopic",2022-11-08,"cran_downloads",18728
"rphylopic",2022-11-09,"cran_downloads",18741
"rphylopic",2022-11-10,"cran_downloads",18753
"rphylopic",2022-11-11,"cran_downloads",18758
"rphylopic",2022-11-12,"cran_downloads",18784
"rphylopic",2022-11-13,"cran_downloads",18788
"rphylopic",2022-11-14,"cran_downloads",18801
"rphylopic",2022-11-15,"cran_downloads",18810
"rphylopic",2022-11-16,"cran_downloads",18814
"rphylopic",2022-11-17,"cran_downloads",18823
"rphylopic",2022-11-18,"cran_downloads",18838
"rphylopic",2022-11-19,"cran_downloads",18841
"rphylopic",2022-11-20,"cran_downloads",18845
"rphylopic",2022-11-21,"cran_downloads",18851
"rphylopic",2022-11-22,"cran_downloads",18867
"rphylopic",2022-11-23,"cran_downloads",18881
"rphylopic",2022-11-24,"cran_downloads",18906
"rphylopic",2022-11-25,"cran_downloads",18914
"rphylopic",2022-11-26,"cran_downloads",18919
"rphylopic",2022-11-27,"cran_downloads",18923
"rphylopic",2022-11-28,"cran_downloads",18935
"rphylopic",2022-11-29,"cran_downloads",18941
"rphylopic",2022-11-30,"cran_downloads",18949
"rphylopic",2022-12-01,"cran_downloads",18963
"rphylopic",2022-12-02,"cran_downloads",18976
"rphylopic",2022-12-03,"cran_downloads",18979
"rphylopic",2022-12-04,"cran_downloads",18982
"rphylopic",2022-12-05,"cran_downloads",18994
"rphylopic",2022-12-06,"cran_downloads",19011
"rphylopic",2022-12-07,"cran_downloads",19024
"rphylopic",2022-12-08,"cran_downloads",19028
"rphylopic",2022-12-09,"cran_downloads",19035
"rphylopic",2022-12-10,"cran_downloads",19035
"rphylopic",2022-12-11,"cran_downloads",19040
"rphylopic",2022-12-12,"cran_downloads",19053
"rphylopic",2022-12-13,"cran_downloads",19056
"rphylopic",2022-12-14,"cran_downloads",19069
"rphylopic",2022-12-15,"cran_downloads",19077
"rphylopic",2022-12-16,"cran_downloads",19088
"rphylopic",2022-12-17,"cran_downloads",19091
"rphylopic",2022-12-18,"cran_downloads",19095
"rphylopic",2022-12-19,"cran_downloads",19099
"rphylopic",2022-12-20,"cran_downloads",19103
"rphylopic",2022-12-21,"cran_downloads",19119
"rphylopic",2022-12-22,"cran_downloads",19127
"rphylopic",2022-12-23,"cran_downloads",19135
"rphylopic",2022-12-24,"cran_downloads",19143
"rphylopic",2022-12-25,"cran_downloads",19153
"rphylopic",2022-12-26,"cran_downloads",19158
"rphylopic",2022-12-27,"cran_downloads",19160
"rphylopic",2022-12-28,"cran_downloads",19169
"rphylopic",2022-12-29,"cran_downloads",19172
"rphylopic",2022-12-30,"cran_downloads",19174
"rphylopic",2022-12-31,"cran_downloads",19177
"rphylopic",2023-01-01,"cran_downloads",19180
"rphylopic",2023-01-02,"cran_downloads",19188
"rphylopic",2023-01-03,"cran_downloads",19189
"rphylopic",2023-01-04,"cran_downloads",19197
"rphylopic",2023-01-05,"cran_downloads",19208
"rphylopic",2023-01-06,"cran_downloads",19216
"rphylopic",2023-01-07,"cran_downloads",19219
"rphylopic",2023-01-08,"cran_downloads",19221
"rphylopic",2023-01-09,"cran_downloads",19228
"rphylopic",2023-01-10,"cran_downloads",19233
"rphylopic",2023-01-11,"cran_downloads",19248
"rphylopic",2023-01-12,"cran_downloads",19253
"rphylopic",2023-01-13,"cran_downloads",19260
"rphylopic",2023-01-14,"cran_downloads",19263
"rphylopic",2023-01-15,"cran_downloads",19266
"rphylopic",2023-01-16,"cran_downloads",19272
"rphylopic",2023-01-17,"cran_downloads",19289
"rphylopic",2023-01-18,"cran_downloads",19303
"rphylopic",2023-01-19,"cran_downloads",19312
"rphylopic",2023-01-20,"cran_downloads",19318
"rphylopic",2023-01-21,"cran_downloads",19323
"rphylopic",2023-01-22,"cran_downloads",19329
"rphylopic",2023-01-23,"cran_downloads",19337
"rphylopic",2023-01-24,"cran_downloads",19350
"rphylopic",2023-01-25,"cran_downloads",19364
"rphylopic",2023-01-26,"cran_downloads",19376
"rphylopic",2023-01-27,"cran_downloads",19387
"rphylopic",2023-01-28,"cran_downloads",19392
"rphylopic",2023-01-29,"cran_downloads",19399
"rphylopic",2023-01-30,"cran_downloads",19406
"rphylopic",2023-01-31,"cran_downloads",19414
"rphylopic",2023-02-01,"cran_downloads",19427
"rphylopic",2023-02-02,"cran_downloads",19443
"rphylopic",2023-02-03,"cran_downloads",19447
"rphylopic",2023-02-04,"cran_downloads",19447
"rphylopic",2023-02-05,"cran_downloads",19460
"rphylopic",2023-02-06,"cran_downloads",19466
"rphylopic",2023-02-07,"cran_downloads",19484
"rphylopic",2023-02-08,"cran_downloads",19499
"rphylopic",2023-02-09,"cran_downloads",19523
"rphylopic",2023-02-10,"cran_downloads",19535
"rphylopic",2023-02-11,"cran_downloads",19547
"rphylopic",2023-02-12,"cran_downloads",19552
"rphylopic",2023-02-13,"cran_downloads",19567
"rphylopic",2023-02-14,"cran_downloads",19585
"rphylopic",2023-02-15,"cran_downloads",19610
"rphylopic",2023-02-16,"cran_downloads",19622
"rphylopic",2023-02-17,"cran_downloads",19631
"rphylopic",2023-02-18,"cran_downloads",19636
"rphylopic",2023-02-19,"cran_downloads",19644
"rphylopic",2023-02-20,"cran_downloads",19648
"rphylopic",2023-02-21,"cran_downloads",19652
"rphylopic",2023-02-22,"cran_downloads",19664
"rphylopic",2023-02-23,"cran_downloads",19680
"rphylopic",2023-02-24,"cran_downloads",19693
"rphylopic",2023-02-25,"cran_downloads",19696
"rphylopic",2023-02-26,"cran_downloads",19703
"rphylopic",2023-02-27,"cran_downloads",19715
"rphylopic",2023-02-28,"cran_downloads",19722
"rphylopic",2023-03-01,"cran_downloads",19734
"rphylopic",2023-03-02,"cran_downloads",19750
"rphylopic",2023-03-03,"cran_downloads",19757
"rphylopic",2023-03-04,"cran_downloads",19764
"rphylopic",2023-03-05,"cran_downloads",19774
"rphylopic",2023-03-06,"cran_downloads",19782
"rphylopic",2023-03-07,"cran_downloads",19785
"rphylopic",2023-03-08,"cran_downloads",19799
"rphylopic",2023-03-09,"cran_downloads",19813
"rphylopic",2023-03-10,"cran_downloads",19821
"rphylopic",2023-03-11,"cran_downloads",19823
"rphylopic",2023-03-12,"cran_downloads",19832
"rphylopic",2023-03-13,"cran_downloads",19853
"rphylopic",2023-03-14,"cran_downloads",19859
"rphylopic",2023-03-15,"cran_downloads",19868
"rphylopic",2023-03-16,"cran_downloads",19890
"rphylopic",2023-03-17,"cran_downloads",19899
"rphylopic",2023-03-18,"cran_downloads",19907
"rphylopic",2023-03-19,"cran_downloads",19917
"rphylopic",2023-03-20,"cran_downloads",19974
"rphylopic",2023-03-21,"cran_downloads",20021
"rphylopic",2023-03-22,"cran_downloads",20067
"rphylopic",2023-03-23,"cran_downloads",20085
"rphylopic",2023-03-24,"cran_downloads",20098
"rphylopic",2023-03-25,"cran_downloads",20120
"rphylopic",2023-03-26,"cran_downloads",20178
"rphylopic",2023-03-27,"cran_downloads",20252
"rphylopic",2023-03-28,"cran_downloads",20272
"rphylopic",2023-03-29,"cran_downloads",20310
"rphylopic",2023-03-30,"cran_downloads",20354
"rphylopic",2023-03-31,"cran_downloads",20375
"rphylopic",2023-04-01,"cran_downloads",20429
"rphylopic",2023-04-02,"cran_downloads",20457
"rphylopic",2023-04-03,"cran_downloads",20496
"rphylopic",2023-04-04,"cran_downloads",20520
"rphylopic",2023-04-05,"cran_downloads",20546
"rphylopic",2023-04-06,"cran_downloads",20564
"rphylopic",2023-04-07,"cran_downloads",20588
"rphylopic",2023-04-08,"cran_downloads",20599
"rphylopic",2023-04-09,"cran_downloads",20609
"rphylopic",2023-04-10,"cran_downloads",20626
"rphylopic",2023-04-11,"cran_downloads",20644
"rphylopic",2023-04-12,"cran_downloads",20675
"rphylopic",2023-04-13,"cran_downloads",20695
"rphylopic",2023-04-14,"cran_downloads",20722
"rphylopic",2023-04-15,"cran_downloads",20731
"rphylopic",2023-04-16,"cran_downloads",20742
"rphylopic",2023-04-17,"cran_downloads",20787
"rphylopic",2023-04-18,"cran_downloads",20812
"rphylopic",2023-04-19,"cran_downloads",20854
"rphylopic",2023-04-20,"cran_downloads",20903
"rphylopic",2023-04-21,"cran_downloads",20932
"rphylopic",2023-04-22,"cran_downloads",20948
"rphylopic",2023-04-23,"cran_downloads",20955
"rphylopic",2023-04-24,"cran_downloads",20988
"rphylopic",2023-04-25,"cran_downloads",21008
"rphylopic",2023-04-26,"cran_downloads",21036
"rphylopic",2023-04-27,"cran_downloads",21105
"rphylopic",2023-04-28,"cran_downloads",21122
"rphylopic",2023-04-29,"cran_downloads",21138
"rphylopic",2023-04-30,"cran_downloads",21160
"rphylopic",2023-05-01,"cran_downloads",21180
"rphylopic",2023-05-02,"cran_downloads",21215
"rphylopic",2023-05-03,"cran_downloads",21242
"rphylopic",2023-05-04,"cran_downloads",21266
"rphylopic",2023-05-05,"cran_downloads",21287
"rphylopic",2023-05-06,"cran_downloads",21301
"rphylopic",2023-05-07,"cran_downloads",21307
"rphylopic",2023-05-08,"cran_downloads",21330
"rphylopic",2023-05-09,"cran_downloads",21360
"rphylopic",2023-05-10,"cran_downloads",21382
"rphylopic",2023-05-11,"cran_downloads",21392
"rphylopic",2023-05-12,"cran_downloads",21413
"rphylopic",2023-05-13,"cran_downloads",21425
"rphylopic",2023-05-14,"cran_downloads",21433
"rphylopic",2023-05-15,"cran_downloads",21448
"rphylopic",2023-05-16,"cran_downloads",21467
"rphylopic",2023-05-17,"cran_downloads",21490
"rphylopic",2023-05-18,"cran_downloads",21505
"rphylopic",2023-05-19,"cran_downloads",21512
"rphylopic",2023-05-20,"cran_downloads",21519
"rphylopic",2023-05-21,"cran_downloads",21525
"rphylopic",2023-05-22,"cran_downloads",21539
"rphylopic",2023-05-23,"cran_downloads",21556
"rphylopic",2023-05-24,"cran_downloads",21580
"rphylopic",2023-05-25,"cran_downloads",21592
"rphylopic",2023-05-26,"cran_downloads",21601
"rphylopic",2023-05-27,"cran_downloads",21608
"rphylopic",2023-05-28,"cran_downloads",21614
"rphylopic",2023-05-29,"cran_downloads",21624
"rphylopic",2023-05-30,"cran_downloads",21636
"rphylopic",2023-05-31,"cran_downloads",21649
"rphylopic",2023-06-01,"cran_downloads",21671
"rphylopic",2023-06-02,"cran_downloads",21688
"rphylopic",2023-06-03,"cran_downloads",21692
"rphylopic",2023-06-04,"cran_downloads",21704
"rphylopic",2023-06-05,"cran_downloads",21719
"rphylopic",2023-06-06,"cran_downloads",21728
"rphylopic",2023-06-07,"cran_downloads",21736
"rphylopic",2023-06-08,"cran_downloads",21754
"rphylopic",2023-06-09,"cran_downloads",21766
"rphylopic",2023-06-10,"cran_downloads",21778
"rphylopic",2023-06-11,"cran_downloads",21787
"rphylopic",2023-06-12,"cran_downloads",21802
"rphylopic",2023-06-13,"cran_downloads",21822
"rphylopic",2023-06-14,"cran_downloads",21845
"rphylopic",2023-06-15,"cran_downloads",21868
"rphylopic",2023-06-16,"cran_downloads",21883
"rphylopic",2023-06-17,"cran_downloads",21890
"rphylopic",2023-06-18,"cran_downloads",21895
"rphylopic",2023-06-19,"cran_downloads",21903
"rphylopic",2023-06-20,"cran_downloads",21959
"rphylopic",2023-06-21,"cran_downloads",21978
"rphylopic",2023-06-22,"cran_downloads",21997
"rphylopic",2023-06-23,"cran_downloads",22006
"rphylopic",2023-06-24,"cran_downloads",22013
"rphylopic",2023-06-25,"cran_downloads",22020
"rphylopic",2023-06-26,"cran_downloads",22037
"rphylopic",2023-06-27,"cran_downloads",22064
"rphylopic",2023-06-28,"cran_downloads",22089
"rphylopic",2023-06-29,"cran_downloads",22106
"rphylopic",2023-06-30,"cran_downloads",22138
"rphylopic",2023-07-01,"cran_downloads",22187
"rphylopic",2023-07-02,"cran_downloads",22205
"rphylopic",2023-07-03,"cran_downloads",22238
"rphylopic",2023-07-04,"cran_downloads",22256
"rphylopic",2023-07-05,"cran_downloads",22293
"rphylopic",2023-07-06,"cran_downloads",22314
"rphylopic",2023-07-07,"cran_downloads",22333
"rphylopic",2023-07-08,"cran_downloads",22366
"rphylopic",2023-07-09,"cran_downloads",22403
"rphylopic",2023-07-10,"cran_downloads",22434
"rphylopic",2023-07-11,"cran_downloads",22463
"rphylopic",2023-07-12,"cran_downloads",22529
"rphylopic",2023-07-13,"cran_downloads",22565
"rphylopic",2023-07-14,"cran_downloads",22607
"rphylopic",2023-07-15,"cran_downloads",22614
"rphylopic",2023-07-16,"cran_downloads",22623
"rphylopic",2023-07-17,"cran_downloads",22661
"rphylopic",2023-07-18,"cran_downloads",22687
"rphylopic",2023-07-19,"cran_downloads",22710
"rphylopic",2023-07-20,"cran_downloads",22734
"rphylopic",2023-07-21,"cran_downloads",22762
"rphylopic",2023-07-22,"cran_downloads",22768
"rphylopic",2023-07-23,"cran_downloads",22777
"rphylopic",2023-07-24,"cran_downloads",22784
"rphylopic",2023-07-25,"cran_downloads",22807
"rphylopic",2023-07-26,"cran_downloads",22842
"rphylopic",2023-07-27,"cran_downloads",22854
"rphylopic",2023-07-28,"cran_downloads",22870
"rphylopic",2023-07-29,"cran_downloads",22872
"rphylopic",2023-07-30,"cran_downloads",22878
"rphylopic",2023-07-31,"cran_downloads",22888
"rphylopic",2023-08-01,"cran_downloads",22906
"rphylopic",2023-08-02,"cran_downloads",22933
"rphylopic",2023-08-03,"cran_downloads",22950
"rphylopic",2023-08-04,"cran_downloads",22962
"rphylopic",2023-08-05,"cran_downloads",22968
"rphylopic",2023-08-06,"cran_downloads",22983
"rphylopic",2023-08-07,"cran_downloads",22996
"rphylopic",2023-08-08,"cran_downloads",23018
"rphylopic",2023-08-09,"cran_downloads",23040
"rphylopic",2023-08-10,"cran_downloads",23050
"rphylopic",2023-08-11,"cran_downloads",23062
"rphylopic",2023-08-12,"cran_downloads",23068
"rphylopic",2023-08-13,"cran_downloads",23075
"rphylopic",2023-08-14,"cran_downloads",23099
"rphylopic",2023-08-15,"cran_downloads",23120
"rphylopic",2023-08-16,"cran_downloads",23141
"rphylopic",2023-08-17,"cran_downloads",23167
"rphylopic",2023-08-18,"cran_downloads",23184
"rphylopic",2023-08-19,"cran_downloads",23195
"rphylopic",2023-08-20,"cran_downloads",23202
"rphylopic",2023-08-21,"cran_downloads",23219
"rphylopic",2023-08-22,"cran_downloads",23231
"rphylopic",2023-08-23,"cran_downloads",23251
"rphylopic",2023-08-24,"cran_downloads",23273
"rphylopic",2023-08-25,"cran_downloads",23293
"rphylopic",2023-08-26,"cran_downloads",23296
"rphylopic",2023-08-27,"cran_downloads",23306
"rphylopic",2023-08-28,"cran_downloads",23324
"rphylopic",2023-08-29,"cran_downloads",23352
"rphylopic",2023-08-30,"cran_downloads",23432
"rphylopic",2023-08-31,"cran_downloads",23502
"rphylopic",2023-09-01,"cran_downloads",23525
"rphylopic",2023-09-02,"cran_downloads",23538
"rphylopic",2023-09-03,"cran_downloads",23569
"rphylopic",2023-09-04,"cran_downloads",23597
"rphylopic",2023-09-05,"cran_downloads",23622
"rphylopic",2023-09-06,"cran_downloads",23656
"rphylopic",2023-09-07,"cran_downloads",23683
"rphylopic",2023-09-08,"cran_downloads",23710
"rphylopic",2023-09-09,"cran_downloads",23720
"rphylopic",2023-09-10,"cran_downloads",23731
"rphylopic",2023-09-11,"cran_downloads",23752
"rphylopic",2023-09-12,"cran_downloads",23777
"rphylopic",2023-09-13,"cran_downloads",23800
"rphylopic",2023-09-14,"cran_downloads",23816
"rphylopic",2023-09-15,"cran_downloads",23849
"rphylopic",2023-09-16,"cran_downloads",23863
"rphylopic",2023-09-17,"cran_downloads",23868
"rphylopic",2023-09-18,"cran_downloads",23880
"rphylopic",2023-09-19,"cran_downloads",23909
"rphylopic",2023-09-20,"cran_downloads",23932
"rphylopic",2023-09-21,"cran_downloads",23950
"rphylopic",2023-09-22,"cran_downloads",23966
"rphylopic",2023-09-23,"cran_downloads",23998
"rphylopic",2023-09-24,"cran_downloads",24004
"rphylopic",2023-09-25,"cran_downloads",24019
"rphylopic",2023-09-26,"cran_downloads",24037
"rphylopic",2023-09-27,"cran_downloads",24066
"rphylopic",2023-09-28,"cran_downloads",24083
"rphylopic",2023-09-29,"cran_downloads",24106
"rphylopic",2023-09-30,"cran_downloads",24112
"rphylopic",2023-10-01,"cran_downloads",24120
"rphylopic",2023-10-02,"cran_downloads",24136
"rphylopic",2023-10-03,"cran_downloads",24155
"rphylopic",2023-10-04,"cran_downloads",24187
"rphylopic",2023-10-05,"cran_downloads",24228
"rphylopic",2023-10-06,"cran_downloads",24265
"rphylopic",2023-10-07,"cran_downloads",24276
"rphylopic",2023-10-08,"cran_downloads",24286
"rphylopic",2023-10-09,"cran_downloads",24299
"rphylopic",2023-10-10,"cran_downloads",24315
"rphylopic",2023-10-11,"cran_downloads",24381
"rphylopic",2023-10-12,"cran_downloads",24458
"rphylopic",2023-10-13,"cran_downloads",24477
"rphylopic",2023-10-14,"cran_downloads",24497
"rphylopic",2023-10-15,"cran_downloads",24526
"rphylopic",2023-10-16,"cran_downloads",24549
"rphylopic",2023-10-17,"cran_downloads",24572
"rphylopic",2023-10-18,"cran_downloads",24601
"rphylopic",2023-10-19,"cran_downloads",24619
"rphylopic",2023-10-20,"cran_downloads",24642
"rphylopic",2023-10-21,"cran_downloads",24661
"rphylopic",2023-10-22,"cran_downloads",24677
"rphylopic",2023-10-23,"cran_downloads",24699
"rphylopic",2023-10-24,"cran_downloads",24719
"rphylopic",2023-10-25,"cran_downloads",24751
"rphylopic",2023-10-26,"cran_downloads",24785
"rphylopic",2023-10-27,"cran_downloads",24796
"rphylopic",2023-10-28,"cran_downloads",24810
"rphylopic",2023-10-29,"cran_downloads",24834
"rphylopic",2023-10-30,"cran_downloads",24894
"rphylopic",2023-10-31,"cran_downloads",24930
"rphylopic",2023-11-01,"cran_downloads",24960
"rphylopic",2023-11-02,"cran_downloads",25001
"rphylopic",2023-11-03,"cran_downloads",25045
"rphylopic",2023-11-04,"cran_downloads",25055
"rphylopic",2023-11-05,"cran_downloads",25063
"rphylopic",2023-11-06,"cran_downloads",25097
"rphylopic",2023-11-07,"cran_downloads",25120
"rphylopic",2023-11-08,"cran_downloads",25164
"rphylopic",2023-11-09,"cran_downloads",25189
"rphylopic",2023-11-10,"cran_downloads",25219
"rphylopic",2023-11-11,"cran_downloads",25225
"rphylopic",2023-11-12,"cran_downloads",25231
"rphylopic",2023-11-13,"cran_downloads",25253
"rphylopic",2023-11-14,"cran_downloads",25276
"rphylopic",2023-11-15,"cran_downloads",25304
"rphylopic",2023-11-16,"cran_downloads",25327
"rphylopic",2023-11-17,"cran_downloads",25351
"rphylopic",2023-11-18,"cran_downloads",25360
"rphylopic",2023-11-19,"cran_downloads",25371
"rphylopic",2023-11-20,"cran_downloads",25394
"rphylopic",2023-11-21,"cran_downloads",25421
"rphylopic",2023-11-22,"cran_downloads",25447
"rphylopic",2023-11-23,"cran_downloads",25460
"rphylopic",2023-11-24,"cran_downloads",25472
"rphylopic",2023-11-25,"cran_downloads",25480
"rphylopic",2023-11-26,"cran_downloads",25492
"rphylopic",2023-11-27,"cran_downloads",25509
"rphylopic",2023-11-28,"cran_downloads",25536
"rphylopic",2023-11-29,"cran_downloads",25567
"rphylopic",2023-11-30,"cran_downloads",25590
"rphylopic",2023-12-01,"cran_downloads",25606
"rphylopic",2023-12-02,"cran_downloads",25610
"rphylopic",2023-12-03,"cran_downloads",25628
"rphylopic",2023-12-04,"cran_downloads",25646
"rphylopic",2023-12-05,"cran_downloads",25674
"rphylopic",2023-12-06,"cran_downloads",25713
"rphylopic",2023-12-07,"cran_downloads",25733
"rphylopic",2023-12-08,"cran_downloads",25754
"rphylopic",2023-12-09,"cran_downloads",25767
"rphylopic",2023-12-10,"cran_downloads",25775
"rphylopic",2023-12-11,"cran_downloads",25790
"rphylopic",2023-12-12,"cran_downloads",25803
"rphylopic",2023-12-13,"cran_downloads",25826
"rphylopic",2023-12-14,"cran_downloads",25852
"rphylopic",2023-12-15,"cran_downloads",25890
"rphylopic",2023-12-16,"cran_downloads",25896
"rphylopic",2023-12-17,"cran_downloads",25911
"rphylopic",2023-12-18,"cran_downloads",25928
"rphylopic",2023-12-19,"cran_downloads",25951
"rphylopic",2023-12-20,"cran_downloads",25967
"rphylopic",2023-12-21,"cran_downloads",26071
"rphylopic",2023-12-22,"cran_downloads",26093
"rphylopic",2023-12-23,"cran_downloads",26104
"rphylopic",2023-12-24,"cran_downloads",26141
"rphylopic",2023-12-25,"cran_downloads",26155
"rphylopic",2023-12-26,"cran_downloads",26179
"rphylopic",2023-12-27,"cran_downloads",26224
"rphylopic",2023-12-28,"cran_downloads",26250
"rphylopic",2023-12-29,"cran_downloads",26257
"rphylopic",2023-12-30,"cran_downloads",26264
"rphylopic",2023-12-31,"cran_downloads",26289
"rphylopic",2024-01-01,"cran_downloads",26306
"rphylopic",2024-01-02,"cran_downloads",26318
"rphylopic",2024-01-03,"cran_downloads",26353
"rphylopic",2024-01-04,"cran_downloads",26364
"rphylopic",2024-01-05,"cran_downloads",26382
"rphylopic",2024-01-06,"cran_downloads",26393
"rphylopic",2024-01-07,"cran_downloads",26406
"rphylopic",2024-01-08,"cran_downloads",26433
"rphylopic",2024-01-09,"cran_downloads",26447
"rphylopic",2024-01-10,"cran_downloads",26493
"rphylopic",2024-01-11,"cran_downloads",26515
"rphylopic",2024-01-12,"cran_downloads",26570
"rphylopic",2024-01-13,"cran_downloads",26591
"rphylopic",2024-01-14,"cran_downloads",26609
"rphylopic",2024-01-15,"cran_downloads",26622
"rphylopic",2024-01-16,"cran_downloads",26650
"rphylopic",2024-01-17,"cran_downloads",26694
"rphylopic",2024-01-18,"cran_downloads",26720
"rphylopic",2024-01-19,"cran_downloads",26741
"rphylopic",2024-01-20,"cran_downloads",26753
"rphylopic",2024-01-21,"cran_downloads",26761
"rphylopic",2024-01-22,"cran_downloads",26783
"rphylopic",2024-01-23,"cran_downloads",26807
"rphylopic",2024-01-24,"cran_downloads",26974
"rphylopic",2024-01-25,"cran_downloads",27098
"rphylopic",2024-01-26,"cran_downloads",27111
"rphylopic",2024-01-27,"cran_downloads",27117
"rphylopic",2024-01-28,"cran_downloads",27124
"rphylopic",2024-01-29,"cran_downloads",27151
"rphylopic",2024-01-30,"cran_downloads",27183
"rphylopic",2024-01-31,"cran_downloads",27235
"rphylopic",2024-02-01,"cran_downloads",27253
"rphylopic",2024-02-02,"cran_downloads",27271
"rphylopic",2024-02-03,"cran_downloads",27277
"rphylopic",2024-02-04,"cran_downloads",27289
"rphylopic",2024-02-05,"cran_downloads",27308
"rphylopic",2024-02-06,"cran_downloads",27327
"rphylopic",2024-02-07,"cran_downloads",27350
"rphylopic",2024-02-08,"cran_downloads",27403
"rphylopic",2024-02-09,"cran_downloads",27421
"rphylopic",2024-02-10,"cran_downloads",27429
"rphylopic",2024-02-11,"cran_downloads",27437
"rphylopic",2024-02-12,"cran_downloads",27452
"rphylopic",2024-02-13,"cran_downloads",27472
"rphylopic",2024-02-14,"cran_downloads",27503
"rphylopic",2024-02-15,"cran_downloads",27526
"rphylopic",2024-02-16,"cran_downloads",27549
"rphylopic",2024-02-17,"cran_downloads",27565
"rphylopic",2024-02-18,"cran_downloads",27575
"rphylopic",2024-02-19,"cran_downloads",27584
"rphylopic",2024-02-20,"cran_downloads",27611
"rphylopic",2024-02-21,"cran_downloads",27645
"rphylopic",2024-02-22,"cran_downloads",27667
"rphylopic",2024-02-23,"cran_downloads",27689
"rphylopic",2024-02-24,"cran_downloads",27707
"rphylopic",2024-02-25,"cran_downloads",27720
"rphylopic",2024-02-26,"cran_downloads",27732
"rphylopic",2024-02-27,"cran_downloads",27768
"rphylopic",2024-02-28,"cran_downloads",27817
"rphylopic",2024-02-29,"cran_downloads",27842
"rphylopic",2024-03-01,"cran_downloads",27885
"rphylopic",2024-03-02,"cran_downloads",27899
"rphylopic",2024-03-03,"cran_downloads",27907
"rphylopic",2024-03-04,"cran_downloads",27930
"rphylopic",2024-03-05,"cran_downloads",27960
"rphylopic",2024-03-06,"cran_downloads",28015
"rphylopic",2024-03-07,"cran_downloads",28051
"rphylopic",2024-03-08,"cran_downloads",28070
"rphylopic",2024-03-09,"cran_downloads",28085
"rphylopic",2024-03-10,"cran_downloads",28098
"rphylopic",2024-03-11,"cran_downloads",28111
"rphylopic",2024-03-12,"cran_downloads",28134
"rphylopic",2024-03-13,"cran_downloads",28167
"rphylopic",2024-03-14,"cran_downloads",28181
"rphylopic",2024-03-15,"cran_downloads",28195
"rphylopic",2024-03-16,"cran_downloads",28208
"rphylopic",2024-03-17,"cran_downloads",28214
"rphylopic",2024-03-18,"cran_downloads",28233
"rphylopic",2024-03-19,"cran_downloads",28261
"rphylopic",2024-03-20,"cran_downloads",28278
"rphylopic",2024-03-21,"cran_downloads",28309
"rphylopic",2024-03-22,"cran_downloads",28329
"rphylopic",2024-03-23,"cran_downloads",28338
"rphylopic",2024-03-24,"cran_downloads",28356
"rphylopic",2024-03-25,"cran_downloads",28377
"rphylopic",2024-03-26,"cran_downloads",28392
"rphylopic",2024-03-27,"cran_downloads",28421
"rphylopic",2024-03-28,"cran_downloads",28434
"rphylopic",2024-03-29,"cran_downloads",28445
"rphylopic",2024-03-30,"cran_downloads",28462
"rphylopic",2024-03-31,"cran_downloads",28469
"rphylopic",2024-04-01,"cran_downloads",28486
"rphylopic",2024-04-02,"cran_downloads",28508
"rphylopic",2024-04-03,"cran_downloads",28545
"rphylopic",2024-04-04,"cran_downloads",28561
"rphylopic",2024-04-05,"cran_downloads",28576
"rphylopic",2024-04-06,"cran_downloads",28588
"rphylopic",2024-04-07,"cran_downloads",28595
"rphylopic",2024-04-08,"cran_downloads",28611
"rphylopic",2024-04-09,"cran_downloads",28626
"rphylopic",2024-04-10,"cran_downloads",28657
"rphylopic",2024-04-11,"cran_downloads",28674
"rphylopic",2024-04-12,"cran_downloads",28727
"rphylopic",2024-04-13,"cran_downloads",28733
"rphylopic",2024-04-14,"cran_downloads",28746
"rphylopic",2024-04-15,"cran_downloads",28771
"rphylopic",2024-04-16,"cran_downloads",28792
"rphylopic",2024-04-17,"cran_downloads",28856
"rphylopic",2024-04-18,"cran_downloads",28877
"rphylopic",2024-04-19,"cran_downloads",28887
"rphylopic",2024-04-20,"cran_downloads",28902
"rphylopic",2024-04-21,"cran_downloads",28910
"rphylopic",2024-04-22,"cran_downloads",28928
"rphylopic",2024-04-23,"cran_downloads",28968
"rphylopic",2024-04-24,"cran_downloads",29047
"rphylopic",2024-04-25,"cran_downloads",29103
"rphylopic",2024-04-26,"cran_downloads",29169
"rphylopic",2024-04-27,"cran_downloads",29192
"rphylopic",2024-04-28,"cran_downloads",29206
"rphylopic",2024-04-29,"cran_downloads",29286
"rphylopic",2024-04-30,"cran_downloads",29318
"rphylopic",2024-05-01,"cran_downloads",29370
"rphylopic",2024-05-02,"cran_downloads",29441
"rphylopic",2024-05-03,"cran_downloads",29464
"rphylopic",2024-05-04,"cran_downloads",29475
"rphylopic",2024-05-05,"cran_downloads",29549
"rphylopic",2024-05-06,"cran_downloads",29637
"rphylopic",2024-05-07,"cran_downloads",29665
"rphylopic",2024-05-08,"cran_downloads",29708
"rphylopic",2024-05-09,"cran_downloads",29764
"rphylopic",2024-05-10,"cran_downloads",29777
"rphylopic",2024-05-11,"cran_downloads",29789
"rphylopic",2024-05-12,"cran_downloads",29838
"rphylopic",2024-05-13,"cran_downloads",29852
"rphylopic",2024-05-14,"cran_downloads",29883
"rphylopic",2024-05-15,"cran_downloads",29965
"rphylopic",2024-05-16,"cran_downloads",29982
"rphylopic",2024-05-17,"cran_downloads",29999
"rphylopic",2024-05-18,"cran_downloads",30003
"rphylopic",2024-05-19,"cran_downloads",30053
"rphylopic",2024-05-20,"cran_downloads",30061
"rphylopic",2024-05-21,"cran_downloads",30074
"rphylopic",2024-05-22,"cran_downloads",30156
"rphylopic",2024-05-23,"cran_downloads",30179
"rphylopic",2024-05-24,"cran_downloads",30200
"rphylopic",2024-05-25,"cran_downloads",30251
"rphylopic",2024-05-26,"cran_downloads",30355
"rphylopic",2024-05-27,"cran_downloads",30375
"rphylopic",2024-05-28,"cran_downloads",30428
"rphylopic",2024-05-29,"cran_downloads",30544
"rphylopic",2024-05-30,"cran_downloads",30576
"rphylopic",2024-05-31,"cran_downloads",30608
"rphylopic",2024-06-01,"cran_downloads",30666
"rphylopic",2024-06-02,"cran_downloads",30675
"rphylopic",2024-06-03,"cran_downloads",30695
"rphylopic",2024-06-04,"cran_downloads",30760
"rphylopic",2024-06-05,"cran_downloads",30790
"rphylopic",2024-06-06,"cran_downloads",30814
"rphylopic",2024-06-07,"cran_downloads",30874
"rphylopic",2024-06-08,"cran_downloads",30884
"rphylopic",2024-06-09,"cran_downloads",30889
"rphylopic",2024-06-10,"cran_downloads",30943
"rphylopic",2024-06-11,"cran_downloads",30990
"rphylopic",2024-06-12,"cran_downloads",31025
"rphylopic",2024-06-13,"cran_downloads",31091
"rphylopic",2024-06-14,"cran_downloads",31102
"rphylopic",2024-06-15,"cran_downloads",31114
"rphylopic",2024-06-16,"cran_downloads",31165
"rphylopic",2024-06-17,"cran_downloads",31181
"rphylopic",2024-06-18,"cran_downloads",31190
"rphylopic",2024-06-19,"cran_downloads",31271
"rphylopic",2024-06-20,"cran_downloads",31285
"rphylopic",2024-06-21,"cran_downloads",31300
"rphylopic",2024-06-22,"cran_downloads",31358
"rphylopic",2024-06-23,"cran_downloads",31367
"rphylopic",2024-06-24,"cran_downloads",31385
"rphylopic",2024-06-25,"cran_downloads",31441
"rphylopic",2024-06-26,"cran_downloads",31460
"rphylopic",2024-06-27,"cran_downloads",31510
"rphylopic",2024-06-28,"cran_downloads",31562
"rphylopic",2024-06-29,"cran_downloads",31567
"rphylopic",2024-06-30,"cran_downloads",31575
"rphylopic",2024-07-01,"cran_downloads",31639
"rphylopic",2024-07-02,"cran_downloads",31655
"rphylopic",2024-07-03,"cran_downloads",31693
"rphylopic",2024-07-04,"cran_downloads",31753
"rphylopic",2024-07-05,"cran_downloads",31770
"rphylopic",2024-07-06,"cran_downloads",31782
"rphylopic",2024-07-07,"cran_downloads",31787
"rphylopic",2024-07-08,"cran_downloads",31846
"rphylopic",2024-07-09,"cran_downloads",31862
"rphylopic",2024-07-10,"cran_downloads",31872
"rphylopic",2024-07-11,"cran_downloads",31904
"rphylopic",2024-07-12,"cran_downloads",31920
"rphylopic",2024-07-13,"cran_downloads",31927
"rphylopic",2024-07-14,"cran_downloads",31937
"rphylopic",2024-07-15,"cran_downloads",31958
"rphylopic",2024-07-16,"cran_downloads",31984
"rphylopic",2024-07-17,"cran_downloads",32037
"rphylopic",2024-07-18,"cran_downloads",32066
"rphylopic",2024-07-19,"cran_downloads",32082
"rphylopic",2024-07-20,"cran_downloads",32087
"rphylopic",2024-07-21,"cran_downloads",32094
"rphylopic",2024-07-22,"cran_downloads",32117
"rphylopic",2024-07-23,"cran_downloads",32189
"rphylopic",2024-07-24,"cran_downloads",32221
"rphylopic",2024-07-25,"cran_downloads",32260
"rphylopic",2024-07-26,"cran_downloads",32319
"rphylopic",2024-07-27,"cran_downloads",32333
"rphylopic",2024-07-28,"cran_downloads",32337
"rphylopic",2024-07-29,"cran_downloads",32394
"rphylopic",2024-07-30,"cran_downloads",32420
"rphylopic",2024-07-31,"cran_downloads",32441
"rphylopic",2024-08-01,"cran_downloads",32520
"rphylopic",2024-08-02,"cran_downloads",32526
"rphylopic",2024-08-03,"cran_downloads",32533
"rphylopic",2024-08-04,"cran_downloads",32577
"rphylopic",2024-08-05,"cran_downloads",32598
"rphylopic",2024-08-06,"cran_downloads",32622
"rphylopic",2024-08-07,"cran_downloads",32686
"rphylopic",2024-08-08,"cran_downloads",32724
"rphylopic",2024-08-09,"cran_downloads",32736
"rphylopic",2024-08-10,"cran_downloads",32782
"rphylopic",2024-08-11,"cran_downloads",32831
"rphylopic",2024-08-12,"cran_downloads",32882
"rphylopic",2024-08-13,"cran_downloads",32938
"rphylopic",2024-08-14,"cran_downloads",32989
"rphylopic",2024-08-15,"cran_downloads",33059
"rphylopic",2024-08-16,"cran_downloads",33129
"rphylopic",2024-08-17,"cran_downloads",33174
"rphylopic",2024-08-18,"cran_downloads",33221
"rphylopic",2024-08-19,"cran_downloads",33277
"rphylopic",2024-08-20,"cran_downloads",33332
"rphylopic",2024-08-21,"cran_downloads",33407
"rphylopic",2024-08-22,"cran_downloads",33482
"rphylopic",2024-08-23,"cran_downloads",33536
"rphylopic",2024-08-24,"cran_downloads",33589
"rphylopic",2024-08-25,"cran_downloads",33593
"rphylopic",2024-08-26,"cran_downloads",33606
"rphylopic",2024-08-27,"cran_downloads",33656
"rphylopic",2024-08-28,"cran_downloads",33691
"rphylopic",2024-08-29,"cran_downloads",33710
"rphylopic",2024-08-30,"cran_downloads",33761
"rphylopic",2024-08-31,"cran_downloads",33771
"rphylopic",2024-09-01,"cran_downloads",33777
"rphylopic",2024-09-02,"cran_downloads",33827
"rphylopic",2024-09-03,"cran_downloads",33845
"rphylopic",2024-09-04,"cran_downloads",33913
"rphylopic",2024-09-05,"cran_downloads",33992
"rphylopic",2024-09-06,"cran_downloads",34017
"rphylopic",2024-09-07,"cran_downloads",34035
"rphylopic",2024-09-08,"cran_downloads",34066
"rphylopic",2024-09-09,"cran_downloads",34093
"rphylopic",2024-09-10,"cran_downloads",34118
"rphylopic",2024-09-11,"cran_downloads",34190
"rphylopic",2024-09-12,"cran_downloads",34213
"rphylopic",2024-09-13,"cran_downloads",34225
"rphylopic",2024-09-14,"cran_downloads",34240
"rphylopic",2024-09-15,"cran_downloads",34244
"rphylopic",2024-09-16,"cran_downloads",34263
"rphylopic",2024-09-17,"cran_downloads",34300
"rphylopic",2024-09-18,"cran_downloads",34342
"rphylopic",2024-09-19,"cran_downloads",34352
"rphylopic",2024-09-20,"cran_downloads",34380
"rphylopic",2024-09-21,"cran_downloads",34399
"rphylopic",2024-09-22,"cran_downloads",34409
"rphylopic",2024-09-23,"cran_downloads",34433
"rphylopic",2024-09-24,"cran_downloads",34463
"rphylopic",2024-09-25,"cran_downloads",34491
"rphylopic",2024-09-26,"cran_downloads",34540
"rphylopic",2024-09-27,"cran_downloads",34564
"rphylopic",2024-09-28,"cran_downloads",34589
"rphylopic",2024-09-29,"cran_downloads",34615
"rphylopic",2024-09-30,"cran_downloads",34629
"rphylopic",2024-10-01,"cran_downloads",34655
"rphylopic",2024-10-02,"cran_downloads",34693
"rphylopic",2024-10-03,"cran_downloads",34706
"rphylopic",2024-10-04,"cran_downloads",34714
"rphylopic",2024-10-05,"cran_downloads",34720
"rphylopic",2024-10-06,"cran_downloads",34725
"rphylopic",2024-10-07,"cran_downloads",34758
"rphylopic",2024-10-08,"cran_downloads",34777
"rphylopic",2024-10-09,"cran_downloads",34806
"rphylopic",2024-10-10,"cran_downloads",34833
"rphylopic",2024-10-11,"cran_downloads",34849
"rphylopic",2024-10-12,"cran_downloads",34865
"rphylopic",2024-10-13,"cran_downloads",34891
"rphylopic",2024-10-14,"cran_downloads",34918
"rphylopic",2024-10-15,"cran_downloads",34927
"rphylopic",2024-10-16,"cran_downloads",34966
"rphylopic",2024-10-17,"cran_downloads",34987
"rphylopic",2024-10-18,"cran_downloads",34999
"rphylopic",2024-10-19,"cran_downloads",35003
"rphylopic",2024-10-20,"cran_downloads",35013
"rphylopic",2024-10-21,"cran_downloads",35031
"rphylopic",2024-10-22,"cran_downloads",35047
"rphylopic",2024-10-23,"cran_downloads",35063
"rphylopic",2024-10-24,"cran_downloads",35103
"rphylopic",2024-10-25,"cran_downloads",35130
"rphylopic",2024-10-26,"cran_downloads",35137
"rphylopic",2024-10-27,"cran_downloads",35145
"rphylopic",2024-10-28,"cran_downloads",35172
"rphylopic",2024-10-29,"cran_downloads",35186
"rphylopic",2024-10-30,"cran_downloads",35234
"rphylopic",2024-10-31,"cran_downloads",35252
"rphylopic",2024-11-01,"cran_downloads",35266
"rphylopic",2024-11-02,"cran_downloads",35277
"rphylopic",2024-11-03,"cran_downloads",35287
"rphylopic",2024-11-04,"cran_downloads",35297
"rphylopic",2024-11-05,"cran_downloads",35321
"rphylopic",2024-11-06,"cran_downloads",35335
"rphylopic",2024-11-07,"cran_downloads",35377
"rphylopic",2024-11-08,"cran_downloads",35397
"rphylopic",2024-11-09,"cran_downloads",35403
"rphylopic",2024-11-10,"cran_downloads",35412
"rphylopic",2024-11-11,"cran_downloads",35440
"rphylopic",2024-11-12,"cran_downloads",35457
"rphylopic",2024-11-13,"cran_downloads",35484
"rphylopic",2024-11-14,"cran_downloads",35519
"rphylopic",2024-11-15,"cran_downloads",35529
"rphylopic",2024-11-16,"cran_downloads",35532
"rphylopic",2024-11-17,"cran_downloads",35541
"rphylopic",2024-11-18,"cran_downloads",35557
"rphylopic",2024-11-19,"cran_downloads",35578
"rphylopic",2024-11-20,"cran_downloads",35605
"rphylopic",2024-11-21,"cran_downloads",35653
"rphylopic",2024-11-22,"cran_downloads",35667
"rphylopic",2024-11-23,"cran_downloads",35677
"rphylopic",2024-11-24,"cran_downloads",35688
"rphylopic",2024-11-25,"cran_downloads",35704
"rphylopic",2024-11-26,"cran_downloads",35723
"rphylopic",2024-11-27,"cran_downloads",35756
"rphylopic",2024-11-28,"cran_downloads",35783
"rphylopic",2024-11-29,"cran_downloads",35805
"rphylopic",2024-11-30,"cran_downloads",35823
"rphylopic",2024-12-01,"cran_downloads",35828
"rphylopic",2024-12-02,"cran_downloads",35843
"rphylopic",2024-12-03,"cran_downloads",35867
"rphylopic",2024-12-04,"cran_downloads",35895
"rphylopic",2024-12-05,"cran_downloads",35930
"rphylopic",2024-12-06,"cran_downloads",35938
"rphylopic",2024-12-07,"cran_downloads",35944
"rphylopic",2024-12-08,"cran_downloads",35955
"rphylopic",2024-12-09,"cran_downloads",35977
"rphylopic",2024-12-10,"cran_downloads",36007
"rphylopic",2024-12-11,"cran_downloads",36034
"rphylopic",2024-12-12,"cran_downloads",36059
"rphylopic",2024-12-13,"cran_downloads",36079
"rphylopic",2024-12-14,"cran_downloads",36090
"rphylopic",2024-12-15,"cran_downloads",36096
"rphylopic",2024-12-16,"cran_downloads",36122
"rphylopic",2024-12-17,"cran_downloads",36140
"rphylopic",2024-12-18,"cran_downloads",36154
"rphylopic",2024-12-19,"cran_downloads",36182
"rphylopic",2024-12-20,"cran_downloads",36195
"rphylopic",2024-12-21,"cran_downloads",36199
"rphylopic",2024-12-22,"cran_downloads",36210
"rphylopic",2024-12-23,"cran_downloads",36220
"rphylopic",2024-12-24,"cran_downloads",36228
"rphylopic",2024-12-25,"cran_downloads",36257
"rphylopic",2024-12-26,"cran_downloads",36270
"rphylopic",2024-12-27,"cran_downloads",36282
"rphylopic",2024-12-28,"cran_downloads",36288
"rphylopic",2024-12-29,"cran_downloads",36298
"rphylopic",2024-12-30,"cran_downloads",36306
"rphylopic",2024-12-31,"cran_downloads",36310
"rphylopic",2025-01-01,"cran_downloads",36347
"rphylopic",2025-01-02,"cran_downloads",36366
"rphylopic",2025-01-03,"cran_downloads",36385
"rphylopic",2025-01-04,"cran_downloads",36404
"rphylopic",2025-01-05,"cran_downloads",36406
"rphylopic",2025-01-06,"cran_downloads",36421
"rphylopic",2025-01-07,"cran_downloads",36434
"rphylopic",2025-01-08,"cran_downloads",36465
"rphylopic",2025-01-09,"cran_downloads",36477
"rphylopic",2025-01-10,"cran_downloads",36491
"rphylopic",2025-01-11,"cran_downloads",36498
"rphylopic",2025-01-12,"cran_downloads",36503
"rphylopic",2025-01-13,"cran_downloads",36519
"rphylopic",2025-01-14,"cran_downloads",36535
"rphylopic",2025-01-15,"cran_downloads",36576
"rphylopic",2025-01-16,"cran_downloads",36589
"rphylopic",2025-01-17,"cran_downloads",36603
"rphylopic",2025-01-18,"cran_downloads",36623
"rphylopic",2025-01-19,"cran_downloads",36628
"rphylopic",2025-01-20,"cran_downloads",36640
"rphylopic",2025-01-21,"cran_downloads",36657
"rphylopic",2025-01-22,"cran_downloads",36771
"rphylopic",2025-01-23,"cran_downloads",36791
"rphylopic",2025-01-24,"cran_downloads",36806
"rphylopic",2025-01-25,"cran_downloads",36822
"rphylopic",2025-01-26,"cran_downloads",36829
"rphylopic",2025-01-27,"cran_downloads",36860
"rphylopic",2025-01-28,"cran_downloads",36879
"rphylopic",2025-01-29,"cran_downloads",36902
"rphylopic",2025-01-30,"cran_downloads",36936
"rphylopic",2025-01-31,"cran_downloads",36948
"rphylopic",2025-02-01,"cran_downloads",36961
"rphylopic",2025-02-02,"cran_downloads",36966
"rphylopic",2025-02-03,"cran_downloads",36986
"rphylopic",2025-02-04,"cran_downloads",36998
"rphylopic",2025-02-05,"cran_downloads",37035
"rphylopic",2025-02-06,"cran_downloads",37052
"rphylopic",2025-02-07,"cran_downloads",37074
"rphylopic",2025-02-08,"cran_downloads",37089
"rphylopic",2025-02-09,"cran_downloads",37110
"rphylopic",2025-02-10,"cran_downloads",37125
"rphylopic",2025-02-11,"cran_downloads",37174
"rphylopic",2025-02-12,"cran_downloads",37206
"rphylopic",2025-02-13,"cran_downloads",37229
"rphylopic",2025-02-14,"cran_downloads",37255
"rphylopic",2025-02-15,"cran_downloads",37263
"rphylopic",2025-02-16,"cran_downloads",37283
"rphylopic",2025-02-17,"cran_downloads",37310
"rphylopic",2025-02-18,"cran_downloads",37348
"rphylopic",2025-02-19,"cran_downloads",37374
"rphylopic",2025-02-20,"cran_downloads",37432
"rphylopic",2025-02-21,"cran_downloads",37446
"rphylopic",2025-02-22,"cran_downloads",37465
"rphylopic",2025-02-23,"cran_downloads",37492
"rphylopic",2025-02-24,"cran_downloads",37515
"rphylopic",2025-02-25,"cran_downloads",37540
"rphylopic",2025-02-26,"cran_downloads",37557
"rphylopic",2025-02-27,"cran_downloads",37596
"rphylopic",2025-02-28,"cran_downloads",37608
"rphylopic",2025-03-01,"cran_downloads",37622
"rphylopic",2025-03-02,"cran_downloads",37631
"rphylopic",2025-03-03,"cran_downloads",37645
"rphylopic",2025-03-04,"cran_downloads",37658
"rphylopic",2025-03-05,"cran_downloads",37694
"rphylopic",2025-03-06,"cran_downloads",37719
"rphylopic",2025-03-07,"cran_downloads",37735
"rphylopic",2025-03-08,"cran_downloads",37743
"rphylopic",2025-03-09,"cran_downloads",37749
"rphylopic",2025-03-10,"cran_downloads",37762
"rphylopic",2025-03-11,"cran_downloads",37784
"rphylopic",2025-03-12,"cran_downloads",37808
"rphylopic",2025-03-13,"cran_downloads",37841
"rphylopic",2025-03-14,"cran_downloads",37852
"rphylopic",2025-03-15,"cran_downloads",37876
"rphylopic",2025-03-16,"cran_downloads",37885
"rphylopic",2025-03-17,"cran_downloads",37916
"rphylopic",2025-03-18,"cran_downloads",37977
"rphylopic",2025-03-19,"cran_downloads",38012
"rphylopic",2025-03-20,"cran_downloads",38031
"rphylopic",2025-03-21,"cran_downloads",38101
"rphylopic",2025-03-22,"cran_downloads",38114
"rphylopic",2025-03-23,"cran_downloads",38135
"rphylopic",2025-03-24,"cran_downloads",38183
"rphylopic",2025-03-25,"cran_downloads",38207
"rphylopic",2025-03-26,"cran_downloads",38237
"rphylopic",2025-03-27,"cran_downloads",38258
"rphylopic",2025-03-28,"cran_downloads",38297
"rphylopic",2025-03-29,"cran_downloads",38307
"rphylopic",2025-03-30,"cran_downloads",38321
"rphylopic",2025-03-31,"cran_downloads",38338
"rphylopic",2025-04-01,"cran_downloads",38370
"rphylopic",2025-04-02,"cran_downloads",38392
"rphylopic",2025-04-03,"cran_downloads",38412
"rphylopic",2025-04-04,"cran_downloads",38438
"rphylopic",2025-04-05,"cran_downloads",38448
"rphylopic",2025-04-06,"cran_downloads",38453
"rphylopic",2025-04-07,"cran_downloads",38470
"rphylopic",2025-04-08,"cran_downloads",38492
"rphylopic",2025-04-09,"cran_downloads",38505
"rphylopic",2025-04-10,"cran_downloads",38527
"rphylopic",2025-04-11,"cran_downloads",38566
"rphylopic",2025-04-12,"cran_downloads",38595
"rphylopic",2025-04-13,"cran_downloads",38602
"rphylopic",2025-04-14,"cran_downloads",38619
"rphylopic",2025-04-15,"cran_downloads",38661
"rphylopic",2025-04-16,"cran_downloads",38687
"rphylopic",2025-04-17,"cran_downloads",38706
"rphylopic",2025-04-18,"cran_downloads",38731
"rphylopic",2025-04-19,"cran_downloads",38742
"rphylopic",2025-04-20,"cran_downloads",38745
"rphylopic",2025-04-21,"cran_downloads",38784
"rphylopic",2025-04-22,"cran_downloads",38824
"rphylopic",2025-04-23,"cran_downloads",38846
"rphylopic",2025-04-24,"cran_downloads",38865
"rphylopic",2025-04-25,"cran_downloads",38890
"rphylopic",2025-04-26,"cran_downloads",38897
"rphylopic",2025-04-27,"cran_downloads",38907
"rphylopic",2025-04-28,"cran_downloads",38932
"rphylopic",2025-04-29,"cran_downloads",38955
"rphylopic",2025-04-30,"cran_downloads",38969
"rphylopic",2025-05-01,"cran_downloads",38990
"rphylopic",2025-05-02,"cran_downloads",39004
"rphylopic",2025-05-03,"cran_downloads",39015
"rphylopic",2025-05-04,"cran_downloads",39023
"rphylopic",2025-05-05,"cran_downloads",39035
"rphylopic",2025-05-06,"cran_downloads",39067
"rphylopic",2025-05-07,"cran_downloads",39099
"rphylopic",2025-05-08,"cran_downloads",39113
"rphylopic",2025-05-09,"cran_downloads",39137
"rphylopic",2025-05-10,"cran_downloads",39144
"rphylopic",2025-05-11,"cran_downloads",39150
"rphylopic",2025-05-12,"cran_downloads",39166
"rphylopic",2025-05-13,"cran_downloads",39189
"rphylopic",2025-05-14,"cran_downloads",39210
"rphylopic",2025-05-15,"cran_downloads",39218
"rphylopic",2025-05-16,"cran_downloads",39241
"rphylopic",2025-05-17,"cran_downloads",39263
"rphylopic",2025-05-18,"cran_downloads",39276
"rphylopic",2025-05-19,"cran_downloads",39301
"rphylopic",2025-05-20,"cran_downloads",39324
"rphylopic",2025-05-21,"cran_downloads",39347
"rphylopic",2025-05-22,"cran_downloads",39363
"rphylopic",2025-05-23,"cran_downloads",39377
"rphylopic",2025-05-24,"cran_downloads",39393
"rphylopic",2025-05-25,"cran_downloads",39408
"rphylopic",2025-05-26,"cran_downloads",39427
"rphylopic",2025-05-27,"cran_downloads",39439
"rphylopic",2025-05-28,"cran_downloads",39461
"rphylopic",2025-05-29,"cran_downloads",39484
"rphylopic",2025-05-30,"cran_downloads",39515
"rphylopic",2025-05-31,"cran_downloads",39520
"rphylopic",2025-06-01,"cran_downloads",39528
"rphylopic",2025-06-02,"cran_downloads",39547
"rphylopic",2025-06-03,"cran_downloads",39570
"rphylopic",2025-06-04,"cran_downloads",39597
"rphylopic",2025-06-05,"cran_downloads",39611
"rphylopic",2025-06-06,"cran_downloads",39631
"rphylopic",2025-06-07,"cran_downloads",39645
"rphylopic",2025-06-08,"cran_downloads",39654
"rphylopic",2025-06-09,"cran_downloads",39675
"rphylopic",2025-06-10,"cran_downloads",39690
"rphylopic",2025-06-11,"cran_downloads",39727
"rphylopic",2025-06-12,"cran_downloads",39748
"rphylopic",2025-06-13,"cran_downloads",39767
"rphylopic",2025-06-14,"cran_downloads",39773
"rphylopic",2025-06-15,"cran_downloads",39785
"rphylopic",2025-06-16,"cran_downloads",39798
"rphylopic",2025-06-17,"cran_downloads",39834
"rphylopic",2025-06-18,"cran_downloads",39854
"rphylopic",2025-06-19,"cran_downloads",39884
"rphylopic",2025-06-20,"cran_downloads",39895
"rphylopic",2025-06-21,"cran_downloads",39934
"rphylopic",2025-06-22,"cran_downloads",39948
"rphylopic",2025-06-23,"cran_downloads",39965
"rphylopic",2025-06-24,"cran_downloads",39984
"rphylopic",2025-06-25,"cran_downloads",40009
"rphylopic",2025-06-26,"cran_downloads",40017
"rphylopic",2025-06-27,"cran_downloads",40034
"rphylopic",2025-06-28,"cran_downloads",40051
"rphylopic",2025-06-29,"cran_downloads",40055
"rphylopic",2025-06-30,"cran_downloads",40074
"rphylopic",2025-07-01,"cran_downloads",40094
"rphylopic",2025-07-02,"cran_downloads",40108
"rphylopic",2025-07-03,"cran_downloads",40121
"rphylopic",2025-07-04,"cran_downloads",40130
"rphylopic",2025-07-05,"cran_downloads",40142
"rphylopic",2025-07-06,"cran_downloads",40157
"rphylopic",2025-07-07,"cran_downloads",40168
"rphylopic",2025-07-08,"cran_downloads",40187
"rphylopic",2025-07-09,"cran_downloads",40209
"rphylopic",2025-07-10,"cran_downloads",40234
"rphylopic",2025-07-11,"cran_downloads",40258
"rphylopic",2025-07-12,"cran_downloads",40263
"rphylopic",2025-07-13,"cran_downloads",40273
"rphylopic",2025-07-14,"cran_downloads",40293
"rphylopic",2025-07-15,"cran_downloads",40307
"rphylopic",2025-07-16,"cran_downloads",40317
"rphylopic",2025-07-17,"cran_downloads",40339
"rphylopic",2025-07-18,"cran_downloads",40352
"rphylopic",2025-07-19,"cran_downloads",40361
"rphylopic",2025-07-20,"cran_downloads",40366
"rphylopic",2025-07-21,"cran_downloads",40380
"rphylopic",2025-07-22,"cran_downloads",40398
"rphylopic",2025-07-23,"cran_downloads",40415
"rphylopic",2025-07-24,"cran_downloads",40432
"rphylopic",2025-07-25,"cran_downloads",40439
"rphylopic",2025-07-26,"cran_downloads",40461
"rphylopic",2025-07-27,"cran_downloads",40471
"rphylopic",2025-07-28,"cran_downloads",40494
"rphylopic",2025-07-29,"cran_downloads",40512
"rphylopic",2025-07-30,"cran_downloads",40539
"rphylopic",2025-07-31,"cran_downloads",40566
"rphylopic",2025-08-01,"cran_downloads",40586
"rphylopic",2025-08-02,"cran_downloads",40609
"rphylopic",2025-08-03,"cran_downloads",40620
"rphylopic",2025-08-04,"cran_downloads",40639
"rphylopic",2025-08-05,"cran_downloads",40653
"rphylopic",2025-08-06,"cran_downloads",40682
"rphylopic",2025-08-07,"cran_downloads",40707
"rphylopic",2025-08-08,"cran_downloads",40732
"rphylopic",2025-08-09,"cran_downloads",40751
"rphylopic",2025-08-10,"cran_downloads",40775
"rphylopic",2025-08-11,"cran_downloads",40807
"rphylopic",2025-08-12,"cran_downloads",40833
"rphylopic",2025-08-13,"cran_downloads",40861
"rphylopic",2025-08-14,"cran_downloads",40869
"rphylopic",2025-08-15,"cran_downloads",40875
"rphylopic",2025-08-16,"cran_downloads",40883
"rphylopic",2025-08-17,"cran_downloads",40887
"rphylopic",2025-08-18,"cran_downloads",40895
"rphylopic",2025-08-19,"cran_downloads",40907
"rphylopic",2025-08-20,"cran_downloads",40919
"rphylopic",2025-08-21,"cran_downloads",40932
"rphylopic",2025-08-22,"cran_downloads",40942
"rphylopic",2025-08-23,"cran_downloads",40976
"rphylopic",2025-08-24,"cran_downloads",40985
"rphylopic",2025-08-25,"cran_downloads",40985
"rphylopic",2025-08-26,"cran_downloads",40985
"rphylopic",2025-08-27,"cran_downloads",41002
"rphylopic",2025-08-28,"cran_downloads",41016
"rphylopic",2025-08-29,"cran_downloads",41016
"rphylopic",2025-08-30,"cran_downloads",41016
"rphylopic",2025-08-31,"cran_downloads",41016
"rphylopic",2025-09-01,"cran_downloads",41016
"rphylopic",2025-09-02,"cran_downloads",41016
"rphylopic",2025-09-03,"cran_downloads",41089
"rphylopic",2025-09-04,"cran_downloads",41198
"rphylopic",2025-09-05,"cran_downloads",41362
"rphylopic",2025-09-06,"cran_downloads",41506
"rphylopic",2025-09-07,"cran_downloads",41669
"rphylopic",2025-09-08,"cran_downloads",41820
"rphylopic",2025-09-09,"cran_downloads",42016
"rphylopic",2025-09-10,"cran_downloads",42194
"rphylopic",2025-09-11,"cran_downloads",42297
"rphylopic",2025-09-12,"cran_downloads",42353
"rphylopic",2025-09-13,"cran_downloads",42390
"rphylopic",2025-09-14,"cran_downloads",42545
"rphylopic",2025-09-15,"cran_downloads",42633
"rphylopic",2025-09-16,"cran_downloads",42699
"rphylopic",2025-09-17,"cran_downloads",42753
"rphylopic",2025-09-18,"cran_downloads",42870
"rphylopic",2025-09-19,"cran_downloads",42972
"rphylopic",2025-09-20,"cran_downloads",43017
"rphylopic",2025-09-21,"cran_downloads",43049
"rphylopic",2025-09-22,"cran_downloads",43146
"rphylopic",2025-09-23,"cran_downloads",43262
"rphylopic",2025-09-24,"cran_downloads",43384
"rphylopic",2025-09-25,"cran_downloads",43482
"rphylopic",2025-09-26,"cran_downloads",43540
"rphylopic",2025-09-27,"cran_downloads",43568
"rphylopic",2025-09-28,"cran_downloads",43619
"rphylopic",2025-09-29,"cran_downloads",43644
"rphylopic",2025-09-30,"cran_downloads",43692
"rphylopic",2025-10-01,"cran_downloads",43745
"rphylopic",2025-10-02,"cran_downloads",43787
"rphylopic",2025-10-03,"cran_downloads",43855
"rphylopic",2025-10-04,"cran_downloads",43891
"rphylopic",2025-10-05,"cran_downloads",43923
"rphylopic",2025-10-06,"cran_downloads",43956
"rphylopic",2025-10-07,"cran_downloads",44012
"rphylopic",2025-10-08,"cran_downloads",44064
"rphylopic",2025-10-09,"cran_downloads",44115
"rphylopic",2025-10-10,"cran_downloads",44192
"rphylopic",2025-10-11,"cran_downloads",44245
"rphylopic",2025-10-12,"cran_downloads",44275
"rphylopic",2025-10-13,"cran_downloads",44319
"rphylopic",2025-10-14,"cran_downloads",44365
"rphylopic",2025-10-15,"cran_downloads",44412
"rphylopic",2025-10-16,"cran_downloads",44450
"rphylopic",2025-10-17,"cran_downloads",44582
"rphylopic",2025-10-18,"cran_downloads",44612
"rphylopic",2025-10-19,"cran_downloads",44657
"rphylopic",2025-10-20,"cran_downloads",44695
"rphylopic",2025-10-21,"cran_downloads",44730
"rphylopic",2025-10-22,"cran_downloads",44752
"rphylopic",2025-10-23,"cran_downloads",44768
"rphylopic",2025-10-24,"cran_downloads",44786
"rphylopic",2025-10-25,"cran_downloads",44822
"rphylopic",2025-10-26,"cran_downloads",44865
"rphylopic",2025-10-27,"cran_downloads",44905
"rphylopic",2025-10-28,"cran_downloads",44940
"rphylopic",2025-10-29,"cran_downloads",44962
"rphylopic",2025-10-30,"cran_downloads",44981
"rphylopic",2025-10-31,"cran_downloads",45027
"rphylopic",2025-11-01,"cran_downloads",45051
"rphylopic",2025-11-02,"cran_downloads",45084
"rphylopic",2025-11-03,"cran_downloads",45125
"rphylopic",2025-11-04,"cran_downloads",45172
"rphylopic",2025-11-05,"cran_downloads",45207
"rphylopic",2025-11-06,"cran_downloads",45227
"rphylopic",2025-11-07,"cran_downloads",45241
"rphylopic",2025-11-08,"cran_downloads",45252
"rphylopic",2025-11-09,"cran_downloads",45265
"rphylopic",2025-11-10,"cran_downloads",45314
"rphylopic",2025-11-11,"cran_downloads",45343
"rphylopic",2025-11-12,"cran_downloads",45368
"rphylopic",2025-11-13,"cran_downloads",45390
"rphylopic",2025-11-14,"cran_downloads",45422
"rphylopic",2025-11-15,"cran_downloads",45455
"rphylopic",2025-11-16,"cran_downloads",45519
"rphylopic",2025-11-17,"cran_downloads",45553
"rphylopic",2025-11-18,"cran_downloads",45622
"rphylopic",2025-11-19,"cran_downloads",45680
"rphylopic",2025-11-20,"cran_downloads",45727
"rphylopic",2025-11-21,"cran_downloads",45767
"rphylopic",2025-11-22,"cran_downloads",45786
"rphylopic",2025-11-23,"cran_downloads",45808
"rphylopic",2025-11-24,"cran_downloads",45842
"rphylopic",2025-11-25,"cran_downloads",45868
"rphylopic",2025-11-26,"cran_downloads",45881
"rphylopic",2025-11-27,"cran_downloads",45909
"rphylopic",2025-11-28,"cran_downloads",45941
"rphylopic",2025-11-29,"cran_downloads",45972
"rphylopic",2025-11-30,"cran_downloads",46050
"rphylopic",2025-12-01,"cran_downloads",46088
"rphylopic",2025-12-02,"cran_downloads",46115
"rphylopic",2025-12-03,"cran_downloads",46137
"rphylopic",2025-12-04,"cran_downloads",46154
"rphylopic",2025-12-05,"cran_downloads",46167
"rphylopic",2025-12-06,"cran_downloads",46188
"rphylopic",2025-12-07,"cran_downloads",46201
"rphylopic",2025-12-08,"cran_downloads",46220
"rphylopic",2025-12-09,"cran_downloads",46252
"rphylopic",2025-12-10,"cran_downloads",46273
"rphylopic",2025-12-11,"cran_downloads",46296
"rphylopic",2025-12-12,"cran_downloads",46382
"rphylopic",2025-12-13,"cran_downloads",46502
"rphylopic",2025-12-14,"cran_downloads",46614
"rphylopic",2025-12-15,"cran_downloads",46665
"rphylopic",2025-12-16,"cran_downloads",46701
"rphylopic",2025-12-17,"cran_downloads",46725
"rphylopic",2025-12-18,"cran_downloads",46741
"rphylopic",2025-12-19,"cran_downloads",46756
"rphylopic",2025-12-20,"cran_downloads",46775
"rphylopic",2025-12-21,"cran_downloads",46797
"rphylopic",2025-12-22,"cran_downloads",46830
"rphylopic",2025-12-23,"cran_downloads",46854
"rphylopic",2025-12-24,"cran_downloads",46879
"rphylopic",2025-12-25,"cran_downloads",46889
"rphylopic",2025-12-26,"cran_downloads",46894
"rphylopic",2025-12-27,"cran_downloads",46913
"rphylopic",2025-12-28,"cran_downloads",46927
"rphylopic",2025-12-29,"cran_downloads",46939
"rphylopic",2025-12-30,"cran_downloads",46974
"rphylopic",2025-12-31,"cran_downloads",46986
"rphylopic",2026-01-01,"cran_downloads",47003
"rphylopic",2026-01-02,"cran_downloads",47014
"rphylopic",2026-01-03,"cran_downloads",47033
"rphylopic",2026-01-04,"cran_downloads",47059
"rphylopic",2026-01-05,"cran_downloads",47089
"rphylopic",2026-01-06,"cran_downloads",47100
"rphylopic",2026-01-07,"cran_downloads",47127
"rphylopic",2026-01-08,"cran_downloads",47148
"rphylopic",2026-01-09,"cran_downloads",47161
"rphylopic",2026-01-10,"cran_downloads",47172
"rphylopic",2026-01-11,"cran_downloads",47181
"rphylopic",2026-01-12,"cran_downloads",47213
"rphylopic",2026-01-13,"cran_downloads",47230
"rphylopic",2026-01-14,"cran_downloads",47249
"rphylopic",2026-01-15,"cran_downloads",47279
"rphylopic",2026-01-16,"cran_downloads",47307
"rphylopic",2026-01-17,"cran_downloads",47319
"rphylopic",2026-01-18,"cran_downloads",47329
"rphylopic",2026-01-19,"cran_downloads",47357
"rphylopic",2026-01-20,"cran_downloads",47401
"rphylopic",2026-01-21,"cran_downloads",47438
"rphylopic",2026-01-22,"cran_downloads",47457
"rphylopic",2026-01-23,"cran_downloads",47474
"rphylopic",2026-01-24,"cran_downloads",47487
"rphylopic",2026-01-25,"cran_downloads",47499
"rphylopic",2026-01-26,"cran_downloads",47515
"rphylopic",2026-01-27,"cran_downloads",47548
"rphylopic",2026-01-28,"cran_downloads",47569
"rphylopic",2026-01-29,"cran_downloads",47605
"rphylopic",2026-01-30,"cran_downloads",47640
"rphylopic",2026-01-31,"cran_downloads",47662
"rphylopic",2026-02-01,"cran_downloads",47683
"rphylopic",2026-02-02,"cran_downloads",47713
"rphylopic",2026-02-03,"cran_downloads",47738
"rphylopic",2026-02-04,"cran_downloads",47754
"rphylopic",2026-02-05,"cran_downloads",47785
"rphylopic",2026-02-06,"cran_downloads",47802
"rphylopic",2026-02-07,"cran_downloads",47821
"rphylopic",2026-02-08,"cran_downloads",47831
"rphylopic",2026-02-09,"cran_downloads",47851
"rphylopic",2026-02-10,"cran_downloads",47884
"rphylopic",2026-02-11,"cran_downloads",47916
"rphylopic",2026-02-12,"cran_downloads",47952
"rphylopic",2026-02-13,"cran_downloads",47974
"rphylopic",2026-02-14,"cran_downloads",48003
"rphylopic",2026-02-15,"cran_downloads",48031
"rphylopic",2026-02-16,"cran_downloads",48055
"rphylopic",2026-02-17,"cran_downloads",48081
"rphylopic",2026-02-18,"cran_downloads",48109
"rphylopic",2026-02-19,"cran_downloads",48129
"rphylopic",2026-02-20,"cran_downloads",48154
"rphylopic",2026-02-21,"cran_downloads",48170
"rphylopic",2026-02-22,"cran_downloads",48194
"rphylopic",2026-02-23,"cran_downloads",48211
"rphylopic",2026-02-24,"cran_downloads",48243
"rphylopic",2026-02-25,"cran_downloads",48284
"rphylopic",2026-02-26,"cran_downloads",48326
"rphylopic",2026-02-27,"cran_downloads",48353
"rphylopic",2026-02-28,"cran_downloads",48361
"rphylopic",2026-03-01,"cran_downloads",48373
"rphylopic",2026-03-02,"cran_downloads",48398
"rphylopic",2026-03-03,"cran_downloads",48417
"rphylopic",2026-03-04,"cran_downloads",48458
"rphylopic",2026-03-05,"cran_downloads",48481
"rphylopic",2026-03-06,"cran_downloads",48498
"rphylopic",2026-03-07,"cran_downloads",48513
"rphylopic",2026-03-08,"cran_downloads",48528
"rphylopic",2026-03-09,"cran_downloads",48550
"rphylopic",2026-03-10,"cran_downloads",48580
"rphylopic",2026-03-11,"cran_downloads",48598
"rphylopic",2026-03-12,"cran_downloads",48614
"rphylopic",2026-03-13,"cran_downloads",48626
"rphylopic",2026-03-14,"cran_downloads",48658
"rphylopic",2026-03-15,"cran_downloads",48671
"rphylopic",2026-03-16,"cran_downloads",48690
"rphylopic",2026-03-17,"cran_downloads",48721
"rphylopic",2026-03-18,"cran_downloads",48750
"rphylopic",2026-03-19,"cran_downloads",48774
"rphylopic",2026-03-20,"cran_downloads",48797
"rphylopic",2026-03-21,"cran_downloads",48814
"rphylopic",2026-03-22,"cran_downloads",48820
"rphylopic",2026-03-23,"cran_downloads",48838
"rphylopic",2026-03-24,"cran_downloads",48852
"rphylopic",2026-03-25,"cran_downloads",48876
"rphylopic",2026-03-26,"cran_downloads",48898
"rphylopic",2026-03-27,"cran_downloads",48931
"rphylopic",2026-03-28,"cran_downloads",48939
"rphylopic",2026-03-29,"cran_downloads",48950
"rphylopic",2026-03-30,"cran_downloads",48970
"rphylopic",2026-03-31,"cran_downloads",49062
"rphylopic",2026-04-01,"cran_downloads",49083
"rphylopic",2026-04-02,"cran_downloads",49098
"rphylopic",2026-04-03,"cran_downloads",49112
"rphylopic",2026-04-04,"cran_downloads",49130
"rphylopic",2026-04-05,"cran_downloads",49148
"rphylopic",2026-04-06,"cran_downloads",49168
"rphylopic",2026-04-07,"cran_downloads",49188
"rphylopic",2026-04-08,"cran_downloads",49211
"rphylopic",2026-04-09,"cran_downloads",49230
"rphylopic",2026-04-10,"cran_downloads",49243
"rphylopic",2026-04-11,"cran_downloads",49257
"rphylopic",2026-04-12,"cran_downloads",49268
"rphylopic",2026-04-13,"cran_downloads",49297
"rphylopic",2026-04-14,"cran_downloads",49339
"rphylopic",2026-04-15,"cran_downloads",49357
"rphylopic",2026-04-16,"cran_downloads",49390
"rphylopic",2026-04-17,"cran_downloads",49411
"rphylopic",2026-04-18,"cran_downloads",49437
"rphylopic",2026-04-19,"cran_downloads",49457
"rphylopic",2026-04-20,"cran_downloads",49481
"rphylopic",2026-04-21,"cran_downloads",49511
"rphylopic",2026-04-22,"cran_downloads",49551
"rphylopic",2026-04-23,"cran_downloads",49598
"rphylopic",2026-04-24,"cran_downloads",49614
"rphylopic",2026-04-25,"cran_downloads",49637
"rphylopic",2026-04-26,"cran_downloads",49653
"rphylopic",2026-04-27,"cran_downloads",49683
"rphylopic",2026-04-28,"cran_downloads",49722
"rphylopic",2026-04-29,"cran_downloads",49754
"rphylopic",2026-04-30,"cran_downloads",49780
"rphylopic",2026-05-01,"cran_downloads",49821
"rphylopic",2026-05-02,"cran_downloads",49829
"rphylopic",2026-05-03,"cran_downloads",49847
"rphylopic",2026-05-04,"cran_downloads",49885
"rphylopic",2026-05-05,"cran_downloads",49913
"rphylopic",2026-05-06,"cran_downloads",49931
"rphylopic",2026-05-07,"cran_downloads",49967
"rphylopic",2026-05-08,"cran_downloads",50001
"rphylopic",2026-05-09,"cran_downloads",50009
"rphylopic",2026-05-10,"cran_downloads",50019
"rphylopic",2026-05-11,"cran_downloads",50060
"rphylopic",2026-05-12,"cran_downloads",50075
"rphylopic",2026-05-13,"cran_downloads",50099
"rphylopic",2026-05-14,"cran_downloads",50118
"rphylopic",2026-05-15,"cran_downloads",50135
"rphylopic",2026-05-16,"cran_downloads",50150
"rphylopic",2026-05-17,"cran_downloads",50168
"rphylopic",2026-05-18,"cran_downloads",50201
"rphylopic",2026-05-19,"cran_downloads",50232
"rphylopic",2026-05-20,"cran_downloads",50251
"rphylopic",2026-05-21,"cran_downloads",50275
"rphylopic",2026-05-22,"cran_downloads",50291
"rphylopic",2026-05-23,"cran_downloads",50296
"rphylopic",2026-05-24,"cran_downloads",50303
"rphylopic",2026-05-25,"cran_downloads",50313
"rphylopic",2026-05-26,"cran_downloads",50350
"rphylopic",2026-05-27,"cran_downloads",50370
"rphylopic",2026-05-28,"cran_downloads",50388
"rphylopic",2026-05-29,"cran_downloads",50419
"rphylopic",2026-05-30,"cran_downloads",50437
"rphylopic",2026-05-31,"cran_downloads",50447
"rphylopic",2026-06-01,"cran_downloads",50469
"rphylopic",2026-06-02,"cran_downloads",50486
"rphylopic",2026-06-03,"cran_downloads",50520
"rphylopic",2026-06-04,"cran_downloads",50540
"rphylopic",2026-06-05,"cran_downloads",50554
"rphylopic",2026-06-06,"cran_downloads",50587
"rphylopic",2026-06-07,"cran_downloads",50604
"rphylopic",2026-06-08,"cran_downloads",50634
"rphylopic",2026-06-09,"cran_downloads",50685
"rphylopic",2026-06-10,"cran_downloads",50709
"rphylopic",2026-06-11,"cran_downloads",50738
"rphylopic",2026-06-12,"cran_downloads",50774
"rphylopic",2026-06-13,"cran_downloads",50788
"rphylopic",2026-06-14,"cran_downloads",50822
"rphylopic",2026-06-15,"cran_downloads",50830
"rphylopic",2026-06-16,"cran_downloads",50852
"rphylopic",2026-06-17,"cran_downloads",50865
"rphylopic",2026-06-18,"cran_downloads",50897
"rphylopic",2026-06-19,"cran_downloads",50922
"rphylopic",2026-06-20,"cran_downloads",50942
"rphylopic",2026-06-21,"cran_downloads",50959
"rphylopic",2026-06-22,"cran_downloads",50982
"rphylopic",2026-06-23,"cran_downloads",51003
"rphylopic",2026-06-24,"cran_downloads",51009
"rphylopic",2026-06-25,"cran_downloads",51028
"rphylopic",2026-06-26,"cran_downloads",51041
"rphylopic",2026-06-27,"cran_downloads",51049
"rphylopic",2026-06-28,"cran_downloads",51061
"rphylopic",2026-06-29,"cran_downloads",51075
"rphylopic",2026-06-30,"cran_downloads",51087
"rphylopic",2026-07-01,"cran_downloads",51140
"rphylopic",2026-07-02,"cran_downloads",51184
"rphylopic",2026-07-03,"cran_downloads",51218
"rphylopic",2026-07-04,"cran_downloads",51234
"rphylopic",2026-07-05,"cran_downloads",51268
"rphylopic",2026-07-06,"cran_downloads",51315
"rphylopic",2026-07-07,"cran_downloads",51344
"rphylopic",2026-07-08,"cran_downloads",51362
"rphylopic",2026-07-09,"cran_downloads",51403
"rphylopic",2026-07-10,"cran_downloads",51420
"rphylopic",2026-07-11,"cran_downloads",51426
"rphylopic",2026-07-12,"cran_downloads",51445
"rphylopic",2026-07-13,"cran_downloads",51479
"rphylopic",2026-07-14,"cran_downloads",51517
"rphylopic",2026-07-15,"cran_downloads",51549
"rphylopic",2026-07-16,"cran_downloads",51584
"rphylopic",2026-07-17,"cran_downloads",51609
"rphylopic",2026-07-18,"cran_downloads",51616
"rphylopic",2026-07-19,"cran_downloads",51629
"rphylopic",2026-07-20,"cran_downloads",51658
"rphylopic",2026-07-21,"cran_downloads",51681
"rphylopic",2026-07-22,"cran_downloads",51712
"rphylopic",2026-07-23,"cran_downloads",51734
"rphylopic",2026-07-24,"cran_downloads",51752
"rphylopic",2026-07-25,"cran_downloads",51759
"rphylopic",2026-07-26,"cran_downloads",51769
"rphylopic",2026-07-27,"cran_downloads",51788
"rphylopic",2026-07-28,"cran_downloads",51805
"rphylopic",2026-07-29,"cran_downloads",51831
"rphylopic",2026-07-30,"cran_downloads",51855
"rphylopic",2026-07-31,"cran_downloads",51869
"rphylopic",2026-08-01,"cran_downloads",51873
"rphylopic",2026-08-02,"cran_downloads",51883
"rphylopic",2026-08-03,"cran_downloads",51898
"rphylopic",2026-08-04,"cran_downloads",51916
"rphylopic",2026-08-05,"cran_downloads",51932
"rphylopic",2026-08-06,"cran_downloads",51950
"rphylopic",2026-08-07,"cran_downloads",51956
"rphylopic",2026-08-08,"cran_downloads",51994
"rphylopic",2026-08-09,"cran_downloads",52015
"rphylopic",2026-08-10,"cran_downloads",52035
"rphylopic",2026-08-11,"cran_downloads",52058
"rphylopic",2026-08-12,"cran_downloads",52081
"rphylopic",2026-08-13,"cran_downloads",52107
"rphylopic",2026-08-14,"cran_downloads",52143
"rphylopic",2026-08-15,"cran_downloads",52185
"rphylopic",2026-08-16,"cran_downloads",52194
"rphylopic",2026-08-17,"cran_downloads",52228
"rphylopic",2026-08-18,"cran_downloads",52265
"rphylopic",2026-08-19,"cran_downloads",52286
"rphylopic",2026-08-20,"cran_downloads",52297
"rphylopic",2026-08-21,"cran_downloads",52346
"rphylopic",2026-08-22,"cran_downloads",52366
"rphylopic",2026-08-23,"cran_downloads",52376
"rphylopic",2026-08-24,"cran_downloads",52409
"rphylopic",2026-08-25,"cran_downloads",52449
"rphylopic",2026-08-26,"cran_downloads",52479
"rphylopic",2026-08-27,"cran_downloads",52510
"rphylopic",2026-08-28,"cran_downloads",52532
"rphylopic",2026-08-29,"cran_downloads",52560
"rphylopic",2026-08-30,"cran_downloads",52575
"rphylopic",2026-08-31,"cran_downloads",52599
"rphylopic",2026-09-01,"cran_downloads",52646
"rphylopic",2026-09-02,"cran_downloads",52671
"rphylopic",2026-09-03,"cran_downloads",52671
"rphylopic",2026-09-04,"cran_downloads",52671
"rphylopic",2026-09-05,"cran_downloads",52671
"rphylopic",2018-11-19,"cran_releases",1
"rphylopic",2020-06-04,"cran_releases",2
"rphylopic",2023-03-20,"cran_releases",3
"rphylopic",2023-06-30,"cran_releases",4
"rphylopic",2023-07-08,"cran_releases",5
"rphylopic",2023-08-29,"cran_releases",6
"rphylopic",2023-10-10,"cran_releases",7
"rphylopic",2023-10-28,"cran_releases",8
"rphylopic",2023-12-20,"cran_releases",9
"rphylopic",2024-04-23,"cran_releases",10
"rphylopic",2024-09-04,"cran_releases",11
"rphylopic",2025-11-18,"cran_releases",12
"rphylopic",2026-07-08,"cran_releases",13
"rphylopic",2014-07-08,"forks",1
"rphylopic",2014-09-18,"forks",2
"rphylopic",2015-06-23,"forks",3
"rphylopic",2019-09-13,"forks",4
"rphylopic",2020-01-13,"forks",5
"rphylopic",2020-10-06,"forks",6
"rphylopic",2022-02-18,"forks",7
"rphylopic",2024-02-27,"forks",8
"rphylopic",2025-05-01,"forks",9
"rphylopic",2025-06-18,"forks",10
"rphylopic",2025-07-08,"forks",11
"rphylopic",2025-07-27,"forks",12
"rphylopic",2013-04-11,"github_stars",2
"rphylopic",2013-04-12,"github_stars",3
"rphylopic",2013-10-30,"github_stars",4
"rphylopic",2013-11-30,"github_stars",5
"rphylopic",2014-06-12,"github_stars",6
"rphylopic",2014-08-22,"github_stars",7
"rphylopic",2014-09-10,"github_stars",8
"rphylopic",2014-09-18,"github_stars",9
"rphylopic",2014-09-19,"github_stars",11
"rphylopic",2014-09-22,"github_stars",14
"rphylopic",2015-02-11,"github_stars",15
"rphylopic",2015-02-12,"github_stars",16
"rphylopic",2015-05-15,"github_stars",17
"rphylopic",2015-06-12,"github_stars",18
"rphylopic",2015-08-25,"github_stars",19
"rphylopic",2015-10-11,"github_stars",20
"rphylopic",2015-11-24,"github_stars",21
"rphylopic",2016-03-24,"github_stars",22
"rphylopic",2016-05-01,"github_stars",24
"rphylopic",2016-05-02,"github_stars",25
"rphylopic",2016-05-16,"github_stars",26
"rphylopic",2016-05-31,"github_stars",27
"rphylopic",2016-08-02,"github_stars",28
"rphylopic",2016-12-13,"github_stars",29
"rphylopic",2017-06-06,"github_stars",30
"rphylopic",2017-06-18,"github_stars",31
"rphylopic",2017-06-19,"github_stars",32
"rphylopic",2017-07-10,"github_stars",33
"rphylopic",2017-07-11,"github_stars",34
"rphylopic",2017-08-25,"github_stars",35
"rphylopic",2017-09-19,"github_stars",36
"rphylopic",2017-10-01,"github_stars",37
"rphylopic",2017-10-07,"github_stars",38
"rphylopic",2018-02-23,"github_stars",40
"rphylopic",2018-02-27,"github_stars",41
"rphylopic",2018-03-13,"github_stars",42
"rphylopic",2018-03-15,"github_stars",43
"rphylopic",2018-09-11,"github_stars",45
"rphylopic",2018-11-07,"github_stars",46
"rphylopic",2018-11-20,"github_stars",47
"rphylopic",2018-11-22,"github_stars",48
"rphylopic",2018-12-03,"github_stars",50
"rphylopic",2018-12-05,"github_stars",52
"rphylopic",2018-12-16,"github_stars",53
"rphylopic",2018-12-18,"github_stars",54
"rphylopic",2019-02-05,"github_stars",55
"rphylopic",2019-10-04,"github_stars",56
"rphylopic",2019-10-28,"github_stars",57
"rphylopic",2019-11-27,"github_stars",58
"rphylopic",2020-01-05,"github_stars",60
"rphylopic",2020-01-06,"github_stars",61
"rphylopic",2020-01-13,"github_stars",62
"rphylopic",2020-03-08,"github_stars",63
"rphylopic",2020-03-20,"github_stars",64
"rphylopic",2020-08-23,"github_stars",65
"rphylopic",2021-04-09,"github_stars",66
"rphylopic",2021-04-21,"github_stars",67
"rphylopic",2021-10-12,"github_stars",68
"rphylopic",2021-11-08,"github_stars",69
"rphylopic",2021-11-11,"github_stars",70
"rphylopic",2021-11-26,"github_stars",71
"rphylopic",2022-03-03,"github_stars",72
"rphylopic",2022-03-30,"github_stars",74
"rphylopic",2022-06-03,"github_stars",75
"rphylopic",2023-02-14,"github_stars",76
"rphylopic",2023-03-20,"github_stars",77
"rphylopic",2023-03-22,"github_stars",78
"rphylopic",2023-03-25,"github_stars",79
"rphylopic",2023-03-28,"github_stars",80
"rphylopic",2023-03-31,"github_stars",81
"rphylopic",2023-04-18,"github_stars",82
"rphylopic",2023-04-20,"github_stars",83
"rphylopic",2023-06-01,"github_stars",84
"rphylopic",2023-10-04,"github_stars",85
"rphylopic",2023-11-17,"github_stars",86
"rphylopic",2024-02-27,"github_stars",87
"rphylopic",2024-03-28,"github_stars",88
"rphylopic",2024-08-19,"github_stars",89
"rphylopic",2024-10-15,"github_stars",90
"rphylopic",2024-12-16,"github_stars",91
"rphylopic",2025-05-03,"github_stars",92
"rphylopic",2025-05-06,"github_stars",93
"rphylopic",2025-05-08,"github_stars",94
"rphylopic",2025-06-06,"github_stars",95
"rphylopic",2025-09-25,"github_stars",96
"rphylopic",2026-05-19,"github_stars",97
"rphylopic",2013-06-04,"issues",3
"rphylopic",2013-06-08,"issues",4
"rphylopic",2014-06-02,"issues",5
"rphylopic",2014-07-07,"issues",6
"rphylopic",2014-09-18,"issues",7
"rphylopic",2014-11-06,"issues",8
"rphylopic",2015-08-07,"issues",9
"rphylopic",2016-01-12,"issues",10
"rphylopic",2017-07-10,"issues",11
"rphylopic",2017-12-21,"issues",12
"rphylopic",2018-02-01,"issues",13
"rphylopic",2018-02-27,"issues",15
"rphylopic",2018-03-16,"issues",16
"rphylopic",2018-11-09,"issues",17
"rphylopic",2019-08-22,"issues",18
"rphylopic",2019-08-23,"issues",19
"rphylopic",2019-10-28,"issues",20
"rphylopic",2020-05-22,"issues",21
"rphylopic",2020-05-27,"issues",22
"rphylopic",2020-07-15,"issues",23
"rphylopic",2021-02-22,"issues",24
"rphylopic",2022-02-15,"issues",25
"rphylopic",2022-02-22,"issues",26
"rphylopic",2022-09-20,"issues",27
"rphylopic",2023-02-24,"issues",28
"rphylopic",2023-03-08,"issues",29
"rphylopic",2023-03-14,"issues",31
"rphylopic",2023-03-27,"issues",33
"rphylopic",2023-03-29,"issues",35
"rphylopic",2023-04-01,"issues",36
"rphylopic",2023-04-04,"issues",37
"rphylopic",2023-04-20,"issues",38
"rphylopic",2023-04-21,"issues",39
"rphylopic",2023-04-23,"issues",40
"rphylopic",2023-06-14,"issues",41
"rphylopic",2023-06-18,"issues",43
"rphylopic",2023-06-28,"issues",45
"rphylopic",2023-07-07,"issues",46
"rphylopic",2023-07-13,"issues",47
"rphylopic",2023-08-22,"issues",53
"rphylopic",2023-08-25,"issues",54
"rphylopic",2023-08-26,"issues",55
"rphylopic",2023-08-27,"issues",57
"rphylopic",2023-08-30,"issues",60
"rphylopic",2023-10-10,"issues",61
"rphylopic",2023-10-27,"issues",62
"rphylopic",2023-11-21,"issues",63
"rphylopic",2023-12-01,"issues",64
"rphylopic",2023-12-16,"issues",65
"rphylopic",2023-12-20,"issues",66
"rphylopic",2024-01-31,"issues",67
"rphylopic",2024-02-04,"issues",68
"rphylopic",2024-03-11,"issues",69
"rphylopic",2024-04-23,"issues",70
"rphylopic",2024-05-14,"issues",71
"rphylopic",2024-08-28,"issues",72
"rphylopic",2024-09-03,"issues",73
"rphylopic",2025-05-05,"issues",74
"rphylopic",2025-05-06,"issues",75
"rphylopic",2025-06-23,"issues",76
"rphylopic",2025-07-08,"issues",77
"rphylopic",2025-07-31,"issues",78
"rphylopic",2025-08-11,"issues",79
"rphylopic",2025-09-22,"issues",80
"rphylopic",2025-09-26,"issues",81
"rphylopic",2025-10-13,"issues",82
"rphylopic",2025-11-14,"issues",83
"rphylopic",2025-11-17,"issues",85
"rphylopic",2026-05-11,"issues",87
"rphylopic",2026-07-07,"issues",88
"rphylopic",2026-07-08,"issues",89
"rphylopic",2026-07-09,"issues",90
"rphylopic",2013-04-07,"lines_of_code",78
"rphylopic",2013-04-08,"lines_of_code",78
"rphylopic",2013-04-10,"lines_of_code",103
"rphylopic",2013-04-11,"lines_of_code",157
"rphylopic",2013-05-29,"lines_of_code",157
"rphylopic",2013-06-04,"lines_of_code",159
"rphylopic",2013-10-30,"lines_of_code",159
"rphylopic",2014-06-02,"lines_of_code",191
"rphylopic",2014-06-15,"lines_of_code",208
"rphylopic",2014-07-08,"lines_of_code",235
"rphylopic",2014-09-18,"lines_of_code",255
"rphylopic",2014-11-06,"lines_of_code",303
"rphylopic",2014-11-07,"lines_of_code",308
"rphylopic",2015-05-06,"lines_of_code",352
"rphylopic",2015-07-02,"lines_of_code",377
"rphylopic",2015-07-06,"lines_of_code",377
"rphylopic",2015-08-05,"lines_of_code",377
"rphylopic",2015-08-07,"lines_of_code",448
"rphylopic",2016-01-14,"lines_of_code",435
"rphylopic",2017-12-21,"lines_of_code",436
"rphylopic",2018-02-27,"lines_of_code",451
"rphylopic",2018-02-28,"lines_of_code",451
"rphylopic",2018-11-09,"lines_of_code",437
"rphylopic",2018-11-19,"lines_of_code",437
"rphylopic",2019-09-11,"lines_of_code",437
"rphylopic",2019-09-17,"lines_of_code",437
"rphylopic",2019-10-30,"lines_of_code",437
"rphylopic",2020-05-26,"lines_of_code",437
"rphylopic",2020-06-02,"lines_of_code",446
"rphylopic",2020-06-03,"lines_of_code",446
"rphylopic",2020-06-06,"lines_of_code",446
"rphylopic",2020-08-10,"lines_of_code",451
"rphylopic",2022-03-01,"lines_of_code",523
"rphylopic",2023-03-07,"lines_of_code",514
"rphylopic",2023-03-08,"lines_of_code",520
"rphylopic",2023-03-14,"lines_of_code",521
"rphylopic",2023-03-18,"lines_of_code",521
"rphylopic",2023-03-20,"lines_of_code",521
"rphylopic",2023-03-31,"lines_of_code",731
"rphylopic",2023-04-20,"lines_of_code",747
"rphylopic",2023-04-21,"lines_of_code",877
"rphylopic",2023-04-25,"lines_of_code",873
"rphylopic",2023-04-27,"lines_of_code",954
"rphylopic",2023-05-04,"lines_of_code",959
"rphylopic",2023-06-15,"lines_of_code",959
"rphylopic",2023-06-29,"lines_of_code",955
"rphylopic",2023-06-30,"lines_of_code",955
"rphylopic",2023-07-07,"lines_of_code",974
"rphylopic",2023-07-08,"lines_of_code",974
"rphylopic",2023-07-14,"lines_of_code",1015
"rphylopic",2023-07-18,"lines_of_code",1070
"rphylopic",2023-07-20,"lines_of_code",1070
"rphylopic",2023-08-22,"lines_of_code",1107
"rphylopic",2023-08-24,"lines_of_code",1136
"rphylopic",2023-08-25,"lines_of_code",1191
"rphylopic",2023-08-27,"lines_of_code",1347
"rphylopic",2023-08-28,"lines_of_code",1428
"rphylopic",2023-08-29,"lines_of_code",1449
"rphylopic",2023-08-30,"lines_of_code",1449
"rphylopic",2023-10-10,"lines_of_code",1454
"rphylopic",2023-10-11,"lines_of_code",1454
"rphylopic",2023-10-27,"lines_of_code",1471
"rphylopic",2023-10-28,"lines_of_code",1471
"rphylopic",2023-11-09,"lines_of_code",1471
"rphylopic",2023-11-15,"lines_of_code",1477
"rphylopic",2023-11-20,"lines_of_code",1485
"rphylopic",2023-12-01,"lines_of_code",1487
"rphylopic",2023-12-19,"lines_of_code",1491
"rphylopic",2023-12-20,"lines_of_code",1781
"rphylopic",2024-01-03,"lines_of_code",1845
"rphylopic",2024-01-22,"lines_of_code",1895
"rphylopic",2024-01-23,"lines_of_code",1895
"rphylopic",2024-03-08,"lines_of_code",1895
"rphylopic",2024-03-09,"lines_of_code",1895
"rphylopic",2024-03-12,"lines_of_code",1904
"rphylopic",2024-04-01,"lines_of_code",1910
"rphylopic",2024-04-02,"lines_of_code",1910
"rphylopic",2024-04-23,"lines_of_code",1910
"rphylopic",2024-05-01,"lines_of_code",1910
"rphylopic",2024-07-24,"lines_of_code",1910
"rphylopic",2024-09-03,"lines_of_code",2181
"rphylopic",2024-09-04,"lines_of_code",2180
"rphylopic",2024-10-02,"lines_of_code",2192
"rphylopic",2025-05-02,"lines_of_code",2192
"rphylopic",2025-05-06,"lines_of_code",2342
"rphylopic",2025-07-08,"lines_of_code",2367
"rphylopic",2025-07-09,"lines_of_code",2367
"rphylopic",2025-08-21,"lines_of_code",2367
"rphylopic",2025-09-02,"lines_of_code",2367
"rphylopic",2025-10-03,"lines_of_code",2373
"rphylopic",2025-10-27,"lines_of_code",2373
"rphylopic",2025-11-14,"lines_of_code",2373
"rphylopic",2025-11-17,"lines_of_code",2410
"rphylopic",2025-11-18,"lines_of_code",2410
"rphylopic",2025-11-21,"lines_of_code",2410
"rphylopic",2026-05-07,"lines_of_code",2410
"rphylopic",2026-05-15,"lines_of_code",2635
"rphylopic",2026-05-18,"lines_of_code",2635
"rphylopic",2026-07-07,"lines_of_code",2768
"rphylopic",2026-07-08,"lines_of_code",2749
"rphylopic",2026-07-09,"lines_of_code",2749
"rphylopic",2026-07-20,"lines_of_code",2749
"rphylopic",2013-04-07,"mean_cyclomatic_complexity",2.33333333333333
"rphylopic",2013-04-08,"mean_cyclomatic_complexity",2.33333333333333
"rphylopic",2013-04-10,"mean_cyclomatic_complexity",2.33333333333333
"rphylopic",2013-04-11,"mean_cyclomatic_complexity",1.8
"rphylopic",2013-05-29,"mean_cyclomatic_complexity",1.8
"rphylopic",2013-06-04,"mean_cyclomatic_complexity",1.86666666666667
"rphylopic",2013-10-30,"mean_cyclomatic_complexity",1.86666666666667
"rphylopic",2014-06-02,"mean_cyclomatic_complexity",1.6
"rphylopic",2014-06-15,"mean_cyclomatic_complexity",1.8
"rphylopic",2014-07-08,"mean_cyclomatic_complexity",2.26666666666667
"rphylopic",2014-09-18,"mean_cyclomatic_complexity",2.25
"rphylopic",2014-11-06,"mean_cyclomatic_complexity",1.7741935483871
"rphylopic",2014-11-07,"mean_cyclomatic_complexity",1.66666666666667
"rphylopic",2015-05-06,"mean_cyclomatic_complexity",1.65853658536585
"rphylopic",2015-07-02,"mean_cyclomatic_complexity",1.81395348837209
"rphylopic",2015-07-06,"mean_cyclomatic_complexity",1.81395348837209
"rphylopic",2015-08-05,"mean_cyclomatic_complexity",1.81395348837209
"rphylopic",2015-08-07,"mean_cyclomatic_complexity",1.88888888888889
"rphylopic",2016-01-14,"mean_cyclomatic_complexity",1.71111111111111
"rphylopic",2017-12-21,"mean_cyclomatic_complexity",1.71111111111111
"rphylopic",2018-02-27,"mean_cyclomatic_complexity",1.70454545454545
"rphylopic",2018-02-28,"mean_cyclomatic_complexity",1.70454545454545
"rphylopic",2018-11-09,"mean_cyclomatic_complexity",1.72727272727273
"rphylopic",2018-11-19,"mean_cyclomatic_complexity",1.72727272727273
"rphylopic",2019-09-11,"mean_cyclomatic_complexity",1.72727272727273
"rphylopic",2019-09-17,"mean_cyclomatic_complexity",1.72727272727273
"rphylopic",2019-10-30,"mean_cyclomatic_complexity",1.72727272727273
"rphylopic",2020-05-26,"mean_cyclomatic_complexity",1.72727272727273
"rphylopic",2020-06-02,"mean_cyclomatic_complexity",1.72727272727273
"rphylopic",2020-06-03,"mean_cyclomatic_complexity",1.72727272727273
"rphylopic",2020-06-06,"mean_cyclomatic_complexity",1.72727272727273
"rphylopic",2020-08-10,"mean_cyclomatic_complexity",1.75
"rphylopic",2022-03-01,"mean_cyclomatic_complexity",1.8125
"rphylopic",2023-03-07,"mean_cyclomatic_complexity",6.2
"rphylopic",2023-03-08,"mean_cyclomatic_complexity",6.33333333333333
"rphylopic",2023-03-14,"mean_cyclomatic_complexity",6.33333333333333
"rphylopic",2023-03-18,"mean_cyclomatic_complexity",6.33333333333333
"rphylopic",2023-03-20,"mean_cyclomatic_complexity",6.33333333333333
"rphylopic",2023-03-31,"mean_cyclomatic_complexity",5.5
"rphylopic",2023-04-20,"mean_cyclomatic_complexity",5.57142857142857
"rphylopic",2023-04-21,"mean_cyclomatic_complexity",4.7741935483871
"rphylopic",2023-04-25,"mean_cyclomatic_complexity",4.74193548387097
"rphylopic",2023-04-27,"mean_cyclomatic_complexity",5.19354838709677
"rphylopic",2023-05-04,"mean_cyclomatic_complexity",5.2258064516129
"rphylopic",2023-06-15,"mean_cyclomatic_complexity",5.2258064516129
"rphylopic",2023-06-29,"mean_cyclomatic_complexity",5.2258064516129
"rphylopic",2023-06-30,"mean_cyclomatic_complexity",5.2258064516129
"rphylopic",2023-07-07,"mean_cyclomatic_complexity",9.06451612903226
"rphylopic",2023-07-08,"mean_cyclomatic_complexity",9.06451612903226
"rphylopic",2023-07-14,"mean_cyclomatic_complexity",9.21875
"rphylopic",2023-07-18,"mean_cyclomatic_complexity",9.59375
"rphylopic",2023-07-20,"mean_cyclomatic_complexity",9.59375
"rphylopic",2023-08-22,"mean_cyclomatic_complexity",9.875
"rphylopic",2023-08-24,"mean_cyclomatic_complexity",10.1875
"rphylopic",2023-08-25,"mean_cyclomatic_complexity",9.5
"rphylopic",2023-08-27,"mean_cyclomatic_complexity",9.43589743589744
"rphylopic",2023-08-28,"mean_cyclomatic_complexity",9.41025641025641
"rphylopic",2023-08-29,"mean_cyclomatic_complexity",9.41025641025641
"rphylopic",2023-08-30,"mean_cyclomatic_complexity",9.41025641025641
"rphylopic",2023-10-10,"mean_cyclomatic_complexity",9.41025641025641
"rphylopic",2023-10-11,"mean_cyclomatic_complexity",9.41025641025641
"rphylopic",2023-10-27,"mean_cyclomatic_complexity",9.2
"rphylopic",2023-10-28,"mean_cyclomatic_complexity",9.2
"rphylopic",2023-11-09,"mean_cyclomatic_complexity",9.2
"rphylopic",2023-11-15,"mean_cyclomatic_complexity",9.2
"rphylopic",2023-11-20,"mean_cyclomatic_complexity",9.2
"rphylopic",2023-12-01,"mean_cyclomatic_complexity",9.2
"rphylopic",2023-12-19,"mean_cyclomatic_complexity",9.225
"rphylopic",2023-12-20,"mean_cyclomatic_complexity",8.97777777777778
"rphylopic",2024-01-03,"mean_cyclomatic_complexity",8.93478260869565
"rphylopic",2024-01-22,"mean_cyclomatic_complexity",8.74468085106383
"rphylopic",2024-01-23,"mean_cyclomatic_complexity",8.74468085106383
"rphylopic",2024-03-08,"mean_cyclomatic_complexity",8.74468085106383
"rphylopic",2024-03-09,"mean_cyclomatic_complexity",8.74468085106383
"rphylopic",2024-03-12,"mean_cyclomatic_complexity",8.78723404255319
"rphylopic",2024-04-01,"mean_cyclomatic_complexity",8.78723404255319
"rphylopic",2024-04-02,"mean_cyclomatic_complexity",8.78723404255319
"rphylopic",2024-04-23,"mean_cyclomatic_complexity",8.78723404255319
"rphylopic",2024-05-01,"mean_cyclomatic_complexity",8.78723404255319
"rphylopic",2024-07-24,"mean_cyclomatic_complexity",8.78723404255319
"rphylopic",2024-09-03,"mean_cyclomatic_complexity",9.10204081632653
"rphylopic",2024-09-04,"mean_cyclomatic_complexity",9.10204081632653
"rphylopic",2024-10-02,"mean_cyclomatic_complexity",9.10204081632653
"rphylopic",2025-05-02,"mean_cyclomatic_complexity",9.10204081632653
"rphylopic",2025-05-06,"mean_cyclomatic_complexity",9.08
"rphylopic",2025-07-08,"mean_cyclomatic_complexity",9.08
"rphylopic",2025-07-09,"mean_cyclomatic_complexity",9.08
"rphylopic",2025-08-21,"mean_cyclomatic_complexity",9.08
"rphylopic",2025-09-02,"mean_cyclomatic_complexity",9.08
"rphylopic",2025-10-03,"mean_cyclomatic_complexity",9.06
"rphylopic",2025-10-27,"mean_cyclomatic_complexity",9.06
"rphylopic",2025-11-14,"mean_cyclomatic_complexity",9.06
"rphylopic",2025-11-17,"mean_cyclomatic_complexity",9.22
"rphylopic",2025-11-18,"mean_cyclomatic_complexity",9.22
"rphylopic",2025-11-21,"mean_cyclomatic_complexity",9.22
"rphylopic",2026-05-07,"mean_cyclomatic_complexity",9.22
"rphylopic",2026-05-15,"mean_cyclomatic_complexity",9.40740740740741
"rphylopic",2026-05-18,"mean_cyclomatic_complexity",9.40740740740741
"rphylopic",2026-07-07,"mean_cyclomatic_complexity",9.25
"rphylopic",2026-07-08,"mean_cyclomatic_complexity",9.14285714285714
"rphylopic",2026-07-09,"mean_cyclomatic_complexity",9.14285714285714
"rphylopic",2026-07-20,"mean_cyclomatic_complexity",9.14285714285714
"rphylopic",2014-07-08,"merged_pull_requests",1
"rphylopic",2014-09-18,"merged_pull_requests",2
"rphylopic",2015-07-02,"merged_pull_requests",3
"rphylopic",2015-07-06,"merged_pull_requests",4
"rphylopic",2019-09-17,"merged_pull_requests",5
"rphylopic",2020-06-02,"merged_pull_requests",6
"rphylopic",2020-08-10,"merged_pull_requests",7
"rphylopic",2022-03-01,"merged_pull_requests",8
"rphylopic",2023-03-07,"merged_pull_requests",9
"rphylopic",2023-03-31,"merged_pull_requests",10
"rphylopic",2023-04-20,"merged_pull_requests",11
"rphylopic",2023-04-21,"merged_pull_requests",12
"rphylopic",2023-04-25,"merged_pull_requests",13
"rphylopic",2023-04-27,"merged_pull_requests",15
"rphylopic",2023-06-29,"merged_pull_requests",16
"rphylopic",2023-07-14,"merged_pull_requests",18
"rphylopic",2023-07-18,"merged_pull_requests",19
"rphylopic",2023-08-22,"merged_pull_requests",20
"rphylopic",2023-08-24,"merged_pull_requests",21
"rphylopic",2023-08-25,"merged_pull_requests",24
"rphylopic",2023-08-27,"merged_pull_requests",27
"rphylopic",2023-11-15,"merged_pull_requests",28
"rphylopic",2023-11-20,"merged_pull_requests",29
"rphylopic",2023-12-01,"merged_pull_requests",30
"rphylopic",2023-12-19,"merged_pull_requests",31
"rphylopic",2023-12-20,"merged_pull_requests",32
"rphylopic",2024-01-03,"merged_pull_requests",33
"rphylopic",2024-01-22,"merged_pull_requests",34
"rphylopic",2024-03-12,"merged_pull_requests",35
"rphylopic",2024-09-03,"merged_pull_requests",36
"rphylopic",2025-05-02,"merged_pull_requests",37
"rphylopic",2025-05-06,"merged_pull_requests",38
"rphylopic",2025-10-03,"merged_pull_requests",40
"rphylopic",2025-10-27,"merged_pull_requests",41
"rphylopic",2025-11-14,"merged_pull_requests",42
"rphylopic",2025-11-17,"merged_pull_requests",44
"rphylopic",2026-05-07,"merged_pull_requests",45
"rphylopic",2026-05-15,"merged_pull_requests",46
"rphylopic",2026-05-18,"merged_pull_requests",47
"rphylopic",2026-07-07,"merged_pull_requests",50
"rphylopic",2026-07-20,"merged_pull_requests",51
"rphylopic",2013-06-04,"open_issues",2
"rphylopic",2013-06-08,"open_issues",3
"rphylopic",2014-06-02,"open_issues",4
"rphylopic",2014-07-07,"open_issues",5
"rphylopic",2014-07-08,"open_issues",4
"rphylopic",2014-09-18,"open_issues",5
"rphylopic",2014-11-06,"open_issues",6
"rphylopic",2015-07-12,"open_issues",5
"rphylopic",2015-08-07,"open_issues",5
"rphylopic",2016-01-12,"open_issues",6
"rphylopic",2016-01-14,"open_issues",5
"rphylopic",2017-07-10,"open_issues",6
"rphylopic",2017-12-21,"open_issues",6
"rphylopic",2018-02-01,"open_issues",7
"rphylopic",2018-02-27,"open_issues",4
"rphylopic",2018-03-16,"open_issues",5
"rphylopic",2018-11-09,"open_issues",2
"rphylopic",2019-08-22,"open_issues",3
"rphylopic",2019-08-23,"open_issues",4
"rphylopic",2019-08-29,"open_issues",3
"rphylopic",2019-10-28,"open_issues",4
"rphylopic",2020-05-22,"open_issues",5
"rphylopic",2020-05-27,"open_issues",6
"rphylopic",2020-06-02,"open_issues",3
"rphylopic",2020-07-15,"open_issues",4
"rphylopic",2020-08-10,"open_issues",3
"rphylopic",2021-02-22,"open_issues",4
"rphylopic",2021-02-23,"open_issues",3
"rphylopic",2022-02-15,"open_issues",3
"rphylopic",2022-02-22,"open_issues",4
"rphylopic",2022-03-01,"open_issues",3
"rphylopic",2022-09-20,"open_issues",4
"rphylopic",2023-02-24,"open_issues",5
"rphylopic",2023-03-07,"open_issues",1
"rphylopic",2023-03-08,"open_issues",1
"rphylopic",2023-03-14,"open_issues",2
"rphylopic",2023-03-20,"open_issues",1
"rphylopic",2023-03-27,"open_issues",3
"rphylopic",2023-03-29,"open_issues",5
"rphylopic",2023-03-31,"open_issues",3
"rphylopic",2023-04-01,"open_issues",4
"rphylopic",2023-04-04,"open_issues",5
"rphylopic",2023-04-20,"open_issues",5
"rphylopic",2023-04-21,"open_issues",4
"rphylopic",2023-04-23,"open_issues",5
"rphylopic",2023-04-25,"open_issues",4
"rphylopic",2023-04-27,"open_issues",2
"rphylopic",2023-06-14,"open_issues",3
"rphylopic",2023-06-18,"open_issues",5
"rphylopic",2023-06-28,"open_issues",7
"rphylopic",2023-06-29,"open_issues",5
"rphylopic",2023-07-07,"open_issues",6
"rphylopic",2023-07-08,"open_issues",5
"rphylopic",2023-07-13,"open_issues",6
"rphylopic",2023-07-14,"open_issues",4
"rphylopic",2023-07-18,"open_issues",3
"rphylopic",2023-08-22,"open_issues",8
"rphylopic",2023-08-24,"open_issues",7
"rphylopic",2023-08-25,"open_issues",5
"rphylopic",2023-08-26,"open_issues",6
"rphylopic",2023-08-27,"open_issues",4
"rphylopic",2023-08-30,"open_issues",7
"rphylopic",2023-10-10,"open_issues",8
"rphylopic",2023-10-11,"open_issues",7
"rphylopic",2023-10-27,"open_issues",8
"rphylopic",2023-11-09,"open_issues",7
"rphylopic",2023-11-15,"open_issues",5
"rphylopic",2023-11-20,"open_issues",4
"rphylopic",2023-11-21,"open_issues",5
"rphylopic",2023-12-01,"open_issues",5
"rphylopic",2023-12-16,"open_issues",6
"rphylopic",2023-12-19,"open_issues",5
"rphylopic",2023-12-20,"open_issues",5
"rphylopic",2023-12-21,"open_issues",4
"rphylopic",2024-01-03,"open_issues",3
"rphylopic",2024-01-22,"open_issues",2
"rphylopic",2024-01-31,"open_issues",3
"rphylopic",2024-02-04,"open_issues",4
"rphylopic",2024-03-11,"open_issues",5
"rphylopic",2024-03-12,"open_issues",4
"rphylopic",2024-04-23,"open_issues",4
"rphylopic",2024-05-14,"open_issues",5
"rphylopic",2024-08-28,"open_issues",6
"rphylopic",2024-09-03,"open_issues",5
"rphylopic",2024-09-04,"open_issues",3
"rphylopic",2025-05-05,"open_issues",4
"rphylopic",2025-05-06,"open_issues",5
"rphylopic",2025-06-23,"open_issues",6
"rphylopic",2025-07-08,"open_issues",7
"rphylopic",2025-07-09,"open_issues",6
"rphylopic",2025-07-31,"open_issues",7
"rphylopic",2025-08-11,"open_issues",8
"rphylopic",2025-09-22,"open_issues",9
"rphylopic",2025-09-26,"open_issues",10
"rphylopic",2025-10-03,"open_issues",9
"rphylopic",2025-10-13,"open_issues",10
"rphylopic",2025-11-14,"open_issues",9
"rphylopic",2025-11-17,"open_issues",9
"rphylopic",2025-11-18,"open_issues",8
"rphylopic",2026-05-11,"open_issues",10
"rphylopic",2026-05-15,"open_issues",9
"rphylopic",2026-05-18,"open_issues",8
"rphylopic",2026-07-07,"open_issues",7
"rphylopic",2026-07-08,"open_issues",8
"rphylopic",2026-07-09,"open_issues",9
"rphylopic",2026-07-10,"open_issues",8
"rphylopic",2014-07-08,"open_pull_requests",0
"rphylopic",2014-09-18,"open_pull_requests",0
"rphylopic",2015-07-02,"open_pull_requests",0
"rphylopic",2015-07-06,"open_pull_requests",0
"rphylopic",2019-09-13,"open_pull_requests",1
"rphylopic",2019-09-17,"open_pull_requests",0
"rphylopic",2020-06-02,"open_pull_requests",0
"rphylopic",2020-08-01,"open_pull_requests",1
"rphylopic",2020-08-10,"open_pull_requests",0
"rphylopic",2022-02-20,"open_pull_requests",1
"rphylopic",2022-03-01,"open_pull_requests",0
"rphylopic",2023-02-27,"open_pull_requests",1
"rphylopic",2023-03-07,"open_pull_requests",0
"rphylopic",2023-03-17,"open_pull_requests",1
"rphylopic",2023-03-31,"open_pull_requests",0
"rphylopic",2023-04-01,"open_pull_requests",1
"rphylopic",2023-04-04,"open_pull_requests",2
"rphylopic",2023-04-20,"open_pull_requests",1
"rphylopic",2023-04-21,"open_pull_requests",2
"rphylopic",2023-04-22,"open_pull_requests",3
"rphylopic",2023-04-25,"open_pull_requests",2
"rphylopic",2023-04-27,"open_pull_requests",0
"rphylopic",2023-06-29,"open_pull_requests",3
"rphylopic",2023-07-14,"open_pull_requests",1
"rphylopic",2023-07-18,"open_pull_requests",0
"rphylopic",2023-07-19,"open_pull_requests",1
"rphylopic",2023-08-21,"open_pull_requests",2
"rphylopic",2023-08-22,"open_pull_requests",5
"rphylopic",2023-08-23,"open_pull_requests",6
"rphylopic",2023-08-24,"open_pull_requests",6
"rphylopic",2023-08-25,"open_pull_requests",3
"rphylopic",2023-08-27,"open_pull_requests",0
"rphylopic",2023-09-27,"open_pull_requests",1
"rphylopic",2023-11-15,"open_pull_requests",0
"rphylopic",2023-11-16,"open_pull_requests",1
"rphylopic",2023-11-20,"open_pull_requests",0
"rphylopic",2023-12-01,"open_pull_requests",0
"rphylopic",2023-12-18,"open_pull_requests",2
"rphylopic",2023-12-19,"open_pull_requests",1
"rphylopic",2023-12-20,"open_pull_requests",0
"rphylopic",2023-12-21,"open_pull_requests",1
"rphylopic",2024-01-03,"open_pull_requests",0
"rphylopic",2024-01-16,"open_pull_requests",1
"rphylopic",2024-01-22,"open_pull_requests",0
"rphylopic",2024-01-31,"open_pull_requests",1
"rphylopic",2024-03-12,"open_pull_requests",1
"rphylopic",2024-09-03,"open_pull_requests",0
"rphylopic",2025-05-01,"open_pull_requests",2
"rphylopic",2025-05-02,"open_pull_requests",1
"rphylopic",2025-05-06,"open_pull_requests",0
"rphylopic",2025-06-18,"open_pull_requests",1
"rphylopic",2025-07-09,"open_pull_requests",2
"rphylopic",2025-07-10,"open_pull_requests",3
"rphylopic",2025-08-21,"open_pull_requests",4
"rphylopic",2025-08-28,"open_pull_requests",5
"rphylopic",2025-09-24,"open_pull_requests",6
"rphylopic",2025-09-26,"open_pull_requests",8
"rphylopic",2025-10-03,"open_pull_requests",6
"rphylopic",2025-10-25,"open_pull_requests",8
"rphylopic",2025-10-27,"open_pull_requests",7
"rphylopic",2025-11-14,"open_pull_requests",6
"rphylopic",2025-11-17,"open_pull_requests",4
"rphylopic",2026-05-07,"open_pull_requests",4
"rphylopic",2026-05-15,"open_pull_requests",3
"rphylopic",2026-05-18,"open_pull_requests",3
"rphylopic",2026-07-07,"open_pull_requests",1
"rphylopic",2026-07-20,"open_pull_requests",1
"rphylopic",2026-08-25,"open_pull_requests",2
"rphylopic",2026-08-26,"open_pull_requests",3
"rphylopic",2026-09-02,"open_pull_requests",2
"rphylopic",2014-07-08,"pull_requests",1
"rphylopic",2014-09-18,"pull_requests",2
"rphylopic",2015-07-02,"pull_requests",3
"rphylopic",2015-07-06,"pull_requests",4
"rphylopic",2019-09-13,"pull_requests",5
"rphylopic",2020-06-02,"pull_requests",6
"rphylopic",2020-08-01,"pull_requests",7
"rphylopic",2022-02-20,"pull_requests",8
"rphylopic",2023-02-27,"pull_requests",9
"rphylopic",2023-03-17,"pull_requests",10
"rphylopic",2023-04-01,"pull_requests",11
"rphylopic",2023-04-04,"pull_requests",12
"rphylopic",2023-04-21,"pull_requests",14
"rphylopic",2023-04-22,"pull_requests",15
"rphylopic",2023-06-29,"pull_requests",19
"rphylopic",2023-07-19,"pull_requests",20
"rphylopic",2023-08-21,"pull_requests",21
"rphylopic",2023-08-22,"pull_requests",25
"rphylopic",2023-08-23,"pull_requests",26
"rphylopic",2023-08-24,"pull_requests",27
"rphylopic",2023-09-27,"pull_requests",28
"rphylopic",2023-11-16,"pull_requests",29
"rphylopic",2023-12-01,"pull_requests",30
"rphylopic",2023-12-18,"pull_requests",32
"rphylopic",2023-12-21,"pull_requests",33
"rphylopic",2024-01-16,"pull_requests",34
"rphylopic",2024-01-31,"pull_requests",35
"rphylopic",2024-03-12,"pull_requests",36
"rphylopic",2025-05-01,"pull_requests",38
"rphylopic",2025-06-18,"pull_requests",39
"rphylopic",2025-07-09,"pull_requests",40
"rphylopic",2025-07-10,"pull_requests",41
"rphylopic",2025-08-21,"pull_requests",42
"rphylopic",2025-08-28,"pull_requests",43
"rphylopic",2025-09-24,"pull_requests",44
"rphylopic",2025-09-26,"pull_requests",46
"rphylopic",2025-10-25,"pull_requests",48
"rphylopic",2026-05-07,"pull_requests",49
"rphylopic",2026-05-18,"pull_requests",50
"rphylopic",2026-07-07,"pull_requests",52
"rphylopic",2026-07-20,"pull_requests",53
"rphylopic",2026-08-25,"pull_requests",54
"rphylopic",2026-08-26,"pull_requests",55
"rphylopic",2018-12-01,"reverse_dependencies",0
"rphylopic",2019-01-01,"reverse_dependencies",0
"rphylopic",2019-02-01,"reverse_dependencies",0
"rphylopic",2019-03-01,"reverse_dependencies",0
"rphylopic",2019-04-01,"reverse_dependencies",0
"rphylopic",2019-05-01,"reverse_dependencies",0
"rphylopic",2019-06-01,"reverse_dependencies",0
"rphylopic",2019-07-01,"reverse_dependencies",0
"rphylopic",2019-08-01,"reverse_dependencies",0
"rphylopic",2019-09-01,"reverse_dependencies",0
"rphylopic",2019-10-01,"reverse_dependencies",0
"rphylopic",2019-11-01,"reverse_dependencies",0
"rphylopic",2019-12-01,"reverse_dependencies",0
"rphylopic",2020-01-01,"reverse_dependencies",0
"rphylopic",2020-02-01,"reverse_dependencies",0
"rphylopic",2020-03-01,"reverse_dependencies",0
"rphylopic",2020-04-01,"reverse_dependencies",0
"rphylopic",2020-05-01,"reverse_dependencies",0
"rphylopic",2020-06-01,"reverse_dependencies",0
"rphylopic",2020-07-01,"reverse_dependencies",0
"rphylopic",2020-08-01,"reverse_dependencies",0
"rphylopic",2020-09-01,"reverse_dependencies",0
"rphylopic",2020-10-01,"reverse_dependencies",0
"rphylopic",2020-11-01,"reverse_dependencies",0
"rphylopic",2020-12-01,"reverse_dependencies",0
"rphylopic",2021-01-01,"reverse_dependencies",0
"rphylopic",2021-02-01,"reverse_dependencies",0
"rphylopic",2021-03-01,"reverse_dependencies",0
"rphylopic",2021-04-01,"reverse_dependencies",0
"rphylopic",2021-05-01,"reverse_dependencies",0
"rphylopic",2021-06-01,"reverse_dependencies",0
"rphylopic",2021-07-01,"reverse_dependencies",0
"rphylopic",2021-08-01,"reverse_dependencies",0
"rphylopic",2021-09-01,"reverse_dependencies",0
"rphylopic",2021-10-01,"reverse_dependencies",0
"rphylopic",2021-11-01,"reverse_dependencies",0
"rphylopic",2021-12-01,"reverse_dependencies",0
"rphylopic",2022-01-01,"reverse_dependencies",0
"rphylopic",2022-02-01,"reverse_dependencies",0
"rphylopic",2022-03-01,"reverse_dependencies",0
"rphylopic",2022-04-01,"reverse_dependencies",0
"rphylopic",2022-05-01,"reverse_dependencies",0
"rphylopic",2022-06-01,"reverse_dependencies",0
"rphylopic",2022-07-01,"reverse_dependencies",0
"rphylopic",2022-08-01,"reverse_dependencies",0
"rphylopic",2022-09-01,"reverse_dependencies",0
"rphylopic",2022-10-01,"reverse_dependencies",0
"rphylopic",2022-11-01,"reverse_dependencies",0
"rphylopic",2022-12-01,"reverse_dependencies",0
"rphylopic",2023-01-01,"reverse_dependencies",0
"rphylopic",2023-02-01,"reverse_dependencies",0
"rphylopic",2023-03-01,"reverse_dependencies",0
"rphylopic",2023-04-01,"reverse_dependencies",0
"rphylopic",2023-05-01,"reverse_dependencies",0
"rphylopic",2023-06-01,"reverse_dependencies",0
"rphylopic",2023-07-01,"reverse_dependencies",0
"rphylopic",2023-08-01,"reverse_dependencies",0
"rphylopic",2023-09-01,"reverse_dependencies",0
"rphylopic",2023-10-01,"reverse_dependencies",0
"rphylopic",2023-11-01,"reverse_dependencies",0
"rphylopic",2023-12-01,"reverse_dependencies",0
"rphylopic",2024-01-01,"reverse_dependencies",0
"rphylopic",2024-02-01,"reverse_dependencies",0
"rphylopic",2024-03-01,"reverse_dependencies",0
"rphylopic",2024-04-01,"reverse_dependencies",0
"rphylopic",2024-05-01,"reverse_dependencies",0
"rphylopic",2024-06-01,"reverse_dependencies",0
"rphylopic",2024-07-01,"reverse_dependencies",0
"rphylopic",2024-08-01,"reverse_dependencies",1
"rphylopic",2024-09-01,"reverse_dependencies",1
"rphylopic",2024-10-01,"reverse_dependencies",1
"rphylopic",2024-11-01,"reverse_dependencies",1
"rphylopic",2024-12-01,"reverse_dependencies",1
"rphylopic",2025-01-01,"reverse_dependencies",1
"rphylopic",2025-02-01,"reverse_dependencies",1
"rphylopic",2025-03-01,"reverse_dependencies",1
"rphylopic",2025-04-01,"reverse_dependencies",1
"rphylopic",2025-05-01,"reverse_dependencies",1
"rphylopic",2025-06-01,"reverse_dependencies",1
"rphylopic",2025-07-01,"reverse_dependencies",1
"rphylopic",2025-08-01,"reverse_dependencies",1
"rphylopic",2025-09-01,"reverse_dependencies",1
"rphylopic",2025-10-01,"reverse_dependencies",1
"rphylopic",2025-11-01,"reverse_dependencies",1
"rphylopic",2025-12-01,"reverse_dependencies",1
"rphylopic",2026-01-01,"reverse_dependencies",1
"rphylopic",2026-02-01,"reverse_dependencies",1
"rphylopic",2026-03-01,"reverse_dependencies",1
"rphylopic",2026-04-01,"reverse_dependencies",1
"rphylopic",2026-05-01,"reverse_dependencies",2
"rphylopic",2026-06-01,"reverse_dependencies",2
"rphylopic",2026-07-01,"reverse_dependencies",2
"rphylopic",2026-08-01,"reverse_dependencies",2
"rphylopic",2026-09-01,"reverse_dependencies",2
"sepkoski",2024-09-29,"closed_issues",1
"sepkoski",2022-11-10,"commits",1
"sepkoski",2022-11-11,"commits",2
"sepkoski",2022-11-17,"commits",3
"sepkoski",2022-11-19,"commits",7
"sepkoski",2022-11-20,"commits",29
"sepkoski",2022-11-21,"commits",39
"sepkoski",2022-11-22,"commits",43
"sepkoski",2022-11-23,"commits",47
"sepkoski",2022-12-07,"commits",49
"sepkoski",2023-01-12,"commits",50
"sepkoski",2023-07-01,"commits",51
"sepkoski",2024-07-24,"commits",52
"sepkoski",2024-09-27,"commits",54
"sepkoski",2024-09-28,"commits",55
"sepkoski",2024-09-29,"commits",59
"sepkoski",2026-07-21,"commits",61
"sepkoski",2022-11-10,"contributors",1
"sepkoski",2026-07-21,"contributors",2
"sepkoski",2022-11-23,"cran_downloads",7
"sepkoski",2022-11-24,"cran_downloads",19
"sepkoski",2022-11-25,"cran_downloads",29
"sepkoski",2022-11-26,"cran_downloads",50
"sepkoski",2022-11-27,"cran_downloads",62
"sepkoski",2022-11-28,"cran_downloads",66
"sepkoski",2022-11-29,"cran_downloads",69
"sepkoski",2022-11-30,"cran_downloads",76
"sepkoski",2022-12-01,"cran_downloads",84
"sepkoski",2022-12-02,"cran_downloads",91
"sepkoski",2022-12-03,"cran_downloads",93
"sepkoski",2022-12-04,"cran_downloads",112
"sepkoski",2022-12-05,"cran_downloads",118
"sepkoski",2022-12-06,"cran_downloads",121
"sepkoski",2022-12-07,"cran_downloads",131
"sepkoski",2022-12-08,"cran_downloads",134
"sepkoski",2022-12-09,"cran_downloads",140
"sepkoski",2022-12-10,"cran_downloads",141
"sepkoski",2022-12-11,"cran_downloads",145
"sepkoski",2022-12-12,"cran_downloads",155
"sepkoski",2022-12-13,"cran_downloads",157
"sepkoski",2022-12-14,"cran_downloads",159
"sepkoski",2022-12-15,"cran_downloads",167
"sepkoski",2022-12-16,"cran_downloads",176
"sepkoski",2022-12-17,"cran_downloads",178
"sepkoski",2022-12-18,"cran_downloads",182
"sepkoski",2022-12-19,"cran_downloads",185
"sepkoski",2022-12-20,"cran_downloads",188
"sepkoski",2022-12-21,"cran_downloads",196
"sepkoski",2022-12-22,"cran_downloads",199
"sepkoski",2022-12-23,"cran_downloads",206
"sepkoski",2022-12-24,"cran_downloads",212
"sepkoski",2022-12-25,"cran_downloads",215
"sepkoski",2022-12-26,"cran_downloads",216
"sepkoski",2022-12-27,"cran_downloads",218
"sepkoski",2022-12-28,"cran_downloads",225
"sepkoski",2022-12-29,"cran_downloads",228
"sepkoski",2022-12-30,"cran_downloads",232
"sepkoski",2022-12-31,"cran_downloads",235
"sepkoski",2023-01-01,"cran_downloads",236
"sepkoski",2023-01-02,"cran_downloads",241
"sepkoski",2023-01-03,"cran_downloads",243
"sepkoski",2023-01-04,"cran_downloads",248
"sepkoski",2023-01-05,"cran_downloads",252
"sepkoski",2023-01-06,"cran_downloads",257
"sepkoski",2023-01-07,"cran_downloads",262
"sepkoski",2023-01-08,"cran_downloads",263
"sepkoski",2023-01-09,"cran_downloads",272
"sepkoski",2023-01-10,"cran_downloads",274
"sepkoski",2023-01-11,"cran_downloads",278
"sepkoski",2023-01-12,"cran_downloads",280
"sepkoski",2023-01-13,"cran_downloads",287
"sepkoski",2023-01-14,"cran_downloads",289
"sepkoski",2023-01-15,"cran_downloads",292
"sepkoski",2023-01-16,"cran_downloads",306
"sepkoski",2023-01-17,"cran_downloads",311
"sepkoski",2023-01-18,"cran_downloads",316
"sepkoski",2023-01-19,"cran_downloads",322
"sepkoski",2023-01-20,"cran_downloads",324
"sepkoski",2023-01-21,"cran_downloads",329
"sepkoski",2023-01-22,"cran_downloads",333
"sepkoski",2023-01-23,"cran_downloads",339
"sepkoski",2023-01-24,"cran_downloads",342
"sepkoski",2023-01-25,"cran_downloads",345
"sepkoski",2023-01-26,"cran_downloads",352
"sepkoski",2023-01-27,"cran_downloads",356
"sepkoski",2023-01-28,"cran_downloads",359
"sepkoski",2023-01-29,"cran_downloads",362
"sepkoski",2023-01-30,"cran_downloads",365
"sepkoski",2023-01-31,"cran_downloads",370
"sepkoski",2023-02-01,"cran_downloads",375
"sepkoski",2023-02-02,"cran_downloads",381
"sepkoski",2023-02-03,"cran_downloads",387
"sepkoski",2023-02-04,"cran_downloads",388
"sepkoski",2023-02-05,"cran_downloads",392
"sepkoski",2023-02-06,"cran_downloads",396
"sepkoski",2023-02-07,"cran_downloads",407
"sepkoski",2023-02-08,"cran_downloads",414
"sepkoski",2023-02-09,"cran_downloads",424
"sepkoski",2023-02-10,"cran_downloads",428
"sepkoski",2023-02-11,"cran_downloads",435
"sepkoski",2023-02-12,"cran_downloads",439
"sepkoski",2023-02-13,"cran_downloads",450
"sepkoski",2023-02-14,"cran_downloads",459
"sepkoski",2023-02-15,"cran_downloads",466
"sepkoski",2023-02-16,"cran_downloads",469
"sepkoski",2023-02-17,"cran_downloads",472
"sepkoski",2023-02-18,"cran_downloads",473
"sepkoski",2023-02-19,"cran_downloads",475
"sepkoski",2023-02-20,"cran_downloads",479
"sepkoski",2023-02-21,"cran_downloads",482
"sepkoski",2023-02-22,"cran_downloads",489
"sepkoski",2023-02-23,"cran_downloads",494
"sepkoski",2023-02-24,"cran_downloads",499
"sepkoski",2023-02-25,"cran_downloads",500
"sepkoski",2023-02-26,"cran_downloads",503
"sepkoski",2023-02-27,"cran_downloads",509
"sepkoski",2023-02-28,"cran_downloads",512
"sepkoski",2023-03-01,"cran_downloads",519
"sepkoski",2023-03-02,"cran_downloads",527
"sepkoski",2023-03-03,"cran_downloads",530
"sepkoski",2023-03-04,"cran_downloads",533
"sepkoski",2023-03-05,"cran_downloads",540
"sepkoski",2023-03-06,"cran_downloads",548
"sepkoski",2023-03-07,"cran_downloads",551
"sepkoski",2023-03-08,"cran_downloads",557
"sepkoski",2023-03-09,"cran_downloads",559
"sepkoski",2023-03-10,"cran_downloads",565
"sepkoski",2023-03-11,"cran_downloads",568
"sepkoski",2023-03-12,"cran_downloads",572
"sepkoski",2023-03-13,"cran_downloads",582
"sepkoski",2023-03-14,"cran_downloads",585
"sepkoski",2023-03-15,"cran_downloads",592
"sepkoski",2023-03-16,"cran_downloads",596
"sepkoski",2023-03-17,"cran_downloads",598
"sepkoski",2023-03-18,"cran_downloads",601
"sepkoski",2023-03-19,"cran_downloads",602
"sepkoski",2023-03-20,"cran_downloads",618
"sepkoski",2023-03-21,"cran_downloads",626
"sepkoski",2023-03-22,"cran_downloads",634
"sepkoski",2023-03-23,"cran_downloads",637
"sepkoski",2023-03-24,"cran_downloads",640
"sepkoski",2023-03-25,"cran_downloads",642
"sepkoski",2023-03-26,"cran_downloads",652
"sepkoski",2023-03-27,"cran_downloads",658
"sepkoski",2023-03-28,"cran_downloads",664
"sepkoski",2023-03-29,"cran_downloads",669
"sepkoski",2023-03-30,"cran_downloads",670
"sepkoski",2023-03-31,"cran_downloads",673
"sepkoski",2023-04-01,"cran_downloads",675
"sepkoski",2023-04-02,"cran_downloads",679
"sepkoski",2023-04-03,"cran_downloads",684
"sepkoski",2023-04-04,"cran_downloads",688
"sepkoski",2023-04-05,"cran_downloads",692
"sepkoski",2023-04-06,"cran_downloads",696
"sepkoski",2023-04-07,"cran_downloads",705
"sepkoski",2023-04-08,"cran_downloads",708
"sepkoski",2023-04-09,"cran_downloads",712
"sepkoski",2023-04-10,"cran_downloads",716
"sepkoski",2023-04-11,"cran_downloads",718
"sepkoski",2023-04-12,"cran_downloads",727
"sepkoski",2023-04-13,"cran_downloads",732
"sepkoski",2023-04-14,"cran_downloads",738
"sepkoski",2023-04-15,"cran_downloads",743
"sepkoski",2023-04-16,"cran_downloads",747
"sepkoski",2023-04-17,"cran_downloads",752
"sepkoski",2023-04-18,"cran_downloads",758
"sepkoski",2023-04-19,"cran_downloads",769
"sepkoski",2023-04-20,"cran_downloads",775
"sepkoski",2023-04-21,"cran_downloads",778
"sepkoski",2023-04-22,"cran_downloads",784
"sepkoski",2023-04-23,"cran_downloads",786
"sepkoski",2023-04-24,"cran_downloads",795
"sepkoski",2023-04-25,"cran_downloads",801
"sepkoski",2023-04-26,"cran_downloads",809
"sepkoski",2023-04-27,"cran_downloads",823
"sepkoski",2023-04-28,"cran_downloads",826
"sepkoski",2023-04-29,"cran_downloads",828
"sepkoski",2023-04-30,"cran_downloads",831
"sepkoski",2023-05-01,"cran_downloads",835
"sepkoski",2023-05-02,"cran_downloads",837
"sepkoski",2023-05-03,"cran_downloads",841
"sepkoski",2023-05-04,"cran_downloads",842
"sepkoski",2023-05-05,"cran_downloads",846
"sepkoski",2023-05-06,"cran_downloads",852
"sepkoski",2023-05-07,"cran_downloads",856
"sepkoski",2023-05-08,"cran_downloads",879
"sepkoski",2023-05-09,"cran_downloads",886
"sepkoski",2023-05-10,"cran_downloads",894
"sepkoski",2023-05-11,"cran_downloads",900
"sepkoski",2023-05-12,"cran_downloads",911
"sepkoski",2023-05-13,"cran_downloads",917
"sepkoski",2023-05-14,"cran_downloads",920
"sepkoski",2023-05-15,"cran_downloads",922
"sepkoski",2023-05-16,"cran_downloads",930
"sepkoski",2023-05-17,"cran_downloads",936
"sepkoski",2023-05-18,"cran_downloads",943
"sepkoski",2023-05-19,"cran_downloads",946
"sepkoski",2023-05-20,"cran_downloads",950
"sepkoski",2023-05-21,"cran_downloads",952
"sepkoski",2023-05-22,"cran_downloads",957
"sepkoski",2023-05-23,"cran_downloads",964
"sepkoski",2023-05-24,"cran_downloads",973
"sepkoski",2023-05-25,"cran_downloads",980
"sepkoski",2023-05-26,"cran_downloads",990
"sepkoski",2023-05-27,"cran_downloads",993
"sepkoski",2023-05-28,"cran_downloads",997
"sepkoski",2023-05-29,"cran_downloads",1000
"sepkoski",2023-05-30,"cran_downloads",1004
"sepkoski",2023-05-31,"cran_downloads",1009
"sepkoski",2023-06-01,"cran_downloads",1022
"sepkoski",2023-06-02,"cran_downloads",1033
"sepkoski",2023-06-03,"cran_downloads",1034
"sepkoski",2023-06-04,"cran_downloads",1039
"sepkoski",2023-06-05,"cran_downloads",1044
"sepkoski",2023-06-06,"cran_downloads",1048
"sepkoski",2023-06-07,"cran_downloads",1049
"sepkoski",2023-06-08,"cran_downloads",1054
"sepkoski",2023-06-09,"cran_downloads",1062
"sepkoski",2023-06-10,"cran_downloads",1066
"sepkoski",2023-06-11,"cran_downloads",1071
"sepkoski",2023-06-12,"cran_downloads",1078
"sepkoski",2023-06-13,"cran_downloads",1084
"sepkoski",2023-06-14,"cran_downloads",1093
"sepkoski",2023-06-15,"cran_downloads",1101
"sepkoski",2023-06-16,"cran_downloads",1110
"sepkoski",2023-06-17,"cran_downloads",1114
"sepkoski",2023-06-18,"cran_downloads",1116
"sepkoski",2023-06-19,"cran_downloads",1123
"sepkoski",2023-06-20,"cran_downloads",1128
"sepkoski",2023-06-21,"cran_downloads",1135
"sepkoski",2023-06-22,"cran_downloads",1142
"sepkoski",2023-06-23,"cran_downloads",1150
"sepkoski",2023-06-24,"cran_downloads",1162
"sepkoski",2023-06-25,"cran_downloads",1168
"sepkoski",2023-06-26,"cran_downloads",1174
"sepkoski",2023-06-27,"cran_downloads",1182
"sepkoski",2023-06-28,"cran_downloads",1193
"sepkoski",2023-06-29,"cran_downloads",1199
"sepkoski",2023-06-30,"cran_downloads",1203
"sepkoski",2023-07-01,"cran_downloads",1210
"sepkoski",2023-07-02,"cran_downloads",1215
"sepkoski",2023-07-03,"cran_downloads",1226
"sepkoski",2023-07-04,"cran_downloads",1231
"sepkoski",2023-07-05,"cran_downloads",1245
"sepkoski",2023-07-06,"cran_downloads",1251
"sepkoski",2023-07-07,"cran_downloads",1260
"sepkoski",2023-07-08,"cran_downloads",1267
"sepkoski",2023-07-09,"cran_downloads",1272
"sepkoski",2023-07-10,"cran_downloads",1278
"sepkoski",2023-07-11,"cran_downloads",1290
"sepkoski",2023-07-12,"cran_downloads",1299
"sepkoski",2023-07-13,"cran_downloads",1300
"sepkoski",2023-07-14,"cran_downloads",1301
"sepkoski",2023-07-15,"cran_downloads",1302
"sepkoski",2023-07-16,"cran_downloads",1304
"sepkoski",2023-07-17,"cran_downloads",1310
"sepkoski",2023-07-18,"cran_downloads",1317
"sepkoski",2023-07-19,"cran_downloads",1321
"sepkoski",2023-07-20,"cran_downloads",1325
"sepkoski",2023-07-21,"cran_downloads",1329
"sepkoski",2023-07-22,"cran_downloads",1332
"sepkoski",2023-07-23,"cran_downloads",1338
"sepkoski",2023-07-24,"cran_downloads",1340
"sepkoski",2023-07-25,"cran_downloads",1349
"sepkoski",2023-07-26,"cran_downloads",1358
"sepkoski",2023-07-27,"cran_downloads",1362
"sepkoski",2023-07-28,"cran_downloads",1365
"sepkoski",2023-07-29,"cran_downloads",1366
"sepkoski",2023-07-30,"cran_downloads",1367
"sepkoski",2023-07-31,"cran_downloads",1368
"sepkoski",2023-08-01,"cran_downloads",1375
"sepkoski",2023-08-02,"cran_downloads",1383
"sepkoski",2023-08-03,"cran_downloads",1386
"sepkoski",2023-08-04,"cran_downloads",1391
"sepkoski",2023-08-05,"cran_downloads",1396
"sepkoski",2023-08-06,"cran_downloads",1401
"sepkoski",2023-08-07,"cran_downloads",1407
"sepkoski",2023-08-08,"cran_downloads",1414
"sepkoski",2023-08-09,"cran_downloads",1422
"sepkoski",2023-08-10,"cran_downloads",1426
"sepkoski",2023-08-11,"cran_downloads",1429
"sepkoski",2023-08-12,"cran_downloads",1434
"sepkoski",2023-08-13,"cran_downloads",1435
"sepkoski",2023-08-14,"cran_downloads",1439
"sepkoski",2023-08-15,"cran_downloads",1446
"sepkoski",2023-08-16,"cran_downloads",1451
"sepkoski",2023-08-17,"cran_downloads",1456
"sepkoski",2023-08-18,"cran_downloads",1463
"sepkoski",2023-08-19,"cran_downloads",1468
"sepkoski",2023-08-20,"cran_downloads",1473
"sepkoski",2023-08-21,"cran_downloads",1477
"sepkoski",2023-08-22,"cran_downloads",1480
"sepkoski",2023-08-23,"cran_downloads",1484
"sepkoski",2023-08-24,"cran_downloads",1505
"sepkoski",2023-08-25,"cran_downloads",1513
"sepkoski",2023-08-26,"cran_downloads",1516
"sepkoski",2023-08-27,"cran_downloads",1519
"sepkoski",2023-08-28,"cran_downloads",1525
"sepkoski",2023-08-29,"cran_downloads",1527
"sepkoski",2023-08-30,"cran_downloads",1533
"sepkoski",2023-08-31,"cran_downloads",1540
"sepkoski",2023-09-01,"cran_downloads",1545
"sepkoski",2023-09-02,"cran_downloads",1546
"sepkoski",2023-09-03,"cran_downloads",1554
"sepkoski",2023-09-04,"cran_downloads",1557
"sepkoski",2023-09-05,"cran_downloads",1561
"sepkoski",2023-09-06,"cran_downloads",1567
"sepkoski",2023-09-07,"cran_downloads",1570
"sepkoski",2023-09-08,"cran_downloads",1574
"sepkoski",2023-09-09,"cran_downloads",1578
"sepkoski",2023-09-10,"cran_downloads",1585
"sepkoski",2023-09-11,"cran_downloads",1588
"sepkoski",2023-09-12,"cran_downloads",1595
"sepkoski",2023-09-13,"cran_downloads",1599
"sepkoski",2023-09-14,"cran_downloads",1609
"sepkoski",2023-09-15,"cran_downloads",1622
"sepkoski",2023-09-16,"cran_downloads",1629
"sepkoski",2023-09-17,"cran_downloads",1630
"sepkoski",2023-09-18,"cran_downloads",1634
"sepkoski",2023-09-19,"cran_downloads",1644
"sepkoski",2023-09-20,"cran_downloads",1650
"sepkoski",2023-09-21,"cran_downloads",1654
"sepkoski",2023-09-22,"cran_downloads",1660
"sepkoski",2023-09-23,"cran_downloads",1664
"sepkoski",2023-09-24,"cran_downloads",1666
"sepkoski",2023-09-25,"cran_downloads",1669
"sepkoski",2023-09-26,"cran_downloads",1673
"sepkoski",2023-09-27,"cran_downloads",1679
"sepkoski",2023-09-28,"cran_downloads",1689
"sepkoski",2023-09-29,"cran_downloads",1695
"sepkoski",2023-09-30,"cran_downloads",1697
"sepkoski",2023-10-01,"cran_downloads",1698
"sepkoski",2023-10-02,"cran_downloads",1704
"sepkoski",2023-10-03,"cran_downloads",1706
"sepkoski",2023-10-04,"cran_downloads",1710
"sepkoski",2023-10-05,"cran_downloads",1718
"sepkoski",2023-10-06,"cran_downloads",1726
"sepkoski",2023-10-07,"cran_downloads",1730
"sepkoski",2023-10-08,"cran_downloads",1735
"sepkoski",2023-10-09,"cran_downloads",1738
"sepkoski",2023-10-10,"cran_downloads",1742
"sepkoski",2023-10-11,"cran_downloads",1744
"sepkoski",2023-10-12,"cran_downloads",1750
"sepkoski",2023-10-13,"cran_downloads",1753
"sepkoski",2023-10-14,"cran_downloads",1758
"sepkoski",2023-10-15,"cran_downloads",1763
"sepkoski",2023-10-16,"cran_downloads",1770
"sepkoski",2023-10-17,"cran_downloads",1774
"sepkoski",2023-10-18,"cran_downloads",1781
"sepkoski",2023-10-19,"cran_downloads",1787
"sepkoski",2023-10-20,"cran_downloads",1788
"sepkoski",2023-10-21,"cran_downloads",1791
"sepkoski",2023-10-22,"cran_downloads",1806
"sepkoski",2023-10-23,"cran_downloads",1812
"sepkoski",2023-10-24,"cran_downloads",1814
"sepkoski",2023-10-25,"cran_downloads",1818
"sepkoski",2023-10-26,"cran_downloads",1830
"sepkoski",2023-10-27,"cran_downloads",1835
"sepkoski",2023-10-28,"cran_downloads",1842
"sepkoski",2023-10-29,"cran_downloads",1843
"sepkoski",2023-10-30,"cran_downloads",1848
"sepkoski",2023-10-31,"cran_downloads",1855
"sepkoski",2023-11-01,"cran_downloads",1865
"sepkoski",2023-11-02,"cran_downloads",1874
"sepkoski",2023-11-03,"cran_downloads",1883
"sepkoski",2023-11-04,"cran_downloads",1888
"sepkoski",2023-11-05,"cran_downloads",1889
"sepkoski",2023-11-06,"cran_downloads",1900
"sepkoski",2023-11-07,"cran_downloads",1904
"sepkoski",2023-11-08,"cran_downloads",1911
"sepkoski",2023-11-09,"cran_downloads",1920
"sepkoski",2023-11-10,"cran_downloads",1923
"sepkoski",2023-11-11,"cran_downloads",1926
"sepkoski",2023-11-12,"cran_downloads",1928
"sepkoski",2023-11-13,"cran_downloads",1934
"sepkoski",2023-11-14,"cran_downloads",1938
"sepkoski",2023-11-15,"cran_downloads",1948
"sepkoski",2023-11-16,"cran_downloads",1955
"sepkoski",2023-11-17,"cran_downloads",1966
"sepkoski",2023-11-18,"cran_downloads",1970
"sepkoski",2023-11-19,"cran_downloads",1975
"sepkoski",2023-11-20,"cran_downloads",1982
"sepkoski",2023-11-21,"cran_downloads",1985
"sepkoski",2023-11-22,"cran_downloads",1987
"sepkoski",2023-11-23,"cran_downloads",1989
"sepkoski",2023-11-24,"cran_downloads",1997
"sepkoski",2023-11-25,"cran_downloads",2000
"sepkoski",2023-11-26,"cran_downloads",2004
"sepkoski",2023-11-27,"cran_downloads",2007
"sepkoski",2023-11-28,"cran_downloads",2011
"sepkoski",2023-11-29,"cran_downloads",2016
"sepkoski",2023-11-30,"cran_downloads",2025
"sepkoski",2023-12-01,"cran_downloads",2033
"sepkoski",2023-12-02,"cran_downloads",2034
"sepkoski",2023-12-03,"cran_downloads",2042
"sepkoski",2023-12-04,"cran_downloads",2044
"sepkoski",2023-12-05,"cran_downloads",2047
"sepkoski",2023-12-06,"cran_downloads",2057
"sepkoski",2023-12-07,"cran_downloads",2063
"sepkoski",2023-12-08,"cran_downloads",2072
"sepkoski",2023-12-09,"cran_downloads",2076
"sepkoski",2023-12-10,"cran_downloads",2081
"sepkoski",2023-12-11,"cran_downloads",2088
"sepkoski",2023-12-12,"cran_downloads",2095
"sepkoski",2023-12-13,"cran_downloads",2102
"sepkoski",2023-12-14,"cran_downloads",2112
"sepkoski",2023-12-15,"cran_downloads",2117
"sepkoski",2023-12-16,"cran_downloads",2120
"sepkoski",2023-12-17,"cran_downloads",2124
"sepkoski",2023-12-18,"cran_downloads",2132
"sepkoski",2023-12-19,"cran_downloads",2142
"sepkoski",2023-12-20,"cran_downloads",2146
"sepkoski",2023-12-21,"cran_downloads",2151
"sepkoski",2023-12-22,"cran_downloads",2158
"sepkoski",2023-12-23,"cran_downloads",2159
"sepkoski",2023-12-24,"cran_downloads",2169
"sepkoski",2023-12-25,"cran_downloads",2179
"sepkoski",2023-12-26,"cran_downloads",2184
"sepkoski",2023-12-27,"cran_downloads",2189
"sepkoski",2023-12-28,"cran_downloads",2195
"sepkoski",2023-12-29,"cran_downloads",2196
"sepkoski",2023-12-30,"cran_downloads",2199
"sepkoski",2023-12-31,"cran_downloads",2204
"sepkoski",2024-01-01,"cran_downloads",2206
"sepkoski",2024-01-02,"cran_downloads",2207
"sepkoski",2024-01-03,"cran_downloads",2213
"sepkoski",2024-01-04,"cran_downloads",2215
"sepkoski",2024-01-05,"cran_downloads",2216
"sepkoski",2024-01-06,"cran_downloads",2221
"sepkoski",2024-01-07,"cran_downloads",2229
"sepkoski",2024-01-08,"cran_downloads",2237
"sepkoski",2024-01-09,"cran_downloads",2244
"sepkoski",2024-01-10,"cran_downloads",2248
"sepkoski",2024-01-11,"cran_downloads",2257
"sepkoski",2024-01-12,"cran_downloads",2265
"sepkoski",2024-01-13,"cran_downloads",2266
"sepkoski",2024-01-14,"cran_downloads",2271
"sepkoski",2024-01-15,"cran_downloads",2275
"sepkoski",2024-01-16,"cran_downloads",2285
"sepkoski",2024-01-17,"cran_downloads",2293
"sepkoski",2024-01-18,"cran_downloads",2297
"sepkoski",2024-01-19,"cran_downloads",2299
"sepkoski",2024-01-20,"cran_downloads",2306
"sepkoski",2024-01-21,"cran_downloads",2308
"sepkoski",2024-01-22,"cran_downloads",2310
"sepkoski",2024-01-23,"cran_downloads",2328
"sepkoski",2024-01-24,"cran_downloads",2422
"sepkoski",2024-01-25,"cran_downloads",2512
"sepkoski",2024-01-26,"cran_downloads",2518
"sepkoski",2024-01-27,"cran_downloads",2520
"sepkoski",2024-01-28,"cran_downloads",2522
"sepkoski",2024-01-29,"cran_downloads",2542
"sepkoski",2024-01-30,"cran_downloads",2560
"sepkoski",2024-01-31,"cran_downloads",2567
"sepkoski",2024-02-01,"cran_downloads",2571
"sepkoski",2024-02-02,"cran_downloads",2576
"sepkoski",2024-02-03,"cran_downloads",2578
"sepkoski",2024-02-04,"cran_downloads",2583
"sepkoski",2024-02-05,"cran_downloads",2590
"sepkoski",2024-02-06,"cran_downloads",2593
"sepkoski",2024-02-07,"cran_downloads",2597
"sepkoski",2024-02-08,"cran_downloads",2606
"sepkoski",2024-02-09,"cran_downloads",2608
"sepkoski",2024-02-10,"cran_downloads",2611
"sepkoski",2024-02-11,"cran_downloads",2615
"sepkoski",2024-02-12,"cran_downloads",2618
"sepkoski",2024-02-13,"cran_downloads",2624
"sepkoski",2024-02-14,"cran_downloads",2630
"sepkoski",2024-02-15,"cran_downloads",2639
"sepkoski",2024-02-16,"cran_downloads",2644
"sepkoski",2024-02-17,"cran_downloads",2649
"sepkoski",2024-02-18,"cran_downloads",2650
"sepkoski",2024-02-19,"cran_downloads",2659
"sepkoski",2024-02-20,"cran_downloads",2668
"sepkoski",2024-02-21,"cran_downloads",2672
"sepkoski",2024-02-22,"cran_downloads",2701
"sepkoski",2024-02-23,"cran_downloads",2709
"sepkoski",2024-02-24,"cran_downloads",2713
"sepkoski",2024-02-25,"cran_downloads",2714
"sepkoski",2024-02-26,"cran_downloads",2717
"sepkoski",2024-02-27,"cran_downloads",2726
"sepkoski",2024-02-28,"cran_downloads",2743
"sepkoski",2024-02-29,"cran_downloads",2755
"sepkoski",2024-03-01,"cran_downloads",2760
"sepkoski",2024-03-02,"cran_downloads",2764
"sepkoski",2024-03-03,"cran_downloads",2766
"sepkoski",2024-03-04,"cran_downloads",2774
"sepkoski",2024-03-05,"cran_downloads",2778
"sepkoski",2024-03-06,"cran_downloads",2784
"sepkoski",2024-03-07,"cran_downloads",2788
"sepkoski",2024-03-08,"cran_downloads",2795
"sepkoski",2024-03-09,"cran_downloads",2799
"sepkoski",2024-03-10,"cran_downloads",2807
"sepkoski",2024-03-11,"cran_downloads",2810
"sepkoski",2024-03-12,"cran_downloads",2815
"sepkoski",2024-03-13,"cran_downloads",2823
"sepkoski",2024-03-14,"cran_downloads",2831
"sepkoski",2024-03-15,"cran_downloads",2837
"sepkoski",2024-03-16,"cran_downloads",2850
"sepkoski",2024-03-17,"cran_downloads",2853
"sepkoski",2024-03-18,"cran_downloads",2856
"sepkoski",2024-03-19,"cran_downloads",2865
"sepkoski",2024-03-20,"cran_downloads",2870
"sepkoski",2024-03-21,"cran_downloads",2875
"sepkoski",2024-03-22,"cran_downloads",2882
"sepkoski",2024-03-23,"cran_downloads",2887
"sepkoski",2024-03-24,"cran_downloads",2890
"sepkoski",2024-03-25,"cran_downloads",2895
"sepkoski",2024-03-26,"cran_downloads",2903
"sepkoski",2024-03-27,"cran_downloads",2908
"sepkoski",2024-03-28,"cran_downloads",2916
"sepkoski",2024-03-29,"cran_downloads",2922
"sepkoski",2024-03-30,"cran_downloads",2934
"sepkoski",2024-03-31,"cran_downloads",2937
"sepkoski",2024-04-01,"cran_downloads",2942
"sepkoski",2024-04-02,"cran_downloads",2949
"sepkoski",2024-04-03,"cran_downloads",2954
"sepkoski",2024-04-04,"cran_downloads",2967
"sepkoski",2024-04-05,"cran_downloads",2975
"sepkoski",2024-04-06,"cran_downloads",2976
"sepkoski",2024-04-07,"cran_downloads",2977
"sepkoski",2024-04-08,"cran_downloads",2981
"sepkoski",2024-04-09,"cran_downloads",2983
"sepkoski",2024-04-10,"cran_downloads",2989
"sepkoski",2024-04-11,"cran_downloads",2994
"sepkoski",2024-04-12,"cran_downloads",2995
"sepkoski",2024-04-13,"cran_downloads",2998
"sepkoski",2024-04-14,"cran_downloads",3003
"sepkoski",2024-04-15,"cran_downloads",3010
"sepkoski",2024-04-16,"cran_downloads",3016
"sepkoski",2024-04-17,"cran_downloads",3029
"sepkoski",2024-04-18,"cran_downloads",3036
"sepkoski",2024-04-19,"cran_downloads",3041
"sepkoski",2024-04-20,"cran_downloads",3048
"sepkoski",2024-04-21,"cran_downloads",3051
"sepkoski",2024-04-22,"cran_downloads",3058
"sepkoski",2024-04-23,"cran_downloads",3072
"sepkoski",2024-04-24,"cran_downloads",3085
"sepkoski",2024-04-25,"cran_downloads",3093
"sepkoski",2024-04-26,"cran_downloads",3110
"sepkoski",2024-04-27,"cran_downloads",3117
"sepkoski",2024-04-28,"cran_downloads",3124
"sepkoski",2024-04-29,"cran_downloads",3137
"sepkoski",2024-04-30,"cran_downloads",3143
"sepkoski",2024-05-01,"cran_downloads",3150
"sepkoski",2024-05-02,"cran_downloads",3162
"sepkoski",2024-05-03,"cran_downloads",3165
"sepkoski",2024-05-04,"cran_downloads",3169
"sepkoski",2024-05-05,"cran_downloads",3174
"sepkoski",2024-05-06,"cran_downloads",3186
"sepkoski",2024-05-07,"cran_downloads",3191
"sepkoski",2024-05-08,"cran_downloads",3203
"sepkoski",2024-05-09,"cran_downloads",3209
"sepkoski",2024-05-10,"cran_downloads",3220
"sepkoski",2024-05-11,"cran_downloads",3226
"sepkoski",2024-05-12,"cran_downloads",3232
"sepkoski",2024-05-13,"cran_downloads",3237
"sepkoski",2024-05-14,"cran_downloads",3246
"sepkoski",2024-05-15,"cran_downloads",3255
"sepkoski",2024-05-16,"cran_downloads",3259
"sepkoski",2024-05-17,"cran_downloads",3264
"sepkoski",2024-05-18,"cran_downloads",3266
"sepkoski",2024-05-19,"cran_downloads",3271
"sepkoski",2024-05-20,"cran_downloads",3272
"sepkoski",2024-05-21,"cran_downloads",3277
"sepkoski",2024-05-22,"cran_downloads",3288
"sepkoski",2024-05-23,"cran_downloads",3292
"sepkoski",2024-05-24,"cran_downloads",3299
"sepkoski",2024-05-25,"cran_downloads",3303
"sepkoski",2024-05-26,"cran_downloads",3309
"sepkoski",2024-05-27,"cran_downloads",3312
"sepkoski",2024-05-28,"cran_downloads",3319
"sepkoski",2024-05-29,"cran_downloads",3329
"sepkoski",2024-05-30,"cran_downloads",3339
"sepkoski",2024-05-31,"cran_downloads",3346
"sepkoski",2024-06-01,"cran_downloads",3353
"sepkoski",2024-06-02,"cran_downloads",3358
"sepkoski",2024-06-03,"cran_downloads",3359
"sepkoski",2024-06-04,"cran_downloads",3367
"sepkoski",2024-06-05,"cran_downloads",3374
"sepkoski",2024-06-06,"cran_downloads",3376
"sepkoski",2024-06-07,"cran_downloads",3383
"sepkoski",2024-06-08,"cran_downloads",3385
"sepkoski",2024-06-09,"cran_downloads",3386
"sepkoski",2024-06-10,"cran_downloads",3393
"sepkoski",2024-06-11,"cran_downloads",3398
"sepkoski",2024-06-12,"cran_downloads",3401
"sepkoski",2024-06-13,"cran_downloads",3407
"sepkoski",2024-06-14,"cran_downloads",3418
"sepkoski",2024-06-15,"cran_downloads",3420
"sepkoski",2024-06-16,"cran_downloads",3424
"sepkoski",2024-06-17,"cran_downloads",3431
"sepkoski",2024-06-18,"cran_downloads",3434
"sepkoski",2024-06-19,"cran_downloads",3443
"sepkoski",2024-06-20,"cran_downloads",3449
"sepkoski",2024-06-21,"cran_downloads",3454
"sepkoski",2024-06-22,"cran_downloads",3460
"sepkoski",2024-06-23,"cran_downloads",3465
"sepkoski",2024-06-24,"cran_downloads",3470
"sepkoski",2024-06-25,"cran_downloads",3477
"sepkoski",2024-06-26,"cran_downloads",3480
"sepkoski",2024-06-27,"cran_downloads",3488
"sepkoski",2024-06-28,"cran_downloads",3496
"sepkoski",2024-06-29,"cran_downloads",3498
"sepkoski",2024-06-30,"cran_downloads",3500
"sepkoski",2024-07-01,"cran_downloads",3512
"sepkoski",2024-07-02,"cran_downloads",3515
"sepkoski",2024-07-03,"cran_downloads",3521
"sepkoski",2024-07-04,"cran_downloads",3529
"sepkoski",2024-07-05,"cran_downloads",3535
"sepkoski",2024-07-06,"cran_downloads",3539
"sepkoski",2024-07-07,"cran_downloads",3540
"sepkoski",2024-07-08,"cran_downloads",3549
"sepkoski",2024-07-09,"cran_downloads",3556
"sepkoski",2024-07-10,"cran_downloads",3565
"sepkoski",2024-07-11,"cran_downloads",3568
"sepkoski",2024-07-12,"cran_downloads",3574
"sepkoski",2024-07-13,"cran_downloads",3586
"sepkoski",2024-07-14,"cran_downloads",3590
"sepkoski",2024-07-15,"cran_downloads",3595
"sepkoski",2024-07-16,"cran_downloads",3601
"sepkoski",2024-07-17,"cran_downloads",3610
"sepkoski",2024-07-18,"cran_downloads",3633
"sepkoski",2024-07-19,"cran_downloads",3635
"sepkoski",2024-07-20,"cran_downloads",3639
"sepkoski",2024-07-21,"cran_downloads",3642
"sepkoski",2024-07-22,"cran_downloads",3652
"sepkoski",2024-07-23,"cran_downloads",3667
"sepkoski",2024-07-24,"cran_downloads",3680
"sepkoski",2024-07-25,"cran_downloads",3687
"sepkoski",2024-07-26,"cran_downloads",3695
"sepkoski",2024-07-27,"cran_downloads",3696
"sepkoski",2024-07-28,"cran_downloads",3698
"sepkoski",2024-07-29,"cran_downloads",3703
"sepkoski",2024-07-30,"cran_downloads",3711
"sepkoski",2024-07-31,"cran_downloads",3718
"sepkoski",2024-08-01,"cran_downloads",3726
"sepkoski",2024-08-02,"cran_downloads",3729
"sepkoski",2024-08-03,"cran_downloads",3733
"sepkoski",2024-08-04,"cran_downloads",3737
"sepkoski",2024-08-05,"cran_downloads",3740
"sepkoski",2024-08-06,"cran_downloads",3756
"sepkoski",2024-08-07,"cran_downloads",3780
"sepkoski",2024-08-08,"cran_downloads",3784
"sepkoski",2024-08-09,"cran_downloads",3785
"sepkoski",2024-08-10,"cran_downloads",3790
"sepkoski",2024-08-11,"cran_downloads",3796
"sepkoski",2024-08-12,"cran_downloads",3804
"sepkoski",2024-08-13,"cran_downloads",3811
"sepkoski",2024-08-14,"cran_downloads",3819
"sepkoski",2024-08-15,"cran_downloads",3826
"sepkoski",2024-08-16,"cran_downloads",3834
"sepkoski",2024-08-17,"cran_downloads",3843
"sepkoski",2024-08-18,"cran_downloads",3847
"sepkoski",2024-08-19,"cran_downloads",3853
"sepkoski",2024-08-20,"cran_downloads",3863
"sepkoski",2024-08-21,"cran_downloads",3876
"sepkoski",2024-08-22,"cran_downloads",3885
"sepkoski",2024-08-23,"cran_downloads",3897
"sepkoski",2024-08-24,"cran_downloads",3905
"sepkoski",2024-08-25,"cran_downloads",3908
"sepkoski",2024-08-26,"cran_downloads",3911
"sepkoski",2024-08-27,"cran_downloads",3917
"sepkoski",2024-08-28,"cran_downloads",3925
"sepkoski",2024-08-29,"cran_downloads",3927
"sepkoski",2024-08-30,"cran_downloads",3934
"sepkoski",2024-08-31,"cran_downloads",3935
"sepkoski",2024-09-01,"cran_downloads",3938
"sepkoski",2024-09-02,"cran_downloads",3943
"sepkoski",2024-09-03,"cran_downloads",3945
"sepkoski",2024-09-04,"cran_downloads",3953
"sepkoski",2024-09-05,"cran_downloads",3963
"sepkoski",2024-09-06,"cran_downloads",3971
"sepkoski",2024-09-07,"cran_downloads",3972
"sepkoski",2024-09-08,"cran_downloads",3978
"sepkoski",2024-09-09,"cran_downloads",3988
"sepkoski",2024-09-10,"cran_downloads",3991
"sepkoski",2024-09-11,"cran_downloads",4013
"sepkoski",2024-09-12,"cran_downloads",4020
"sepkoski",2024-09-13,"cran_downloads",4024
"sepkoski",2024-09-14,"cran_downloads",4030
"sepkoski",2024-09-15,"cran_downloads",4031
"sepkoski",2024-09-16,"cran_downloads",4035
"sepkoski",2024-09-17,"cran_downloads",4040
"sepkoski",2024-09-18,"cran_downloads",4042
"sepkoski",2024-09-19,"cran_downloads",4046
"sepkoski",2024-09-20,"cran_downloads",4053
"sepkoski",2024-09-21,"cran_downloads",4065
"sepkoski",2024-09-22,"cran_downloads",4066
"sepkoski",2024-09-23,"cran_downloads",4075
"sepkoski",2024-09-24,"cran_downloads",4080
"sepkoski",2024-09-25,"cran_downloads",4089
"sepkoski",2024-09-26,"cran_downloads",4096
"sepkoski",2024-09-27,"cran_downloads",4101
"sepkoski",2024-09-28,"cran_downloads",4105
"sepkoski",2024-09-29,"cran_downloads",4110
"sepkoski",2024-09-30,"cran_downloads",4115
"sepkoski",2024-10-01,"cran_downloads",4117
"sepkoski",2024-10-02,"cran_downloads",4122
"sepkoski",2024-10-03,"cran_downloads",4130
"sepkoski",2024-10-04,"cran_downloads",4133
"sepkoski",2024-10-05,"cran_downloads",4138
"sepkoski",2024-10-06,"cran_downloads",4139
"sepkoski",2024-10-07,"cran_downloads",4141
"sepkoski",2024-10-08,"cran_downloads",4149
"sepkoski",2024-10-09,"cran_downloads",4153
"sepkoski",2024-10-10,"cran_downloads",4155
"sepkoski",2024-10-11,"cran_downloads",4162
"sepkoski",2024-10-12,"cran_downloads",4167
"sepkoski",2024-10-13,"cran_downloads",4170
"sepkoski",2024-10-14,"cran_downloads",4179
"sepkoski",2024-10-15,"cran_downloads",4182
"sepkoski",2024-10-16,"cran_downloads",4188
"sepkoski",2024-10-17,"cran_downloads",4194
"sepkoski",2024-10-18,"cran_downloads",4199
"sepkoski",2024-10-19,"cran_downloads",4202
"sepkoski",2024-10-20,"cran_downloads",4210
"sepkoski",2024-10-21,"cran_downloads",4218
"sepkoski",2024-10-22,"cran_downloads",4224
"sepkoski",2024-10-23,"cran_downloads",4234
"sepkoski",2024-10-24,"cran_downloads",4244
"sepkoski",2024-10-25,"cran_downloads",4250
"sepkoski",2024-10-26,"cran_downloads",4254
"sepkoski",2024-10-27,"cran_downloads",4259
"sepkoski",2024-10-28,"cran_downloads",4264
"sepkoski",2024-10-29,"cran_downloads",4268
"sepkoski",2024-10-30,"cran_downloads",4302
"sepkoski",2024-10-31,"cran_downloads",4309
"sepkoski",2024-11-01,"cran_downloads",4313
"sepkoski",2024-11-02,"cran_downloads",4322
"sepkoski",2024-11-03,"cran_downloads",4327
"sepkoski",2024-11-04,"cran_downloads",4335
"sepkoski",2024-11-05,"cran_downloads",4346
"sepkoski",2024-11-06,"cran_downloads",4351
"sepkoski",2024-11-07,"cran_downloads",4355
"sepkoski",2024-11-08,"cran_downloads",4368
"sepkoski",2024-11-09,"cran_downloads",4373
"sepkoski",2024-11-10,"cran_downloads",4376
"sepkoski",2024-11-11,"cran_downloads",4386
"sepkoski",2024-11-12,"cran_downloads",4389
"sepkoski",2024-11-13,"cran_downloads",4396
"sepkoski",2024-11-14,"cran_downloads",4403
"sepkoski",2024-11-15,"cran_downloads",4408
"sepkoski",2024-11-16,"cran_downloads",4412
"sepkoski",2024-11-17,"cran_downloads",4418
"sepkoski",2024-11-18,"cran_downloads",4425
"sepkoski",2024-11-19,"cran_downloads",4429
"sepkoski",2024-11-20,"cran_downloads",4442
"sepkoski",2024-11-21,"cran_downloads",4450
"sepkoski",2024-11-22,"cran_downloads",4452
"sepkoski",2024-11-23,"cran_downloads",4459
"sepkoski",2024-11-24,"cran_downloads",4460
"sepkoski",2024-11-25,"cran_downloads",4463
"sepkoski",2024-11-26,"cran_downloads",4471
"sepkoski",2024-11-27,"cran_downloads",4479
"sepkoski",2024-11-28,"cran_downloads",4480
"sepkoski",2024-11-29,"cran_downloads",4489
"sepkoski",2024-11-30,"cran_downloads",4492
"sepkoski",2024-12-01,"cran_downloads",4493
"sepkoski",2024-12-02,"cran_downloads",4502
"sepkoski",2024-12-03,"cran_downloads",4521
"sepkoski",2024-12-04,"cran_downloads",4530
"sepkoski",2024-12-05,"cran_downloads",4540
"sepkoski",2024-12-06,"cran_downloads",4542
"sepkoski",2024-12-07,"cran_downloads",4547
"sepkoski",2024-12-08,"cran_downloads",4552
"sepkoski",2024-12-09,"cran_downloads",4565
"sepkoski",2024-12-10,"cran_downloads",4568
"sepkoski",2024-12-11,"cran_downloads",4575
"sepkoski",2024-12-12,"cran_downloads",4580
"sepkoski",2024-12-13,"cran_downloads",4584
"sepkoski",2024-12-14,"cran_downloads",4591
"sepkoski",2024-12-15,"cran_downloads",4596
"sepkoski",2024-12-16,"cran_downloads",4602
"sepkoski",2024-12-17,"cran_downloads",4607
"sepkoski",2024-12-18,"cran_downloads",4615
"sepkoski",2024-12-19,"cran_downloads",4620
"sepkoski",2024-12-20,"cran_downloads",4630
"sepkoski",2024-12-21,"cran_downloads",4632
"sepkoski",2024-12-22,"cran_downloads",4638
"sepkoski",2024-12-23,"cran_downloads",4643
"sepkoski",2024-12-24,"cran_downloads",4648
"sepkoski",2024-12-25,"cran_downloads",4656
"sepkoski",2024-12-26,"cran_downloads",4663
"sepkoski",2024-12-27,"cran_downloads",4668
"sepkoski",2024-12-28,"cran_downloads",4670
"sepkoski",2024-12-29,"cran_downloads",4674
"sepkoski",2024-12-30,"cran_downloads",4680
"sepkoski",2024-12-31,"cran_downloads",4681
"sepkoski",2025-01-01,"cran_downloads",4693
"sepkoski",2025-01-02,"cran_downloads",4708
"sepkoski",2025-01-03,"cran_downloads",4730
"sepkoski",2025-01-04,"cran_downloads",4746
"sepkoski",2025-01-05,"cran_downloads",4751
"sepkoski",2025-01-06,"cran_downloads",4759
"sepkoski",2025-01-07,"cran_downloads",4765
"sepkoski",2025-01-08,"cran_downloads",4777
"sepkoski",2025-01-09,"cran_downloads",4784
"sepkoski",2025-01-10,"cran_downloads",4791
"sepkoski",2025-01-11,"cran_downloads",4792
"sepkoski",2025-01-12,"cran_downloads",4795
"sepkoski",2025-01-13,"cran_downloads",4804
"sepkoski",2025-01-14,"cran_downloads",4814
"sepkoski",2025-01-15,"cran_downloads",4820
"sepkoski",2025-01-16,"cran_downloads",4826
"sepkoski",2025-01-17,"cran_downloads",4837
"sepkoski",2025-01-18,"cran_downloads",4862
"sepkoski",2025-01-19,"cran_downloads",4871
"sepkoski",2025-01-20,"cran_downloads",4891
"sepkoski",2025-01-21,"cran_downloads",4921
"sepkoski",2025-01-22,"cran_downloads",4948
"sepkoski",2025-01-23,"cran_downloads",4952
"sepkoski",2025-01-24,"cran_downloads",4963
"sepkoski",2025-01-25,"cran_downloads",4967
"sepkoski",2025-01-26,"cran_downloads",4972
"sepkoski",2025-01-27,"cran_downloads",4979
"sepkoski",2025-01-28,"cran_downloads",4980
"sepkoski",2025-01-29,"cran_downloads",4986
"sepkoski",2025-01-30,"cran_downloads",4993
"sepkoski",2025-01-31,"cran_downloads",4995
"sepkoski",2025-02-01,"cran_downloads",4997
"sepkoski",2025-02-02,"cran_downloads",5001
"sepkoski",2025-02-03,"cran_downloads",5003
"sepkoski",2025-02-04,"cran_downloads",5006
"sepkoski",2025-02-05,"cran_downloads",5017
"sepkoski",2025-02-06,"cran_downloads",5026
"sepkoski",2025-02-07,"cran_downloads",5029
"sepkoski",2025-02-08,"cran_downloads",5044
"sepkoski",2025-02-09,"cran_downloads",5056
"sepkoski",2025-02-10,"cran_downloads",5064
"sepkoski",2025-02-11,"cran_downloads",5074
"sepkoski",2025-02-12,"cran_downloads",5083
"sepkoski",2025-02-13,"cran_downloads",5089
"sepkoski",2025-02-14,"cran_downloads",5098
"sepkoski",2025-02-15,"cran_downloads",5104
"sepkoski",2025-02-16,"cran_downloads",5107
"sepkoski",2025-02-17,"cran_downloads",5119
"sepkoski",2025-02-18,"cran_downloads",5125
"sepkoski",2025-02-19,"cran_downloads",5133
"sepkoski",2025-02-20,"cran_downloads",5143
"sepkoski",2025-02-21,"cran_downloads",5151
"sepkoski",2025-02-22,"cran_downloads",5158
"sepkoski",2025-02-23,"cran_downloads",5165
"sepkoski",2025-02-24,"cran_downloads",5171
"sepkoski",2025-02-25,"cran_downloads",5177
"sepkoski",2025-02-26,"cran_downloads",5185
"sepkoski",2025-02-27,"cran_downloads",5188
"sepkoski",2025-02-28,"cran_downloads",5192
"sepkoski",2025-03-01,"cran_downloads",5201
"sepkoski",2025-03-02,"cran_downloads",5212
"sepkoski",2025-03-03,"cran_downloads",5219
"sepkoski",2025-03-04,"cran_downloads",5229
"sepkoski",2025-03-05,"cran_downloads",5233
"sepkoski",2025-03-06,"cran_downloads",5240
"sepkoski",2025-03-07,"cran_downloads",5244
"sepkoski",2025-03-08,"cran_downloads",5249
"sepkoski",2025-03-09,"cran_downloads",5250
"sepkoski",2025-03-10,"cran_downloads",5253
"sepkoski",2025-03-11,"cran_downloads",5261
"sepkoski",2025-03-12,"cran_downloads",5266
"sepkoski",2025-03-13,"cran_downloads",5280
"sepkoski",2025-03-14,"cran_downloads",5283
"sepkoski",2025-03-15,"cran_downloads",5287
"sepkoski",2025-03-16,"cran_downloads",5291
"sepkoski",2025-03-17,"cran_downloads",5294
"sepkoski",2025-03-18,"cran_downloads",5304
"sepkoski",2025-03-19,"cran_downloads",5311
"sepkoski",2025-03-20,"cran_downloads",5319
"sepkoski",2025-03-21,"cran_downloads",5329
"sepkoski",2025-03-22,"cran_downloads",5334
"sepkoski",2025-03-23,"cran_downloads",5337
"sepkoski",2025-03-24,"cran_downloads",5345
"sepkoski",2025-03-25,"cran_downloads",5347
"sepkoski",2025-03-26,"cran_downloads",5351
"sepkoski",2025-03-27,"cran_downloads",5356
"sepkoski",2025-03-28,"cran_downloads",5363
"sepkoski",2025-03-29,"cran_downloads",5370
"sepkoski",2025-03-30,"cran_downloads",5373
"sepkoski",2025-03-31,"cran_downloads",5376
"sepkoski",2025-04-01,"cran_downloads",5382
"sepkoski",2025-04-02,"cran_downloads",5390
"sepkoski",2025-04-03,"cran_downloads",5393
"sepkoski",2025-04-04,"cran_downloads",5396
"sepkoski",2025-04-05,"cran_downloads",5403
"sepkoski",2025-04-06,"cran_downloads",5414
"sepkoski",2025-04-07,"cran_downloads",5422
"sepkoski",2025-04-08,"cran_downloads",5425
"sepkoski",2025-04-09,"cran_downloads",5432
"sepkoski",2025-04-10,"cran_downloads",5436
"sepkoski",2025-04-11,"cran_downloads",5446
"sepkoski",2025-04-12,"cran_downloads",5467
"sepkoski",2025-04-13,"cran_downloads",5472
"sepkoski",2025-04-14,"cran_downloads",5479
"sepkoski",2025-04-15,"cran_downloads",5497
"sepkoski",2025-04-16,"cran_downloads",5508
"sepkoski",2025-04-17,"cran_downloads",5512
"sepkoski",2025-04-18,"cran_downloads",5526
"sepkoski",2025-04-19,"cran_downloads",5533
"sepkoski",2025-04-20,"cran_downloads",5536
"sepkoski",2025-04-21,"cran_downloads",5543
"sepkoski",2025-04-22,"cran_downloads",5548
"sepkoski",2025-04-23,"cran_downloads",5556
"sepkoski",2025-04-24,"cran_downloads",5563
"sepkoski",2025-04-25,"cran_downloads",5568
"sepkoski",2025-04-26,"cran_downloads",5574
"sepkoski",2025-04-27,"cran_downloads",5583
"sepkoski",2025-04-28,"cran_downloads",5588
"sepkoski",2025-04-29,"cran_downloads",5594
"sepkoski",2025-04-30,"cran_downloads",5598
"sepkoski",2025-05-01,"cran_downloads",5602
"sepkoski",2025-05-02,"cran_downloads",5607
"sepkoski",2025-05-03,"cran_downloads",5614
"sepkoski",2025-05-04,"cran_downloads",5623
"sepkoski",2025-05-05,"cran_downloads",5633
"sepkoski",2025-05-06,"cran_downloads",5638
"sepkoski",2025-05-07,"cran_downloads",5652
"sepkoski",2025-05-08,"cran_downloads",5659
"sepkoski",2025-05-09,"cran_downloads",5668
"sepkoski",2025-05-10,"cran_downloads",5676
"sepkoski",2025-05-11,"cran_downloads",5681
"sepkoski",2025-05-12,"cran_downloads",5688
"sepkoski",2025-05-13,"cran_downloads",5696
"sepkoski",2025-05-14,"cran_downloads",5702
"sepkoski",2025-05-15,"cran_downloads",5707
"sepkoski",2025-05-16,"cran_downloads",5718
"sepkoski",2025-05-17,"cran_downloads",5723
"sepkoski",2025-05-18,"cran_downloads",5730
"sepkoski",2025-05-19,"cran_downloads",5734
"sepkoski",2025-05-20,"cran_downloads",5745
"sepkoski",2025-05-21,"cran_downloads",5751
"sepkoski",2025-05-22,"cran_downloads",5755
"sepkoski",2025-05-23,"cran_downloads",5759
"sepkoski",2025-05-24,"cran_downloads",5768
"sepkoski",2025-05-25,"cran_downloads",5774
"sepkoski",2025-05-26,"cran_downloads",5779
"sepkoski",2025-05-27,"cran_downloads",5782
"sepkoski",2025-05-28,"cran_downloads",5789
"sepkoski",2025-05-29,"cran_downloads",5797
"sepkoski",2025-05-30,"cran_downloads",5802
"sepkoski",2025-05-31,"cran_downloads",5805
"sepkoski",2025-06-01,"cran_downloads",5809
"sepkoski",2025-06-02,"cran_downloads",5810
"sepkoski",2025-06-03,"cran_downloads",5815
"sepkoski",2025-06-04,"cran_downloads",5821
"sepkoski",2025-06-05,"cran_downloads",5833
"sepkoski",2025-06-06,"cran_downloads",5839
"sepkoski",2025-06-07,"cran_downloads",5845
"sepkoski",2025-06-08,"cran_downloads",5853
"sepkoski",2025-06-09,"cran_downloads",5867
"sepkoski",2025-06-10,"cran_downloads",5871
"sepkoski",2025-06-11,"cran_downloads",5879
"sepkoski",2025-06-12,"cran_downloads",5885
"sepkoski",2025-06-13,"cran_downloads",5895
"sepkoski",2025-06-14,"cran_downloads",5906
"sepkoski",2025-06-15,"cran_downloads",5911
"sepkoski",2025-06-16,"cran_downloads",5921
"sepkoski",2025-06-17,"cran_downloads",5940
"sepkoski",2025-06-18,"cran_downloads",5954
"sepkoski",2025-06-19,"cran_downloads",5972
"sepkoski",2025-06-20,"cran_downloads",5981
"sepkoski",2025-06-21,"cran_downloads",5991
"sepkoski",2025-06-22,"cran_downloads",5996
"sepkoski",2025-06-23,"cran_downloads",6005
"sepkoski",2025-06-24,"cran_downloads",6008
"sepkoski",2025-06-25,"cran_downloads",6017
"sepkoski",2025-06-26,"cran_downloads",6023
"sepkoski",2025-06-27,"cran_downloads",6029
"sepkoski",2025-06-28,"cran_downloads",6036
"sepkoski",2025-06-29,"cran_downloads",6039
"sepkoski",2025-06-30,"cran_downloads",6046
"sepkoski",2025-07-01,"cran_downloads",6055
"sepkoski",2025-07-02,"cran_downloads",6066
"sepkoski",2025-07-03,"cran_downloads",6069
"sepkoski",2025-07-04,"cran_downloads",6075
"sepkoski",2025-07-05,"cran_downloads",6094
"sepkoski",2025-07-06,"cran_downloads",6101
"sepkoski",2025-07-07,"cran_downloads",6110
"sepkoski",2025-07-08,"cran_downloads",6122
"sepkoski",2025-07-09,"cran_downloads",6131
"sepkoski",2025-07-10,"cran_downloads",6146
"sepkoski",2025-07-11,"cran_downloads",6156
"sepkoski",2025-07-12,"cran_downloads",6156
"sepkoski",2025-07-13,"cran_downloads",6165
"sepkoski",2025-07-14,"cran_downloads",6173
"sepkoski",2025-07-15,"cran_downloads",6181
"sepkoski",2025-07-16,"cran_downloads",6189
"sepkoski",2025-07-17,"cran_downloads",6199
"sepkoski",2025-07-18,"cran_downloads",6203
"sepkoski",2025-07-19,"cran_downloads",6211
"sepkoski",2025-07-20,"cran_downloads",6216
"sepkoski",2025-07-21,"cran_downloads",6220
"sepkoski",2025-07-22,"cran_downloads",6234
"sepkoski",2025-07-23,"cran_downloads",6236
"sepkoski",2025-07-24,"cran_downloads",6243
"sepkoski",2025-07-25,"cran_downloads",6244
"sepkoski",2025-07-26,"cran_downloads",6253
"sepkoski",2025-07-27,"cran_downloads",6260
"sepkoski",2025-07-28,"cran_downloads",6262
"sepkoski",2025-07-29,"cran_downloads",6266
"sepkoski",2025-07-30,"cran_downloads",6288
"sepkoski",2025-07-31,"cran_downloads",6298
"sepkoski",2025-08-01,"cran_downloads",6306
"sepkoski",2025-08-02,"cran_downloads",6314
"sepkoski",2025-08-03,"cran_downloads",6326
"sepkoski",2025-08-04,"cran_downloads",6338
"sepkoski",2025-08-05,"cran_downloads",6348
"sepkoski",2025-08-06,"cran_downloads",6359
"sepkoski",2025-08-07,"cran_downloads",6374
"sepkoski",2025-08-08,"cran_downloads",6386
"sepkoski",2025-08-09,"cran_downloads",6390
"sepkoski",2025-08-10,"cran_downloads",6395
"sepkoski",2025-08-11,"cran_downloads",6417
"sepkoski",2025-08-12,"cran_downloads",6429
"sepkoski",2025-08-13,"cran_downloads",6437
"sepkoski",2025-08-14,"cran_downloads",6440
"sepkoski",2025-08-15,"cran_downloads",6446
"sepkoski",2025-08-16,"cran_downloads",6447
"sepkoski",2025-08-17,"cran_downloads",6450
"sepkoski",2025-08-18,"cran_downloads",6455
"sepkoski",2025-08-19,"cran_downloads",6465
"sepkoski",2025-08-20,"cran_downloads",6468
"sepkoski",2025-08-21,"cran_downloads",6470
"sepkoski",2025-08-22,"cran_downloads",6476
"sepkoski",2025-08-23,"cran_downloads",6479
"sepkoski",2025-08-24,"cran_downloads",6488
"sepkoski",2025-08-25,"cran_downloads",6488
"sepkoski",2025-08-26,"cran_downloads",6488
"sepkoski",2025-08-27,"cran_downloads",6493
"sepkoski",2025-08-28,"cran_downloads",6498
"sepkoski",2025-08-29,"cran_downloads",6498
"sepkoski",2025-08-30,"cran_downloads",6498
"sepkoski",2025-08-31,"cran_downloads",6498
"sepkoski",2025-09-01,"cran_downloads",6498
"sepkoski",2025-09-02,"cran_downloads",6498
"sepkoski",2025-09-03,"cran_downloads",6505
"sepkoski",2025-09-04,"cran_downloads",6507
"sepkoski",2025-09-05,"cran_downloads",6508
"sepkoski",2025-09-06,"cran_downloads",6516
"sepkoski",2025-09-07,"cran_downloads",6521
"sepkoski",2025-09-08,"cran_downloads",6532
"sepkoski",2025-09-09,"cran_downloads",6542
"sepkoski",2025-09-10,"cran_downloads",6547
"sepkoski",2025-09-11,"cran_downloads",6564
"sepkoski",2025-09-12,"cran_downloads",6569
"sepkoski",2025-09-13,"cran_downloads",6577
"sepkoski",2025-09-14,"cran_downloads",6582
"sepkoski",2025-09-15,"cran_downloads",6592
"sepkoski",2025-09-16,"cran_downloads",6600
"sepkoski",2025-09-17,"cran_downloads",6606
"sepkoski",2025-09-18,"cran_downloads",6621
"sepkoski",2025-09-19,"cran_downloads",6631
"sepkoski",2025-09-20,"cran_downloads",6633
"sepkoski",2025-09-21,"cran_downloads",6640
"sepkoski",2025-09-22,"cran_downloads",6660
"sepkoski",2025-09-23,"cran_downloads",6668
"sepkoski",2025-09-24,"cran_downloads",6675
"sepkoski",2025-09-25,"cran_downloads",6685
"sepkoski",2025-09-26,"cran_downloads",6690
"sepkoski",2025-09-27,"cran_downloads",6696
"sepkoski",2025-09-28,"cran_downloads",6704
"sepkoski",2025-09-29,"cran_downloads",6718
"sepkoski",2025-09-30,"cran_downloads",6723
"sepkoski",2025-10-01,"cran_downloads",6733
"sepkoski",2025-10-02,"cran_downloads",6739
"sepkoski",2025-10-03,"cran_downloads",6749
"sepkoski",2025-10-04,"cran_downloads",6758
"sepkoski",2025-10-05,"cran_downloads",6760
"sepkoski",2025-10-06,"cran_downloads",6770
"sepkoski",2025-10-07,"cran_downloads",6782
"sepkoski",2025-10-08,"cran_downloads",6803
"sepkoski",2025-10-09,"cran_downloads",6817
"sepkoski",2025-10-10,"cran_downloads",6827
"sepkoski",2025-10-11,"cran_downloads",6828
"sepkoski",2025-10-12,"cran_downloads",6831
"sepkoski",2025-10-13,"cran_downloads",6839
"sepkoski",2025-10-14,"cran_downloads",6848
"sepkoski",2025-10-15,"cran_downloads",6853
"sepkoski",2025-10-16,"cran_downloads",6870
"sepkoski",2025-10-17,"cran_downloads",6883
"sepkoski",2025-10-18,"cran_downloads",6891
"sepkoski",2025-10-19,"cran_downloads",6899
"sepkoski",2025-10-20,"cran_downloads",6906
"sepkoski",2025-10-21,"cran_downloads",6912
"sepkoski",2025-10-22,"cran_downloads",6917
"sepkoski",2025-10-23,"cran_downloads",6926
"sepkoski",2025-10-24,"cran_downloads",6934
"sepkoski",2025-10-25,"cran_downloads",6942
"sepkoski",2025-10-26,"cran_downloads",6954
"sepkoski",2025-10-27,"cran_downloads",6963
"sepkoski",2025-10-28,"cran_downloads",6968
"sepkoski",2025-10-29,"cran_downloads",6975
"sepkoski",2025-10-30,"cran_downloads",6982
"sepkoski",2025-10-31,"cran_downloads",6992
"sepkoski",2025-11-01,"cran_downloads",6999
"sepkoski",2025-11-02,"cran_downloads",7001
"sepkoski",2025-11-03,"cran_downloads",7009
"sepkoski",2025-11-04,"cran_downloads",7025
"sepkoski",2025-11-05,"cran_downloads",7031
"sepkoski",2025-11-06,"cran_downloads",7040
"sepkoski",2025-11-07,"cran_downloads",7042
"sepkoski",2025-11-08,"cran_downloads",7042
"sepkoski",2025-11-09,"cran_downloads",7045
"sepkoski",2025-11-10,"cran_downloads",7055
"sepkoski",2025-11-11,"cran_downloads",7075
"sepkoski",2025-11-12,"cran_downloads",7092
"sepkoski",2025-11-13,"cran_downloads",7100
"sepkoski",2025-11-14,"cran_downloads",7102
"sepkoski",2025-11-15,"cran_downloads",7108
"sepkoski",2025-11-16,"cran_downloads",7109
"sepkoski",2025-11-17,"cran_downloads",7111
"sepkoski",2025-11-18,"cran_downloads",7121
"sepkoski",2025-11-19,"cran_downloads",7125
"sepkoski",2025-11-20,"cran_downloads",7125
"sepkoski",2025-11-21,"cran_downloads",7129
"sepkoski",2025-11-22,"cran_downloads",7131
"sepkoski",2025-11-23,"cran_downloads",7134
"sepkoski",2025-11-24,"cran_downloads",7137
"sepkoski",2025-11-25,"cran_downloads",7139
"sepkoski",2025-11-26,"cran_downloads",7142
"sepkoski",2025-11-27,"cran_downloads",7151
"sepkoski",2025-11-28,"cran_downloads",7159
"sepkoski",2025-11-29,"cran_downloads",7159
"sepkoski",2025-11-30,"cran_downloads",7162
"sepkoski",2025-12-01,"cran_downloads",7163
"sepkoski",2025-12-02,"cran_downloads",7168
"sepkoski",2025-12-03,"cran_downloads",7171
"sepkoski",2025-12-04,"cran_downloads",7174
"sepkoski",2025-12-05,"cran_downloads",7182
"sepkoski",2025-12-06,"cran_downloads",7187
"sepkoski",2025-12-07,"cran_downloads",7188
"sepkoski",2025-12-08,"cran_downloads",7190
"sepkoski",2025-12-09,"cran_downloads",7193
"sepkoski",2025-12-10,"cran_downloads",7200
"sepkoski",2025-12-11,"cran_downloads",7205
"sepkoski",2025-12-12,"cran_downloads",7213
"sepkoski",2025-12-13,"cran_downloads",7215
"sepkoski",2025-12-14,"cran_downloads",7218
"sepkoski",2025-12-15,"cran_downloads",7221
"sepkoski",2025-12-16,"cran_downloads",7231
"sepkoski",2025-12-17,"cran_downloads",7234
"sepkoski",2025-12-18,"cran_downloads",7238
"sepkoski",2025-12-19,"cran_downloads",7245
"sepkoski",2025-12-20,"cran_downloads",7247
"sepkoski",2025-12-21,"cran_downloads",7249
"sepkoski",2025-12-22,"cran_downloads",7257
"sepkoski",2025-12-23,"cran_downloads",7263
"sepkoski",2025-12-24,"cran_downloads",7270
"sepkoski",2025-12-25,"cran_downloads",7275
"sepkoski",2025-12-26,"cran_downloads",7277
"sepkoski",2025-12-27,"cran_downloads",7279
"sepkoski",2025-12-28,"cran_downloads",7284
"sepkoski",2025-12-29,"cran_downloads",7293
"sepkoski",2025-12-30,"cran_downloads",7299
"sepkoski",2025-12-31,"cran_downloads",7314
"sepkoski",2026-01-01,"cran_downloads",7322
"sepkoski",2026-01-02,"cran_downloads",7337
"sepkoski",2026-01-03,"cran_downloads",7340
"sepkoski",2026-01-04,"cran_downloads",7340
"sepkoski",2026-01-05,"cran_downloads",7351
"sepkoski",2026-01-06,"cran_downloads",7353
"sepkoski",2026-01-07,"cran_downloads",7357
"sepkoski",2026-01-08,"cran_downloads",7362
"sepkoski",2026-01-09,"cran_downloads",7368
"sepkoski",2026-01-10,"cran_downloads",7369
"sepkoski",2026-01-11,"cran_downloads",7379
"sepkoski",2026-01-12,"cran_downloads",7387
"sepkoski",2026-01-13,"cran_downloads",7392
"sepkoski",2026-01-14,"cran_downloads",7396
"sepkoski",2026-01-15,"cran_downloads",7405
"sepkoski",2026-01-16,"cran_downloads",7415
"sepkoski",2026-01-17,"cran_downloads",7425
"sepkoski",2026-01-18,"cran_downloads",7429
"sepkoski",2026-01-19,"cran_downloads",7436
"sepkoski",2026-01-20,"cran_downloads",7445
"sepkoski",2026-01-21,"cran_downloads",7468
"sepkoski",2026-01-22,"cran_downloads",7472
"sepkoski",2026-01-23,"cran_downloads",7477
"sepkoski",2026-01-24,"cran_downloads",7485
"sepkoski",2026-01-25,"cran_downloads",7487
"sepkoski",2026-01-26,"cran_downloads",7488
"sepkoski",2026-01-27,"cran_downloads",7497
"sepkoski",2026-01-28,"cran_downloads",7499
"sepkoski",2026-01-29,"cran_downloads",7504
"sepkoski",2026-01-30,"cran_downloads",7512
"sepkoski",2026-01-31,"cran_downloads",7516
"sepkoski",2026-02-01,"cran_downloads",7519
"sepkoski",2026-02-02,"cran_downloads",7525
"sepkoski",2026-02-03,"cran_downloads",7527
"sepkoski",2026-02-04,"cran_downloads",7530
"sepkoski",2026-02-05,"cran_downloads",7539
"sepkoski",2026-02-06,"cran_downloads",7543
"sepkoski",2026-02-07,"cran_downloads",7547
"sepkoski",2026-02-08,"cran_downloads",7550
"sepkoski",2026-02-09,"cran_downloads",7556
"sepkoski",2026-02-10,"cran_downloads",7559
"sepkoski",2026-02-11,"cran_downloads",7574
"sepkoski",2026-02-12,"cran_downloads",7597
"sepkoski",2026-02-13,"cran_downloads",7603
"sepkoski",2026-02-14,"cran_downloads",7620
"sepkoski",2026-02-15,"cran_downloads",7631
"sepkoski",2026-02-16,"cran_downloads",7636
"sepkoski",2026-02-17,"cran_downloads",7640
"sepkoski",2026-02-18,"cran_downloads",7645
"sepkoski",2026-02-19,"cran_downloads",7647
"sepkoski",2026-02-20,"cran_downloads",7661
"sepkoski",2026-02-21,"cran_downloads",7668
"sepkoski",2026-02-22,"cran_downloads",7670
"sepkoski",2026-02-23,"cran_downloads",7679
"sepkoski",2026-02-24,"cran_downloads",7689
"sepkoski",2026-02-25,"cran_downloads",7698
"sepkoski",2026-02-26,"cran_downloads",7701
"sepkoski",2026-02-27,"cran_downloads",7717
"sepkoski",2026-02-28,"cran_downloads",7724
"sepkoski",2026-03-01,"cran_downloads",7727
"sepkoski",2026-03-02,"cran_downloads",7738
"sepkoski",2026-03-03,"cran_downloads",7744
"sepkoski",2026-03-04,"cran_downloads",7748
"sepkoski",2026-03-05,"cran_downloads",7755
"sepkoski",2026-03-06,"cran_downloads",7758
"sepkoski",2026-03-07,"cran_downloads",7760
"sepkoski",2026-03-08,"cran_downloads",7767
"sepkoski",2026-03-09,"cran_downloads",7771
"sepkoski",2026-03-10,"cran_downloads",7776
"sepkoski",2026-03-11,"cran_downloads",7783
"sepkoski",2026-03-12,"cran_downloads",7793
"sepkoski",2026-03-13,"cran_downloads",7798
"sepkoski",2026-03-14,"cran_downloads",7816
"sepkoski",2026-03-15,"cran_downloads",7822
"sepkoski",2026-03-16,"cran_downloads",7828
"sepkoski",2026-03-17,"cran_downloads",7839
"sepkoski",2026-03-18,"cran_downloads",7846
"sepkoski",2026-03-19,"cran_downloads",7857
"sepkoski",2026-03-20,"cran_downloads",7865
"sepkoski",2026-03-21,"cran_downloads",7873
"sepkoski",2026-03-22,"cran_downloads",7880
"sepkoski",2026-03-23,"cran_downloads",7905
"sepkoski",2026-03-24,"cran_downloads",7912
"sepkoski",2026-03-25,"cran_downloads",7918
"sepkoski",2026-03-26,"cran_downloads",7925
"sepkoski",2026-03-27,"cran_downloads",7930
"sepkoski",2026-03-28,"cran_downloads",7932
"sepkoski",2026-03-29,"cran_downloads",7937
"sepkoski",2026-03-30,"cran_downloads",7943
"sepkoski",2026-03-31,"cran_downloads",8021
"sepkoski",2026-04-01,"cran_downloads",8029
"sepkoski",2026-04-02,"cran_downloads",8032
"sepkoski",2026-04-03,"cran_downloads",8038
"sepkoski",2026-04-04,"cran_downloads",8043
"sepkoski",2026-04-05,"cran_downloads",8054
"sepkoski",2026-04-06,"cran_downloads",8059
"sepkoski",2026-04-07,"cran_downloads",8065
"sepkoski",2026-04-08,"cran_downloads",8071
"sepkoski",2026-04-09,"cran_downloads",8078
"sepkoski",2026-04-10,"cran_downloads",8079
"sepkoski",2026-04-11,"cran_downloads",8092
"sepkoski",2026-04-12,"cran_downloads",8098
"sepkoski",2026-04-13,"cran_downloads",8107
"sepkoski",2026-04-14,"cran_downloads",8112
"sepkoski",2026-04-15,"cran_downloads",8114
"sepkoski",2026-04-16,"cran_downloads",8118
"sepkoski",2026-04-17,"cran_downloads",8132
"sepkoski",2026-04-18,"cran_downloads",8137
"sepkoski",2026-04-19,"cran_downloads",8140
"sepkoski",2026-04-20,"cran_downloads",8143
"sepkoski",2026-04-21,"cran_downloads",8150
"sepkoski",2026-04-22,"cran_downloads",8154
"sepkoski",2026-04-23,"cran_downloads",8170
"sepkoski",2026-04-24,"cran_downloads",8180
"sepkoski",2026-04-25,"cran_downloads",8199
"sepkoski",2026-04-26,"cran_downloads",8203
"sepkoski",2026-04-27,"cran_downloads",8210
"sepkoski",2026-04-28,"cran_downloads",8222
"sepkoski",2026-04-29,"cran_downloads",8229
"sepkoski",2026-04-30,"cran_downloads",8238
"sepkoski",2026-05-01,"cran_downloads",8248
"sepkoski",2026-05-02,"cran_downloads",8252
"sepkoski",2026-05-03,"cran_downloads",8261
"sepkoski",2026-05-04,"cran_downloads",8274
"sepkoski",2026-05-05,"cran_downloads",8284
"sepkoski",2026-05-06,"cran_downloads",8287
"sepkoski",2026-05-07,"cran_downloads",8294
"sepkoski",2026-05-08,"cran_downloads",8303
"sepkoski",2026-05-09,"cran_downloads",8305
"sepkoski",2026-05-10,"cran_downloads",8312
"sepkoski",2026-05-11,"cran_downloads",8316
"sepkoski",2026-05-12,"cran_downloads",8320
"sepkoski",2026-05-13,"cran_downloads",8324
"sepkoski",2026-05-14,"cran_downloads",8329
"sepkoski",2026-05-15,"cran_downloads",8339
"sepkoski",2026-05-16,"cran_downloads",8342
"sepkoski",2026-05-17,"cran_downloads",8348
"sepkoski",2026-05-18,"cran_downloads",8356
"sepkoski",2026-05-19,"cran_downloads",8364
"sepkoski",2026-05-20,"cran_downloads",8374
"sepkoski",2026-05-21,"cran_downloads",8379
"sepkoski",2026-05-22,"cran_downloads",8381
"sepkoski",2026-05-23,"cran_downloads",8384
"sepkoski",2026-05-24,"cran_downloads",8384
"sepkoski",2026-05-25,"cran_downloads",8389
"sepkoski",2026-05-26,"cran_downloads",8394
"sepkoski",2026-05-27,"cran_downloads",8400
"sepkoski",2026-05-28,"cran_downloads",8411
"sepkoski",2026-05-29,"cran_downloads",8419
"sepkoski",2026-05-30,"cran_downloads",8425
"sepkoski",2026-05-31,"cran_downloads",8431
"sepkoski",2026-06-01,"cran_downloads",8434
"sepkoski",2026-06-02,"cran_downloads",8440
"sepkoski",2026-06-03,"cran_downloads",8451
"sepkoski",2026-06-04,"cran_downloads",8454
"sepkoski",2026-06-05,"cran_downloads",8456
"sepkoski",2026-06-06,"cran_downloads",8462
"sepkoski",2026-06-07,"cran_downloads",8470
"sepkoski",2026-06-08,"cran_downloads",8495
"sepkoski",2026-06-09,"cran_downloads",8506
"sepkoski",2026-06-10,"cran_downloads",8514
"sepkoski",2026-06-11,"cran_downloads",8519
"sepkoski",2026-06-12,"cran_downloads",8525
"sepkoski",2026-06-13,"cran_downloads",8530
"sepkoski",2026-06-14,"cran_downloads",8550
"sepkoski",2026-06-15,"cran_downloads",8556
"sepkoski",2026-06-16,"cran_downloads",8566
"sepkoski",2026-06-17,"cran_downloads",8576
"sepkoski",2026-06-18,"cran_downloads",8601
"sepkoski",2026-06-19,"cran_downloads",8617
"sepkoski",2026-06-20,"cran_downloads",8634
"sepkoski",2026-06-21,"cran_downloads",8638
"sepkoski",2026-06-22,"cran_downloads",8644
"sepkoski",2026-06-23,"cran_downloads",8647
"sepkoski",2026-06-24,"cran_downloads",8649
"sepkoski",2026-06-25,"cran_downloads",8653
"sepkoski",2026-06-26,"cran_downloads",8661
"sepkoski",2026-06-27,"cran_downloads",8666
"sepkoski",2026-06-28,"cran_downloads",8675
"sepkoski",2026-06-29,"cran_downloads",8685
"sepkoski",2026-06-30,"cran_downloads",8689
"sepkoski",2026-07-01,"cran_downloads",8715
"sepkoski",2026-07-02,"cran_downloads",8722
"sepkoski",2026-07-03,"cran_downloads",8734
"sepkoski",2026-07-04,"cran_downloads",8737
"sepkoski",2026-07-05,"cran_downloads",8742
"sepkoski",2026-07-06,"cran_downloads",8752
"sepkoski",2026-07-07,"cran_downloads",8758
"sepkoski",2026-07-08,"cran_downloads",8762
"sepkoski",2026-07-09,"cran_downloads",8768
"sepkoski",2026-07-10,"cran_downloads",8775
"sepkoski",2026-07-11,"cran_downloads",8777
"sepkoski",2026-07-12,"cran_downloads",8781
"sepkoski",2026-07-13,"cran_downloads",8787
"sepkoski",2026-07-14,"cran_downloads",8792
"sepkoski",2026-07-15,"cran_downloads",8800
"sepkoski",2026-07-16,"cran_downloads",8813
"sepkoski",2026-07-17,"cran_downloads",8816
"sepkoski",2026-07-18,"cran_downloads",8817
"sepkoski",2026-07-19,"cran_downloads",8819
"sepkoski",2026-07-20,"cran_downloads",8823
"sepkoski",2026-07-21,"cran_downloads",8826
"sepkoski",2026-07-22,"cran_downloads",8841
"sepkoski",2026-07-23,"cran_downloads",8842
"sepkoski",2026-07-24,"cran_downloads",8871
"sepkoski",2026-07-25,"cran_downloads",8874
"sepkoski",2026-07-26,"cran_downloads",8894
"sepkoski",2026-07-27,"cran_downloads",8896
"sepkoski",2026-07-28,"cran_downloads",8899
"sepkoski",2026-07-29,"cran_downloads",8906
"sepkoski",2026-07-30,"cran_downloads",8906
"sepkoski",2026-07-31,"cran_downloads",8909
"sepkoski",2026-08-01,"cran_downloads",8910
"sepkoski",2026-08-02,"cran_downloads",8913
"sepkoski",2026-08-03,"cran_downloads",8914
"sepkoski",2026-08-04,"cran_downloads",8916
"sepkoski",2026-08-05,"cran_downloads",8919
"sepkoski",2026-08-06,"cran_downloads",8922
"sepkoski",2026-08-07,"cran_downloads",8928
"sepkoski",2026-08-08,"cran_downloads",8941
"sepkoski",2026-08-09,"cran_downloads",8953
"sepkoski",2026-08-10,"cran_downloads",8965
"sepkoski",2026-08-11,"cran_downloads",8975
"sepkoski",2026-08-12,"cran_downloads",8977
"sepkoski",2026-08-13,"cran_downloads",8979
"sepkoski",2026-08-14,"cran_downloads",8982
"sepkoski",2026-08-15,"cran_downloads",8988
"sepkoski",2026-08-16,"cran_downloads",8991
"sepkoski",2026-08-17,"cran_downloads",8996
"sepkoski",2026-08-18,"cran_downloads",9013
"sepkoski",2026-08-19,"cran_downloads",9019
"sepkoski",2026-08-20,"cran_downloads",9028
"sepkoski",2026-08-21,"cran_downloads",9051
"sepkoski",2026-08-22,"cran_downloads",9054
"sepkoski",2026-08-23,"cran_downloads",9057
"sepkoski",2026-08-24,"cran_downloads",9071
"sepkoski",2026-08-25,"cran_downloads",9075
"sepkoski",2026-08-26,"cran_downloads",9084
"sepkoski",2026-08-27,"cran_downloads",9090
"sepkoski",2026-08-28,"cran_downloads",9098
"sepkoski",2026-08-29,"cran_downloads",9107
"sepkoski",2026-08-30,"cran_downloads",9113
"sepkoski",2026-08-31,"cran_downloads",9123
"sepkoski",2026-09-01,"cran_downloads",9149
"sepkoski",2026-09-02,"cran_downloads",9153
"sepkoski",2026-09-03,"cran_downloads",9153
"sepkoski",2026-09-04,"cran_downloads",9153
"sepkoski",2026-09-05,"cran_downloads",9153
"sepkoski",2022-11-23,"cran_releases",1
"sepkoski",2025-02-24,"forks",1
"sepkoski",2024-08-20,"github_stars",1
"sepkoski",2025-02-24,"github_stars",2
"sepkoski",2023-06-27,"issues",1
"sepkoski",2025-11-17,"issues",2
"sepkoski",2026-01-15,"issues",3
"sepkoski",2022-11-10,"lines_of_code",0
"sepkoski",2022-11-11,"lines_of_code",59
"sepkoski",2022-11-17,"lines_of_code",264
"sepkoski",2022-11-19,"lines_of_code",323
"sepkoski",2022-11-20,"lines_of_code",323
"sepkoski",2022-11-21,"lines_of_code",324
"sepkoski",2022-11-22,"lines_of_code",324
"sepkoski",2022-11-23,"lines_of_code",324
"sepkoski",2022-12-07,"lines_of_code",324
"sepkoski",2023-01-12,"lines_of_code",324
"sepkoski",2023-07-01,"lines_of_code",324
"sepkoski",2024-07-24,"lines_of_code",324
"sepkoski",2024-09-29,"lines_of_code",401
"sepkoski",2026-07-21,"lines_of_code",401
"sepkoski",2022-11-10,"mean_cyclomatic_complexity",NA
"sepkoski",2022-11-11,"mean_cyclomatic_complexity",NA
"sepkoski",2022-11-17,"mean_cyclomatic_complexity",7
"sepkoski",2022-11-19,"mean_cyclomatic_complexity",19
"sepkoski",2022-11-20,"mean_cyclomatic_complexity",19
"sepkoski",2022-11-21,"mean_cyclomatic_complexity",19
"sepkoski",2022-11-22,"mean_cyclomatic_complexity",19
"sepkoski",2022-11-23,"mean_cyclomatic_complexity",19
"sepkoski",2022-12-07,"mean_cyclomatic_complexity",19
"sepkoski",2023-01-12,"mean_cyclomatic_complexity",19
"sepkoski",2023-07-01,"mean_cyclomatic_complexity",19
"sepkoski",2024-07-24,"mean_cyclomatic_complexity",19
"sepkoski",2024-09-29,"mean_cyclomatic_complexity",9
"sepkoski",2026-07-21,"mean_cyclomatic_complexity",9
"sepkoski",2024-09-29,"merged_pull_requests",1
"sepkoski",2026-07-21,"merged_pull_requests",3
"sepkoski",2023-06-27,"open_issues",1
"sepkoski",2024-09-29,"open_issues",0
"sepkoski",2025-11-17,"open_issues",1
"sepkoski",2026-01-15,"open_issues",2
"sepkoski",2024-09-29,"open_pull_requests",0
"sepkoski",2026-06-30,"open_pull_requests",1
"sepkoski",2026-07-20,"open_pull_requests",2
"sepkoski",2026-07-21,"open_pull_requests",0
"sepkoski",2024-09-29,"pull_requests",1
"sepkoski",2026-06-30,"pull_requests",2
"sepkoski",2026-07-20,"pull_requests",3
"sepkoski",2022-12-01,"reverse_dependencies",0
"sepkoski",2023-01-01,"reverse_dependencies",0
"sepkoski",2023-02-01,"reverse_dependencies",0
"sepkoski",2023-03-01,"reverse_dependencies",0
"sepkoski",2023-04-01,"reverse_dependencies",0
"sepkoski",2023-05-01,"reverse_dependencies",0
"sepkoski",2023-06-01,"reverse_dependencies",0
"sepkoski",2023-07-01,"reverse_dependencies",0
"sepkoski",2023-08-01,"reverse_dependencies",0
"sepkoski",2023-09-01,"reverse_dependencies",0
"sepkoski",2023-10-01,"reverse_dependencies",0
"sepkoski",2023-11-01,"reverse_dependencies",0
"sepkoski",2023-12-01,"reverse_dependencies",0
"sepkoski",2024-01-01,"reverse_dependencies",0
"sepkoski",2024-02-01,"reverse_dependencies",0
"sepkoski",2024-03-01,"reverse_dependencies",0
"sepkoski",2024-04-01,"reverse_dependencies",0
"sepkoski",2024-05-01,"reverse_dependencies",0
"sepkoski",2024-06-01,"reverse_dependencies",0
"sepkoski",2024-07-01,"reverse_dependencies",0
"sepkoski",2024-08-01,"reverse_dependencies",0
"sepkoski",2024-09-01,"reverse_dependencies",0
"sepkoski",2024-10-01,"reverse_dependencies",0
"sepkoski",2024-11-01,"reverse_dependencies",0
"sepkoski",2024-12-01,"reverse_dependencies",0
"sepkoski",2025-01-01,"reverse_dependencies",0
"sepkoski",2025-02-01,"reverse_dependencies",0
"sepkoski",2025-03-01,"reverse_dependencies",0
"sepkoski",2025-04-01,"reverse_dependencies",0
"sepkoski",2025-05-01,"reverse_dependencies",0
"sepkoski",2025-06-01,"reverse_dependencies",0
"sepkoski",2025-07-01,"reverse_dependencies",0
"sepkoski",2025-08-01,"reverse_dependencies",0
"sepkoski",2025-09-01,"reverse_dependencies",0
"sepkoski",2025-10-01,"reverse_dependencies",0
"sepkoski",2025-11-01,"reverse_dependencies",0
"sepkoski",2025-12-01,"reverse_dependencies",0
"sepkoski",2026-01-01,"reverse_dependencies",0
"sepkoski",2026-02-01,"reverse_dependencies",0
"sepkoski",2026-03-01,"reverse_dependencies",0
"sepkoski",2026-04-01,"reverse_dependencies",0
"sepkoski",2026-05-01,"reverse_dependencies",0
"sepkoski",2026-06-01,"reverse_dependencies",0
"sepkoski",2026-07-01,"reverse_dependencies",0
"sepkoski",2026-08-01,"reverse_dependencies",0
"sepkoski",2026-09-01,"reverse_dependencies",0
